make,model,version,gear_type,fuel_type,power,kms,registration,price,is_prediction,rep_id
425,694,3458,3,1,128,17222,2014-06-01,12599,False,1
670,1127,6159,3,1,150,78068,2018-07-01,17299,False,1
190,277,1551,3,1,100,94982,2016-10-01,9399,False,1
790,1235,6913,3,2,116,7628,2025-03-01,22999,False,1
830,1320,7273,1,2,83,30872,2023-09-01,16999,False,1
550,839,4055,3,2,186,19223,2023-09-01,25999,False,1
590,962,5192,3,2,117,74638,2018-11-01,14699,False,1
60,101,600,2,1,150,101919,2022-08-01,29299,False,1
190,284,1611,1,1,180,157941,2019-11-01,15599,False,1
570,876,4289,1,1,150,71180,2020-07-01,24899,False,1
670,1126,6138,1,2,110,98054,2018-10-01,11899,False,1
670,1106,5981,3,1,100,75623,2016-06-01,10299,False,1
550,853,4130,3,2,186,35005,2022-05-01,23999,False,1
670,1111,6015,3,1,130,40076,2019-12-01,13599,False,1
345,626,3123,1,3,265,33086,2024-04-01,32299,False,1
285,525,2677,3,2,155,121293,2020-04-01,15999,False,1
190,275,1529,1,1,130,72522,2020-11-01,15299,False,1
345,615,3076,1,3,141,66525,2021-05-01,19399,False,1
20,2,3,3,2,145,38445,2018-03-01,15999,False,1
425,727,3590,3,2,85,21155,2018-10-01,13199,False,1
720,1175,6456,3,2,91,6970,2025-10-01,16999,False,1
130,176,1161,1,3,292,121856,2021-08-01,27999,False,1
285,536,2760,3,2,100,65739,2019-10-01,14799,False,1
194,350,1916,3,2,110,11861,2024-07-01,18399,False,1
280,454,2177,3,1,120,71701,2018-08-01,12499,False,1
194,341,1842,3,1,95,107370,2019-09-01,13799,False,1
380,659,3272,1,1,180,64131,2018-08-01,16299,False,1
345,615,3076,1,3,141,81659,2021-06-01,18299,False,1
190,277,1548,1,2,110,87434,2018-06-01,10999,False,1
670,1126,6138,1,2,110,38474,2018-07-01,11799,False,1
670,1106,5981,3,1,100,108200,2017-03-01,9999,False,1
670,1126,6137,1,2,136,22630,2025-03-01,23999,False,1
285,536,2760,3,2,100,101231,2019-04-01,12999,False,1
280,448,2140,1,2,70,85727,2017-04-01,10599,False,1
905,1478,8107,1,2,150,118025,2018-02-01,20999,False,1
860,1392,7570,1,3,220,25844,2020-12-01,33299,False,1
905,1444,7906,3,2,110,49252,2015-05-01,12899,False,1
550,850,4119,3,2,165,32757,2023-06-01,29299,False,1
60,78,266,1,1,115,73186,2018-02-01,16999,False,1
425,725,3571,1,3,239,2952,2025-10-01,35499,False,1
194,350,1916,3,2,91,27962,2021-12-01,13599,False,1
670,1138,6242,3,1,131,72459,2020-01-01,16899,False,1
190,286,1620,1,2,181,6098,2022-12-01,24099,False,1
345,615,3073,3,2,120,124707,2018-04-01,12499,False,1
130,161,967,1,1,190,148472,2016-07-01,16999,False,1
190,267,1465,3,1,102,101301,2019-09-01,15599,False,1
550,850,4118,1,2,165,35158,2022-05-01,29599,False,1
60,80,287,1,2,180,93807,2015-03-01,16399,False,1
720,1206,6747,3,2,90,14475,2019-03-01,11499,False,1
830,1329,7300,3,2,95,79854,2015-06-01,9399,False,1
285,509,2509,3,2,140,95533,2019-04-01,11699,False,1
790,1233,6869,3,2,115,63946,2017-09-01,13299,False,1
425,708,3494,1,3,141,8333,2023-11-01,25499,False,1
425,718,3536,3,2,85,29471,2020-07-01,13699,False,1
345,604,3016,3,2,100,155804,2014-01-01,8899,False,1
130,159,876,1,1,150,127136,2015-10-01,16299,False,1
670,1126,6138,1,2,131,75242,2021-06-01,15999,False,1
130,174,1103,1,1,150,101480,2019-09-01,21899,False,1
860,1397,7593,1,3,101,132987,2019-10-01,13699,False,1
280,479,2320,3,1,95,89497,2017-12-01,11899,False,1
670,1127,6148,3,2,130,65309,2019-11-01,13999,False,1
285,525,2677,3,2,125,14920,2023-11-01,19299,False,1
790,1224,6818,1,1,177,68917,2020-12-01,30599,False,1
720,1183,6547,3,2,140,46569,2018-11-01,15799,False,1
720,1198,6680,1,3,200,45199,2024-07-01,35299,False,1
390,679,3399,1,2,150,20299,2022-05-01,19499,False,1
60,83,328,1,2,150,110070,2016-06-01,16999,False,1
905,1444,7906,3,2,90,11948,2014-03-01,11899,False,1
790,1240,6942,1,1,150,62389,2022-04-01,32899,False,1
670,1106,5975,3,2,82,56734,2016-03-01,8099,False,1
670,1106,5975,3,2,82,57606,2019-04-01,10099,False,1
670,1106,5975,3,2,110,110356,2016-10-01,8099,False,1
720,1174,6441,3,2,91,22372,2021-03-01,16999,False,1
189,324,1797,1,2,150,46229,2022-07-01,26499,False,1
860,1362,7442,1,3,184,69710,2021-04-01,25299,False,1
425,727,3589,1,2,101,16460,2025-04-01,22399,False,1
670,1111,6012,1,2,131,40764,2020-01-01,12999,False,1
190,277,1548,3,2,82,136061,2016-12-01,7999,False,1
487,776,3884,1,3,136,91417,2015-01-01,15699,False,1
345,604,3015,3,2,120,114536,2022-08-01,15599,False,1
670,1138,6242,3,1,131,82401,2018-10-01,17399,False,1
189,324,1797,3,2,150,31495,2024-04-01,27799,False,1
670,1126,6138,1,2,130,31906,2020-12-01,17799,False,1
790,1243,6958,3,1,105,139111,2015-05-01,8999,False,1
60,87,441,1,1,150,146757,2014-01-01,16999,False,1
194,345,1879,3,1,116,44412,2022-04-01,17999,False,1
860,1392,7570,1,3,222,69261,2019-06-01,30999,False,1
345,601,2996,1,2,87,111221,2018-05-01,9799,False,1
905,1444,7906,3,2,90,58784,2014-09-01,11699,False,1
720,1183,6548,3,1,116,77425,2019-06-01,15999,False,1
340,562,2871,3,1,120,158503,2016-07-01,13699,False,1
425,727,3588,3,2,101,37672,2022-07-01,17299,False,1
285,505,2483,3,2,125,35145,2022-05-01,15899,False,1
425,711,3506,1,2,67,5386,2024-05-01,15899,False,1
580,956,5150,3,1,110,112281,2015-11-01,12999,False,1
670,1106,5981,3,1,100,93674,2017-06-01,10299,False,1
225,1010,5407,3,2,80,52933,2014-12-01,8999,False,1
190,277,1548,3,2,82,81877,2017-02-01,8499,False,1
190,271,1496,3,2,82,39618,2019-06-01,9599,False,1
130,159,887,1,1,190,149810,2016-09-01,18499,False,1
40,43,151,3,1,120,64761,2017-09-01,12499,False,1
194,350,1916,1,2,90,19739,2024-05-01,17499,False,1
425,692,3436,3,2,135,142924,2018-03-01,10399,False,1
670,1126,6138,3,2,101,53333,2020-10-01,14199,False,1
670,1138,6241,3,2,110,128119,2018-12-01,13999,False,1
390,675,3366,1,2,131,17076,2023-07-01,23699,False,1
225,1010,5406,3,2,101,53572,2019-05-01,12199,False,1
285,505,2484,3,1,90,84722,2015-07-01,9699,False,1
790,1227,6834,3,2,116,82602,2019-10-01,15199,False,1
730,764,3753,1,1,150,154028,2017-01-01,14999,False,1
570,898,4641,1,1,170,126513,2015-04-01,20999,False,1
670,1127,6159,1,1,180,66911,2020-03-01,21399,False,1
285,505,2483,3,2,125,75604,2018-09-01,11699,False,1
580,958,5166,1,2,136,43242,2022-06-01,22499,False,1
910,1516,8474,1,2,163,10365,2023-07-01,31599,False,1
800,1257,7024,1,1,150,113430,2020-09-01,20099,False,1
425,727,3589,3,2,101,27023,2021-12-01,16899,False,1
345,615,3073,3,2,120,120259,2019-07-01,12999,False,1
425,718,3536,3,2,85,42355,2019-04-01,12299,False,1
280,479,2315,3,2,70,103334,2018-12-01,7999,False,1
130,175,1128,1,2,192,39734,2018-05-01,27999,False,1
190,277,1551,3,1,100,55310,2018-04-01,11899,False,1
570,881,4393,1,1,177,128733,2017-06-01,24199,False,1
285,509,2509,3,2,100,48826,2017-02-01,10599,False,1
910,1508,8346,3,1,120,113653,2016-11-01,13999,False,1
800,1256,7019,3,2,150,13212,2023-08-01,21999,False,1
650,1080,5789,1,2,152,88034,2017-03-01,14899,False,1
860,1397,7592,3,2,125,46460,2021-05-01,16099,False,1
910,1516,8474,1,2,163,24589,2023-10-01,32499,False,1
345,626,3117,3,2,132,96303,2016-08-01,14399,False,1
285,520,2630,3,2,160,82117,2017-10-01,13999,False,1
130,176,1152,1,1,190,118546,2019-12-01,28199,False,1
285,509,2509,1,2,100,102142,2016-04-01,10199,False,1
720,1175,6456,3,2,101,63528,2020-10-01,13999,False,1
670,1126,6138,3,2,110,64857,2017-04-01,9999,False,1
730,765,3776,1,1,150,129433,2018-02-01,13799,False,1
130,157,807,1,1,190,72433,2021-03-01,27099,False,1
40,42,145,1,2,200,83071,2018-10-01,23799,False,1
380,659,3272,3,1,180,88957,2016-09-01,15999,False,1
425,718,3534,3,2,100,63199,2022-11-01,16099,False,1
60,101,595,3,2,150,55854,2018-06-01,21699,False,1
650,1065,5660,3,2,90,49321,2016-11-01,9599,False,1
345,613,3066,3,1,115,85541,2015-04-01,12999,False,1
650,1063,5648,3,1,102,109099,2020-04-01,15499,False,1
590,969,5228,1,2,163,63136,2021-04-01,20499,False,1
280,493,2409,3,2,95,59627,2019-12-01,10999,False,1
790,1235,6903,3,2,110,47121,2017-10-01,14599,False,1
190,275,1525,3,2,110,157711,2015-04-01,7299,False,1
190,271,1496,1,2,110,94839,2022-08-01,12199,False,1
720,1183,6548,1,1,115,55839,2021-09-01,18999,False,1
860,1362,7441,1,3,122,106834,2021-06-01,21499,False,1
425,725,3577,3,1,115,79521,2015-06-01,13899,False,1
345,604,3016,3,2,100,115757,2016-04-01,9899,False,1
425,694,3450,3,2,120,48267,2023-06-01,16999,False,1
860,1355,7407,1,3,136,111984,2017-08-01,15199,False,1
905,1440,7877,1,2,280,81079,2016-06-01,23599,False,1
487,784,3913,1,3,197,145399,2019-10-01,26599,False,1
130,178,1195,1,1,258,153507,2017-11-01,28999,False,1
650,1066,5677,3,2,130,130792,2019-07-01,9499,False,1
570,881,4393,1,1,190,40258,2021-12-01,33699,False,1
670,1130,6180,1,1,180,96030,2018-09-01,20799,False,1
860,1395,7580,3,2,132,62235,2016-09-01,14799,False,1
285,509,2527,3,2,82,57258,2015-09-01,8899,False,1
425,727,3588,3,2,101,56882,2019-03-01,13999,False,1
345,626,3119,3,1,136,59659,2021-11-01,21999,False,1
194,350,1912,3,2,90,51735,2014-01-01,7999,False,1
60,78,272,1,2,200,48329,2019-10-01,23499,False,1
235,417,2077,1,3,299,96084,2020-07-01,22799,False,1
860,1398,7599,1,3,120,66226,2022-06-01,23299,False,1
190,271,1496,3,2,82,16259,2023-07-01,13199,False,1
590,984,5319,3,2,71,7578,2023-01-01,13999,False,1
550,853,4130,3,2,186,24943,2023-07-01,26799,False,1
790,1240,6942,1,1,200,88267,2021-05-01,31999,False,1
194,345,1878,3,2,131,134237,2020-02-01,12999,False,1
580,953,5129,1,2,135,45739,2022-12-01,24799,False,1
190,271,1496,3,2,82,65510,2017-05-01,8199,False,1
580,956,5150,1,1,150,87221,2018-07-01,18899,False,1
580,954,5143,3,1,115,126404,2016-11-01,11999,False,1
280,448,2139,3,2,69,28279,2023-06-01,12499,False,1
194,343,1871,3,2,114,66162,2019-07-01,14499,False,1
190,284,1608,1,3,224,66679,2021-08-01,18899,False,1
280,448,2140,1,2,70,109088,2017-05-01,9399,False,1
190,277,1551,3,1,100,72445,2018-02-01,11699,False,1
345,601,2991,1,2,67,25473,2023-09-01,14999,False,1
425,725,3574,1,3,215,19791,2025-01-01,35299,False,1
235,417,2078,1,2,181,77765,2020-02-01,21099,False,1
670,1127,6148,3,2,130,133864,2017-07-01,10499,False,1
670,1127,6149,3,1,130,86230,2019-04-01,13699,False,1
670,1126,6142,3,1,100,73631,2018-06-01,11499,False,1
194,350,1916,3,2,91,8624,2023-03-01,13999,False,1
285,509,2509,3,2,95,65559,2020-02-01,13299,False,1
60,83,352,3,2,150,58785,2021-01-01,22799,False,1
130,157,804,1,1,150,72287,2023-12-01,27999,False,1
590,969,5230,1,3,188,39049,2022-10-01,20699,False,1
790,1235,6903,3,2,110,148156,2018-08-01,11999,False,1
830,1320,7273,3,2,83,27756,2024-06-01,16699,False,1
670,1126,6140,1,1,131,94913,2020-06-01,15399,False,1
340,574,2924,1,3,109,53871,2021-10-01,19499,False,1
190,278,1562,1,1,150,124718,2014-03-01,12199,False,1
670,1126,6138,1,2,110,120476,2019-06-01,10999,False,1
225,1029,5477,1,1,130,108052,2014-04-01,12999,False,1
487,784,3913,1,3,197,90284,2018-06-01,25999,False,1
905,1425,7760,3,1,105,155759,2014-07-01,11499,False,1
340,564,2893,1,3,184,138003,2019-06-01,22999,False,1
194,350,1912,3,2,90,13112,2019-04-01,12699,False,1
860,1362,7442,1,3,184,55995,2021-11-01,25599,False,1
790,1233,6869,3,2,95,68296,2018-06-01,12899,False,1
800,1257,7022,1,2,150,49253,2023-04-01,28499,False,1
345,604,3016,3,2,100,135447,2014-04-01,8799,False,1
345,613,3065,3,2,135,124588,2015-07-01,11999,False,1
130,159,875,1,1,150,117428,2016-02-01,17799,False,1
670,1111,6012,3,2,130,83110,2018-08-01,10199,False,1
190,275,1531,3,1,100,85541,2018-08-01,10199,False,1
280,454,2173,1,2,140,71265,2017-07-01,12299,False,1
790,1233,6865,3,2,80,40968,2019-11-01,11799,False,1
670,1130,6171,3,2,130,115948,2018-11-01,15599,False,1
670,1106,5975,3,2,82,52368,2018-04-01,8399,False,1
860,1392,7570,1,3,197,86850,2018-01-01,24099,False,1
720,1175,6453,3,2,90,67802,2016-03-01,10399,False,1
860,1398,7599,1,3,116,49022,2022-09-01,24299,False,1
860,1366,7470,1,3,122,91414,2019-10-01,18499,False,1
345,626,3117,3,2,132,103978,2016-08-01,13999,False,1
60,109,671,1,1,272,147531,2015-11-01,29699,False,1
580,956,5154,1,3,225,90343,2018-06-01,19599,False,1
650,1066,5677,3,2,130,106187,2018-02-01,9999,False,1
720,1172,6433,1,3,200,11348,2024-12-01,30999,False,1
650,1073,5728,1,2,165,33574,2018-05-01,17199,False,1
650,1096,5925,3,1,130,111910,2014-01-01,10599,False,1
487,785,3919,1,3,223,138732,2018-07-01,27999,False,1
190,272,1512,3,1,102,30869,2019-05-01,12299,False,1
650,1065,5660,1,2,90,57283,2016-06-01,9999,False,1
345,601,2991,3,2,67,37545,2022-06-01,12399,False,1
670,1127,6149,3,1,130,128178,2019-07-01,13199,False,1
225,1029,5472,3,2,140,22849,2024-01-01,23899,False,1
670,1101,5942,3,2,72,109253,2019-04-01,8099,False,1
345,604,3016,3,2,100,54764,2015-06-01,10799,False,1
345,608,3044,1,3,141,122422,2021-06-01,15999,False,1
190,280,1569,3,2,110,81666,2016-06-01,8999,False,1
60,75,247,3,2,95,84866,2015-09-01,13499,False,1
487,789,3937,1,3,184,37511,2023-09-01,29499,False,1
345,626,3117,3,2,132,30939,2019-05-01,18299,False,1
190,269,1484,3,2,72,15238,2022-02-01,10999,False,1
670,1138,6242,1,1,131,46893,2019-01-01,22699,False,1
425,718,3533,3,2,100,53440,2018-06-01,12299,False,1
670,1127,6151,1,1,120,159348,2018-04-01,14299,False,1
190,267,1465,3,1,131,77415,2018-11-01,17999,False,1
560,1272,7114,1,2,90,72335,2017-03-01,12299,False,1
868,932,5056,3,2,111,31184,2023-07-01,15699,False,1
570,872,4239,1,3,218,28957,2022-11-01,29999,False,1
345,621,3100,1,1,200,118067,2020-12-01,25899,False,1
425,694,3458,3,1,135,100021,2016-10-01,11399,False,1
910,1511,8389,1,1,150,125179,2018-03-01,17199,False,1
670,1106,5975,3,2,82,103303,2017-06-01,7599,False,1
670,1127,6149,1,1,131,58885,2022-02-01,21799,False,1
720,1191,6633,3,1,110,66770,2016-11-01,13699,False,1
345,604,3031,3,2,275,83678,2020-07-01,27299,False,1
720,1204,6726,1,1,160,99458,2018-12-01,17099,False,1
650,1069,5701,1,3,300,109710,2020-01-01,16499,False,1
720,1183,6548,3,1,116,107831,2019-03-01,15499,False,1
650,1065,5656,1,2,101,58642,2021-05-01,12899,False,1
720,1191,6633,3,1,110,96323,2018-07-01,13299,False,1
570,876,4289,1,1,135,105959,2016-08-01,17799,False,1
570,900,4663,1,1,163,88709,2020-02-01,35999,False,1
670,1106,5975,3,2,75,45962,2020-07-01,10499,False,1
285,510,2529,1,2,125,76366,2019-12-01,15499,False,1
130,159,875,1,1,150,95307,2019-06-01,21599,False,1
425,729,3599,3,2,140,68135,2020-06-01,17799,False,1
235,417,2077,1,3,224,114028,2020-12-01,19199,False,1
790,1235,6924,1,1,150,126795,2017-03-01,16499,False,1
800,1252,6998,3,2,95,34837,2021-02-01,14099,False,1
650,1080,5795,1,1,135,90167,2018-12-01,14999,False,1
720,1175,6461,1,2,120,30741,2015-12-01,12199,False,1
830,1330,7309,3,2,110,104138,2018-06-01,12999,False,1
790,1235,6914,3,2,131,43028,2022-06-01,19099,False,1
650,1080,5790,3,2,140,69857,2017-06-01,11499,False,1
345,602,3000,3,2,101,23449,2020-07-01,13999,False,1
550,849,4116,1,2,121,91795,2018-11-01,16899,False,1
225,1005,5387,3,2,95,93224,2016-03-01,9699,False,1
190,278,1554,3,2,130,99670,2018-03-01,11499,False,1
130,160,938,1,1,190,151883,2021-04-01,32199,False,1
860,1397,7593,1,3,101,112057,2014-10-01,12799,False,1
720,1191,6633,1,1,110,126628,2017-12-01,12999,False,1
580,958,5170,3,2,178,45617,2021-10-01,21499,False,1
580,958,5166,1,2,136,31562,2022-01-01,23299,False,1
570,876,4287,1,2,163,67042,2019-01-01,22399,False,1
860,1397,7592,3,2,125,16045,2024-09-01,19199,False,1
285,510,2529,1,2,125,8034,2022-05-01,20999,False,1
800,1258,7028,1,2,150,64109,2020-10-01,26999,False,1
650,1065,5659,3,1,95,113982,2016-03-01,8299,False,1
130,159,878,1,2,135,25453,2018-05-01,22699,False,1
190,279,1564,3,2,131,125845,2019-05-01,11599,False,1
580,958,5166,1,2,135,40440,2022-06-01,21499,False,1
190,272,1510,3,2,110,61281,2021-07-01,12199,False,1
190,284,1609,1,3,224,31582,2023-05-01,22999,False,1
280,448,2140,3,2,70,93487,2018-05-01,9399,False,1
487,789,3937,1,3,184,58040,2022-08-01,26699,False,1
790,1229,6845,3,1,150,61516,2021-05-01,22299,False,1
130,176,1148,1,1,150,116321,2014-08-01,18699,False,1
190,271,1502,3,1,102,87544,2021-06-01,11899,False,1
570,876,4283,1,1,110,51200,2018-03-01,17499,False,1
570,872,4229,1,1,150,23351,2023-05-01,31499,False,1
130,161,985,1,1,258,146552,2014-03-01,19499,False,1
280,479,2313,3,2,70,65625,2022-02-01,9999,False,1
425,723,3553,1,3,230,64486,2022-07-01,33299,False,1
190,271,1496,3,2,82,46203,2016-06-01,7999,False,1
905,1444,7919,3,1,95,125872,2020-09-01,14199,False,1
130,175,1125,1,2,140,71992,2020-08-01,24199,False,1
345,602,2999,1,2,101,20674,2023-07-01,18999,False,1
345,602,3004,1,2,100,124210,2016-05-01,11199,False,1
190,275,1525,1,2,131,51119,2021-12-01,16899,False,1
860,1392,7571,1,3,306,92298,2021-10-01,35999,False,1
225,1040,5516,3,2,131,28895,2022-07-01,22499,False,1
670,1126,6138,3,2,82,79796,2019-06-01,9399,False,1
670,1130,6172,1,1,131,78065,2019-10-01,20999,False,1
650,1065,5660,3,2,90,29120,2019-09-01,11799,False,1
130,174,1103,1,1,150,115768,2022-09-01,28199,False,1
225,1005,5385,3,2,115,60368,2018-03-01,12899,False,1
790,1233,6882,3,1,105,55559,2014-04-01,10299,False,1
790,1235,6914,3,2,130,24534,2023-11-01,23299,False,1
190,271,1496,3,2,110,77503,2017-06-01,9199,False,1
670,1106,5979,3,1,100,132947,2020-07-01,11999,False,1
280,479,2315,3,2,70,93246,2018-12-01,8699,False,1
130,176,1152,1,1,190,101236,2019-05-01,28999,False,1
720,1203,6720,1,3,143,8324,2025-05-01,27099,False,1
905,1472,8069,3,2,110,27633,2024-04-01,21799,False,1
670,1127,6148,3,2,130,122673,2015-09-01,7099,False,1
720,1175,6453,3,2,90,43208,2019-02-01,11199,False,1
650,1066,5677,3,2,110,68595,2020-12-01,11799,False,1
650,1055,5587,3,1,110,40623,2014-10-01,8999,False,1
860,1362,7441,1,3,122,131984,2017-07-01,18799,False,1
650,1096,5917,3,2,140,121282,2016-06-01,10799,False,1
790,1233,6869,3,2,110,70956,2021-05-01,14499,False,1
790,1229,6845,3,1,150,58901,2022-02-01,23299,False,1
235,417,2076,1,1,130,71122,2019-11-01,18999,False,1
670,1111,6018,3,1,120,81587,2017-03-01,11499,False,1
190,271,1496,3,2,110,48380,2022-05-01,12499,False,1
194,350,1916,3,2,100,12301,2020-09-01,13299,False,1
345,601,2991,3,2,67,25849,2022-10-01,12499,False,1
650,1079,5779,1,2,131,33745,2023-04-01,18799,False,1
790,1240,6940,1,3,245,51566,2021-07-01,31299,False,1
235,417,2078,1,2,181,88827,2021-05-01,21499,False,1
550,839,4058,1,1,150,135547,2014-08-01,12399,False,1
130,174,1103,3,1,150,64267,2020-05-01,22999,False,1
570,872,4222,1,2,136,50545,2021-06-01,26099,False,1
868,932,5059,3,2,106,79593,2022-07-01,13899,False,1
670,1127,6151,3,1,120,114752,2015-02-01,10599,False,1
285,505,2483,1,2,125,45401,2018-06-01,15499,False,1
670,1116,6072,1,3,224,36116,2023-01-01,29799,False,1
285,509,2510,3,2,125,86113,2022-02-01,13399,False,1
285,501,2461,3,1,95,154636,2014-05-01,8799,False,1
670,1127,6148,3,2,130,88510,2020-08-01,13499,False,1
380,653,3224,3,1,180,76681,2018-10-01,20099,False,1
790,1233,6872,3,2,85,106398,2014-06-01,8499,False,1
570,898,4638,1,1,135,121829,2016-07-01,19799,False,1
790,1235,6924,1,1,150,134892,2020-01-01,17099,False,1
650,1060,5628,1,2,170,105703,2017-04-01,12999,False,1
730,765,3781,3,1,150,109428,2020-01-01,20299,False,1
225,1029,5477,3,1,130,132401,2018-01-01,14599,False,1
550,839,4055,3,2,186,6971,2025-01-01,28399,False,1
860,1397,7593,1,3,116,36303,2020-12-01,18499,False,1
390,679,3397,1,3,241,40131,2022-04-01,21499,False,1
190,277,1548,3,2,109,82945,2017-12-01,9299,False,1
830,1320,7273,3,2,83,55647,2018-10-01,12499,False,1
425,727,3589,3,2,101,88207,2021-05-01,13999,False,1
345,604,3016,3,2,100,80426,2016-08-01,10799,False,1
570,898,4638,1,1,150,90318,2022-09-01,31299,False,1
720,1171,6430,1,2,140,34910,2022-04-01,20999,False,1
860,1397,7593,1,3,101,42717,2015-03-01,13599,False,1
235,417,2078,1,2,181,71854,2020-11-01,20699,False,1
650,1055,5578,1,2,150,128525,2016-04-01,10999,False,1
345,615,3076,1,3,141,83320,2021-07-01,17699,False,1
790,1240,6940,1,3,245,88537,2021-07-01,30199,False,1
570,898,4634,1,2,136,38623,2022-05-01,29599,False,1
580,958,5170,1,2,178,18445,2022-11-01,25999,False,1
345,602,3004,3,2,100,29023,2014-01-01,9999,False,1
570,881,4388,1,1,150,106137,2022-05-01,31399,False,1
860,1362,7441,1,3,122,32398,2022-09-01,24699,False,1
194,350,1912,3,2,90,23527,2020-06-01,12599,False,1
225,1029,5476,3,2,163,88408,2017-04-01,14999,False,1
345,601,2996,3,2,87,24990,2015-06-01,9499,False,1
650,1071,5711,3,1,135,79784,2017-03-01,11999,False,1
905,1461,8032,3,1,150,96103,2016-10-01,28099,False,1
580,954,5143,3,1,115,117463,2018-06-01,13799,False,1
340,571,2911,1,2,130,65965,2016-11-01,17399,False,1
550,849,4115,3,2,120,81913,2016-04-01,15499,False,1
580,958,5176,3,1,90,98941,2014-04-01,10799,False,1
194,350,1916,3,2,101,86455,2020-07-01,11999,False,1
580,956,5150,1,1,150,123055,2019-12-01,17899,False,1
60,84,391,2,2,150,104656,2021-02-01,27599,False,1
910,1516,8478,1,1,190,120091,2018-04-01,24499,False,1
345,626,3123,1,3,265,109169,2022-07-01,23999,False,1
800,1257,7022,1,2,150,40940,2022-04-01,26599,False,1
670,1126,6138,3,2,101,67822,2020-02-01,13399,False,1
860,1397,7592,3,2,110,51564,2020-07-01,15099,False,1
905,1475,8077,3,2,125,85121,2018-06-01,18899,False,1
345,589,2962,1,2,101,12268,2024-08-01,19899,False,1
190,272,1510,3,2,110,96174,2020-06-01,9299,False,1
590,978,5289,1,3,224,60713,2021-12-01,23699,False,1
425,723,3553,1,3,230,93805,2021-08-01,30999,False,1
860,1398,7599,1,3,116,3711,2023-12-01,25799,False,1
720,1175,6462,3,2,140,26646,2022-11-01,17499,False,1
130,158,831,1,1,150,148485,2017-04-01,13999,False,1
670,1138,6242,1,1,131,81423,2020-02-01,20399,False,1
720,1182,6537,3,1,130,103299,2014-06-01,10499,False,1
670,1106,5975,3,2,101,65903,2020-07-01,10899,False,1
580,954,5138,1,1,150,52757,2015-12-01,14699,False,1
425,727,3590,3,2,85,40092,2020-05-01,13699,False,1
425,718,3536,3,2,84,13721,2022-09-01,14199,False,1
390,675,3366,1,2,129,19174,2023-04-01,24599,False,1
905,1446,7941,3,1,150,130217,2017-06-01,18399,False,1
285,535,2752,3,1,100,94936,2016-09-01,14099,False,1
340,574,2924,1,3,122,8863,2025-05-01,24999,False,1
860,1359,7429,1,2,72,86465,2020-05-01,11999,False,1
670,1111,6027,3,1,150,153415,2015-02-01,8999,False,1
830,1329,7302,3,2,83,81219,2023-04-01,15499,False,1
720,1191,6639,1,2,205,56196,2018-06-01,18399,False,1
860,1366,7470,1,3,122,88370,2022-04-01,18699,False,1
570,898,4638,1,1,150,84407,2023-09-01,35599,False,1
190,267,1462,3,2,110,94266,2016-12-01,9899,False,1
285,536,2761,3,1,100,39429,2020-06-01,16099,False,1
650,1063,5648,3,1,102,43095,2020-11-01,16599,False,1
790,1227,6834,1,2,115,76426,2018-10-01,14899,False,1
860,1362,7441,1,3,122,86286,2019-03-01,19599,False,1
910,1516,8469,1,2,129,67497,2022-04-01,24899,False,1
550,850,4118,1,2,165,44121,2022-09-01,27299,False,1
800,1252,6998,3,2,116,2126,2024-11-01,18599,False,1
720,1185,6573,3,1,130,110773,2017-06-01,14799,False,1
190,272,1512,3,1,102,51162,2020-02-01,12799,False,1
790,1229,6842,1,2,150,98694,2017-09-01,17999,False,1
285,510,2530,3,2,155,37337,2023-09-01,21799,False,1
650,1065,5660,3,2,90,124072,2015-08-01,7799,False,1
550,841,4067,3,2,145,43689,2022-12-01,22499,False,1
190,277,1548,3,2,110,74028,2018-07-01,10099,False,1
905,1478,8112,3,1,105,129746,2014-05-01,11699,False,1
380,654,3237,1,1,180,95492,2020-11-01,22299,False,1
860,1359,7429,1,2,70,64757,2016-10-01,11499,False,1
190,284,1606,3,2,131,43817,2019-05-01,14599,False,1
425,718,3536,3,2,84,48052,2020-12-01,12199,False,1
425,725,3577,3,1,115,118522,2015-10-01,12699,False,1
225,1029,5471,1,2,159,64213,2019-06-01,18499,False,1
190,272,1510,3,2,110,27410,2020-09-01,11299,False,1
790,1235,6914,3,2,131,28774,2020-03-01,16699,False,1
345,604,3030,3,2,280,42562,2022-01-01,32599,False,1
650,1071,5711,3,1,135,82205,2017-01-01,12199,False,1
720,1191,6633,3,1,110,59805,2018-11-01,14499,False,1
550,850,4119,1,2,165,67110,2023-06-01,28099,False,1
190,267,1465,3,1,102,30811,2020-12-01,18599,False,1
860,1359,7429,3,2,70,57154,2016-01-01,9499,False,1
868,928,5047,1,3,258,45866,2021-10-01,19799,False,1
720,1191,6639,1,2,205,93036,2017-11-01,17199,False,1
345,608,3043,1,3,141,125251,2017-11-01,14599,False,1
189,324,1794,1,3,245,122799,2021-04-01,23799,False,1
285,510,2532,1,2,182,30642,2020-01-01,19899,False,1
425,725,3576,1,3,252,17106,2023-08-01,31599,False,1
860,1397,7593,1,3,101,83372,2017-01-01,13199,False,1
670,1138,6242,3,1,130,104166,2019-01-01,16599,False,1
910,1516,8472,1,3,261,114631,2021-02-01,26799,False,1
720,1174,6449,1,1,90,58542,2016-09-01,13099,False,1
130,157,809,1,2,178,34049,2024-05-01,31799,False,1
280,479,2315,3,2,70,66767,2014-03-01,7899,False,1
189,324,1797,1,2,150,94597,2022-05-01,22899,False,1
905,1475,8084,3,1,150,101936,2019-11-01,23399,False,1
810,1283,7154,3,1,136,40379,2021-03-01,15999,False,1
905,1425,7764,1,2,220,98836,2014-08-01,19799,False,1
860,1397,7593,1,3,116,12629,2025-07-01,23899,False,1
670,1127,6149,3,1,131,62770,2022-07-01,17499,False,1
194,350,1912,3,2,90,15050,2019-08-01,11699,False,1
60,101,598,3,1,150,56209,2017-06-01,21999,False,1
790,1233,6869,3,2,95,27184,2017-06-01,12499,False,1
570,876,4284,1,1,116,87642,2022-01-01,24099,False,1
860,1397,7593,1,3,100,91929,2016-05-01,11999,False,1
194,346,1889,3,2,75,61042,2015-05-01,7999,False,1
285,510,2533,3,1,120,128823,2016-07-01,9599,False,1
285,538,2781,3,1,130,78582,2022-02-01,30299,False,1
285,514,2595,3,1,115,85974,2015-04-01,9899,False,1
905,1446,7937,3,2,125,95297,2016-06-01,15999,False,1
550,853,4131,3,2,122,90314,2020-09-01,20099,False,1
190,292,1642,3,2,82,123688,2018-05-01,7099,False,1
550,850,4117,1,2,160,80287,2018-02-01,20099,False,1
194,350,1916,3,2,91,7795,2021-08-01,14399,False,1
720,1183,6550,3,1,110,137953,2016-11-01,12499,False,1
905,1471,8063,3,2,115,67894,2018-08-01,16899,False,1
720,1174,6443,1,2,120,109560,2017-04-01,11499,False,1
670,1127,6148,3,2,130,90802,2020-10-01,14499,False,1
380,653,3229,1,2,200,53550,2021-11-01,24799,False,1
550,853,4130,1,2,186,41336,2022-11-01,25199,False,1
194,350,1916,3,2,91,67346,2021-07-01,12999,False,1
60,82,313,3,1,110,135644,2016-03-01,14499,False,1
670,1111,6018,3,1,100,76718,2016-08-01,10699,False,1
790,1240,6942,1,1,150,81671,2022-03-01,28199,False,1
345,602,3003,3,2,85,81481,2017-07-01,10099,False,1
570,886,4514,1,1,195,130974,2017-01-01,24999,False,1
345,615,3073,3,2,120,59353,2017-12-01,14399,False,1
800,1256,7019,3,2,150,68439,2020-06-01,17799,False,1
860,1362,7441,1,3,140,23927,2024-05-01,27999,False,1
130,174,1103,1,1,150,119530,2020-10-01,23799,False,1
905,1461,8032,1,1,150,110459,2019-01-01,32099,False,1
550,850,4117,3,2,165,71076,2021-07-01,22099,False,1
790,1229,6843,3,2,150,12814,2023-03-01,24899,False,1
280,454,2173,3,2,140,144461,2017-06-01,9599,False,1
905,1471,8067,3,1,150,73198,2019-10-01,21399,False,1
800,1257,7024,3,1,150,91094,2022-06-01,21399,False,1
910,1511,8385,1,1,197,109480,2023-06-01,28299,False,1
905,1407,7650,3,1,102,105492,2018-01-01,16499,False,1
730,769,3842,1,1,258,99300,2016-06-01,24999,False,1
830,1324,7285,3,2,129,31027,2023-03-01,20399,False,1
425,711,3506,3,2,65,76428,2015-11-01,8599,False,1
225,1029,5472,3,2,140,8972,2025-03-01,25999,False,1
860,1366,7473,1,3,184,31570,2022-01-01,24399,False,1
390,679,3402,3,2,110,101163,2018-06-01,12999,False,1
380,653,3221,1,1,150,138461,2020-07-01,15099,False,1
905,1470,8060,3,2,110,33214,2022-12-01,18999,False,1
860,1392,7570,1,3,197,112669,2016-07-01,21199,False,1
650,1065,5660,3,2,90,24455,2019-06-01,11199,False,1
670,1111,6015,1,1,131,33701,2022-10-01,21099,False,1
905,1444,7906,3,2,90,21424,2017-01-01,13199,False,1
905,1427,7776,1,2,150,69708,2021-02-01,21899,False,1
905,1444,7900,3,2,80,47255,2021-04-01,14299,False,1
345,615,3073,3,2,120,76575,2018-05-01,14099,False,1
910,1519,8525,1,2,320,143739,2016-01-01,24899,False,1
60,75,252,1,1,90,126487,2014-05-01,11699,False,1
830,1332,7320,3,2,129,55213,2023-11-01,19799,False,1
225,1029,5472,1,2,158,28229,2024-03-01,27099,False,1
790,1235,6911,1,2,150,76462,2021-01-01,20999,False,1
790,1235,6911,1,2,150,22460,2024-06-01,23399,False,1
570,898,4637,1,2,163,78618,2022-05-01,32299,False,1
650,1076,5759,3,2,75,31690,2017-06-01,8599,False,1
905,1475,8084,3,1,150,56802,2022-02-01,32699,False,1
905,1444,7906,1,2,90,156078,2015-12-01,10499,False,1
60,87,450,1,1,150,131673,2019-01-01,22499,False,1
340,562,2871,3,1,120,108099,2014-06-01,12299,False,1
190,271,1504,3,1,75,77466,2018-01-01,10399,False,1
60,83,357,1,3,204,13565,2021-11-01,23899,False,1
860,1359,7429,1,2,70,45242,2017-01-01,11799,False,1
190,277,1551,3,1,100,97284,2015-06-01,8999,False,1
670,1127,6148,3,2,130,42831,2019-11-01,15699,False,1
650,1065,5660,3,2,100,65900,2014-10-01,8099,False,1
905,1407,7638,3,2,114,122340,2022-03-01,20999,False,1
285,510,2530,3,2,155,52594,2023-05-01,20299,False,1
670,1106,5981,3,1,100,52531,2015-12-01,9099,False,1
720,1183,6550,3,1,110,78977,2016-05-01,14199,False,1
60,92,521,1,1,218,118828,2016-08-01,24699,False,1
790,1240,6942,1,1,150,85921,2021-09-01,27099,False,1
650,1063,5647,3,2,110,104860,2019-11-01,14099,False,1
550,838,4035,3,2,75,118968,2014-06-01,8299,False,1
580,958,5166,1,2,136,46566,2024-01-01,23999,False,1
340,564,2897,1,1,150,103607,2014-07-01,17099,False,1
570,898,4637,1,2,163,100400,2020-09-01,26699,False,1
60,78,266,2,1,90,115563,2014-08-01,13399,False,1
670,1127,6157,1,2,165,87982,2017-07-01,15999,False,1
130,160,937,3,1,190,51250,2017-12-01,22299,False,1
590,962,5192,3,2,117,72482,2017-02-01,14099,False,1
860,1362,7441,1,3,122,35316,2019-06-01,21799,False,1
190,267,1468,3,1,100,94539,2018-04-01,13699,False,1
345,626,3120,3,2,150,27621,2024-03-01,24799,False,1
670,1106,5975,3,2,101,47251,2020-12-01,11499,False,1
650,1080,5790,1,2,140,97824,2018-12-01,12199,False,1
130,158,831,1,1,150,33883,2022-12-01,27599,False,1
60,105,628,1,1,190,144572,2015-07-01,19399,False,1
580,958,5166,1,2,136,68435,2021-04-01,19999,False,1
189,322,1790,1,2,300,85748,2018-12-01,28999,False,1
860,1362,7441,1,3,122,21982,2022-05-01,25399,False,1
550,849,4116,3,2,121,61465,2019-08-01,16899,False,1
860,1392,7566,3,1,125,131297,2014-05-01,15099,False,1
280,448,2139,3,2,70,45547,2021-06-01,12199,False,1
425,727,3588,1,2,120,81907,2019-06-01,14299,False,1
905,1475,8081,1,2,150,50249,2022-09-01,29199,False,1
425,725,3577,3,1,115,111379,2015-05-01,13399,False,1
800,1257,7022,3,2,150,63613,2022-12-01,25099,False,1
790,1233,6869,3,2,110,83800,2021-06-01,14799,False,1
60,105,628,1,1,190,87199,2018-08-01,29599,False,1
425,694,3450,3,2,101,17630,2024-11-01,17799,False,1
345,613,3066,3,1,115,130001,2014-04-01,11999,False,1
130,159,877,1,1,150,37050,2022-02-01,32199,False,1
670,1130,6174,3,1,120,75238,2018-04-01,17599,False,1
650,1076,5759,3,2,75,58441,2017-03-01,8599,False,1
345,604,3024,3,1,115,63474,2018-11-01,13199,False,1
670,1130,6172,1,1,130,61398,2020-07-01,20499,False,1
194,350,1916,3,2,101,26684,2020-11-01,13099,False,1
670,1106,5979,3,1,102,23690,2023-10-01,15499,False,1
225,1029,5471,3,2,140,79233,2020-02-01,16899,False,1
790,1235,6914,1,2,150,93459,2020-06-01,18499,False,1
425,725,3570,3,2,132,119301,2019-10-01,13999,False,1
189,324,1800,1,2,310,70745,2021-03-01,30999,False,1
650,1065,5653,3,2,75,107308,2020-01-01,9499,False,1
60,80,284,3,1,110,109058,2015-03-01,14399,False,1
190,278,1555,3,1,120,121948,2016-03-01,11199,False,1
425,727,3590,3,2,85,59630,2021-07-01,14399,False,1
670,1119,6102,1,2,165,124368,2017-11-01,11699,False,1
800,1259,7048,1,1,105,137529,2014-03-01,11099,False,1
570,898,4638,1,1,135,107615,2019-09-01,22499,False,1
860,1398,7599,1,3,116,35171,2022-08-01,24799,False,1
860,1362,7442,1,3,184,51700,2020-01-01,22999,False,1
720,1174,6439,3,2,90,106123,2015-08-01,9299,False,1
130,176,1161,1,3,292,75336,2020-12-01,29899,False,1
860,1397,7592,3,2,110,24244,2017-07-01,14699,False,1
905,1427,7781,3,1,116,21561,2023-12-01,24499,False,1
425,708,3494,1,3,141,74952,2021-04-01,19699,False,1
190,271,1502,3,1,102,72385,2019-06-01,10299,False,1
345,615,3076,1,3,141,50991,2020-09-01,17699,False,1
40,46,169,1,1,190,118875,2021-12-01,23799,False,1
60,101,598,3,1,150,156427,2016-08-01,16599,False,1
345,612,3063,3,2,125,67940,2016-07-01,11399,False,1
670,1127,6148,3,2,130,78683,2016-05-01,8599,False,1
810,1290,7191,1,1,115,99067,2019-03-01,12999,False,1
670,1106,5981,3,1,75,86767,2016-11-01,8999,False,1
860,1355,7404,3,1,90,126978,2015-02-01,10899,False,1
225,1046,5533,1,3,204,67905,2025-04-01,31499,False,1
60,83,338,3,1,115,132766,2017-12-01,15499,False,1
194,350,1915,3,2,73,39517,2018-11-01,9499,False,1
345,626,3120,3,2,150,66838,2022-12-01,23399,False,1
550,849,4113,3,1,105,84895,2016-04-01,14699,False,1
40,46,169,1,1,190,84287,2020-02-01,24599,False,1
235,413,2063,1,2,181,58044,2022-03-01,22199,False,1
345,602,3003,3,2,84,14264,2022-02-01,15399,False,1
130,175,1128,1,2,192,58480,2019-04-01,26599,False,1
670,1127,6159,1,1,180,98358,2018-03-01,17799,False,1
60,100,591,1,1,150,15286,2023-09-01,32799,False,1
190,292,1642,3,2,82,70330,2019-04-01,8499,False,1
285,525,2680,3,1,120,103568,2022-06-01,16599,False,1
670,1127,6151,3,1,120,82095,2014-12-01,9599,False,1
810,1283,7153,1,2,163,16966,2024-09-01,22399,False,1
670,1126,6138,3,2,131,76280,2020-02-01,14499,False,1
860,1362,7441,1,3,122,63330,2019-12-01,20599,False,1
60,80,284,3,1,110,98428,2015-07-01,13899,False,1
130,158,833,1,1,150,91617,2016-06-01,15699,False,1
720,1172,6433,1,3,200,53444,2023-06-01,28799,False,1
190,279,1568,1,1,160,52095,2020-07-01,18499,False,1
580,956,5153,3,2,185,75215,2014-06-01,14499,False,1
650,1069,5699,3,1,131,140544,2018-10-01,14199,False,1
550,849,4113,3,1,105,101319,2018-04-01,14699,False,1
194,344,1876,1,3,141,37724,2024-01-01,23099,False,1
425,718,3533,3,2,100,26271,2023-05-01,15599,False,1
340,564,2889,3,1,120,140156,2014-03-01,13699,False,1
720,1182,6534,1,1,110,92769,2016-12-01,15199,False,1
425,718,3536,3,2,85,101580,2017-07-01,9999,False,1
800,1256,7018,3,2,116,22396,2024-06-01,19299,False,1
790,1240,6943,1,2,190,75883,2021-04-01,30199,False,1
60,75,250,1,2,122,37457,2014-04-01,12699,False,1
60,78,266,3,1,115,115304,2017-10-01,14499,False,1
550,849,4116,3,2,121,31227,2020-11-01,19399,False,1
905,1475,8081,1,2,150,49789,2020-08-01,25799,False,1
190,275,1526,1,2,136,14335,2025-03-01,21099,False,1
670,1111,6018,3,1,120,121131,2016-03-01,10499,False,1
60,101,600,1,1,150,48456,2022-06-01,34199,False,1
190,271,1496,3,2,110,34738,2021-06-01,11199,False,1
905,1444,7902,1,2,95,109107,2018-02-01,13699,False,1
189,324,1800,1,2,310,56841,2021-02-01,32899,False,1
285,520,2645,1,1,180,103266,2017-07-01,16499,False,1
905,1425,7760,3,1,110,77255,2015-09-01,13499,False,1
425,692,3437,3,1,140,121351,2017-08-01,13699,False,1
550,839,4055,3,2,186,60109,2022-05-01,23099,False,1
790,1233,6882,3,1,90,111894,2015-03-01,8399,False,1
190,278,1555,3,1,120,73726,2017-10-01,13699,False,1
285,518,2618,3,1,150,136074,2016-10-01,13799,False,1
910,1509,8359,1,1,150,103525,2016-03-01,15599,False,1
345,613,3066,3,1,115,103564,2015-05-01,12299,False,1
720,1191,6639,1,2,205,51059,2018-02-01,18599,False,1
860,1355,7407,1,3,136,99527,2018-11-01,14799,False,1
390,671,3342,1,1,194,60561,2020-09-01,25499,False,1
225,1046,5537,3,1,150,61648,2019-10-01,21399,False,1
670,1106,5975,3,2,82,67374,2019-04-01,8099,False,1
194,350,1916,1,2,91,8709,2024-10-01,18099,False,1
190,277,1548,3,2,110,11384,2019-06-01,11899,False,1
570,881,4386,1,2,155,128485,2017-07-01,19499,False,1
670,1127,6147,1,2,136,11383,2025-03-01,28599,False,1
60,75,249,3,1,90,141196,2015-06-01,11099,False,1
790,1235,6914,3,2,150,67000,2020-07-01,18399,False,1
345,626,3117,3,2,132,151019,2016-01-01,12499,False,1
860,1359,7429,3,2,72,36253,2018-09-01,11399,False,1
830,1320,7272,3,2,90,33439,2018-06-01,12199,False,1
60,84,370,3,1,150,142224,2015-07-01,15499,False,1
670,1136,6229,3,1,100,87654,2018-04-01,13499,False,1
345,613,3066,3,1,115,120409,2014-04-01,11299,False,1
800,1257,7024,1,1,150,94376,2022-06-01,23299,False,1
650,1071,5706,3,2,140,88301,2016-05-01,11299,False,1
570,900,4666,1,1,170,54893,2019-01-01,32799,False,1
190,292,1646,3,2,115,66378,2017-04-01,8599,False,1
550,849,4116,1,2,121,74783,2022-01-01,19799,False,1
670,1127,6157,1,2,165,110454,2017-05-01,15299,False,1
670,1126,6138,1,2,155,72372,2020-01-01,17399,False,1
194,350,1916,3,2,91,5884,2024-04-01,15699,False,1
670,1106,5979,3,1,100,124045,2018-11-01,9199,False,1
860,1397,7593,1,3,101,87925,2019-12-01,16399,False,1
285,518,2613,3,2,150,46247,2020-10-01,19399,False,1
194,350,1916,3,2,91,26856,2023-01-01,14699,False,1
225,1005,5387,1,2,117,45786,2018-02-01,13599,False,1
194,343,1871,3,2,114,108483,2018-08-01,12399,False,1
340,564,2893,1,3,184,91194,2021-12-01,25699,False,1
345,601,2996,1,2,87,37062,2018-08-01,12499,False,1
285,509,2518,3,1,95,49240,2015-10-01,10599,False,1
190,271,1504,3,1,100,75755,2017-03-01,10699,False,1
340,564,2889,3,1,120,129260,2014-10-01,13799,False,1
580,958,5176,3,1,95,78937,2019-09-01,14699,False,1
650,1071,5711,3,1,135,129507,2017-03-01,10499,False,1
670,1127,6154,1,3,224,19466,2023-11-01,24199,False,1
194,343,1863,3,2,131,2153,2025-04-01,23699,False,1
425,725,3570,3,2,135,63038,2016-02-01,14199,False,1
190,280,1572,3,1,115,114807,2014-08-01,10999,False,1
190,271,1502,3,1,102,46556,2022-09-01,12499,False,1
670,1126,6138,1,2,110,62212,2019-02-01,11899,False,1
860,1397,7593,1,3,116,52540,2022-01-01,18599,False,1
670,1106,5975,3,2,110,135749,2017-03-01,7799,False,1
905,1444,7906,3,2,90,42790,2017-02-01,12799,False,1
190,292,1644,3,1,100,120348,2016-03-01,7699,False,1
730,765,3776,1,1,150,129610,2015-11-01,13999,False,1
670,1127,6149,1,1,131,57999,2022-08-01,21999,False,1
345,615,3074,3,1,116,115896,2019-12-01,14599,False,1
905,1478,8109,3,2,150,101555,2019-08-01,21499,False,1
130,174,1103,1,1,150,63276,2020-09-01,22999,False,1
280,448,2139,3,2,69,18185,2023-05-01,14099,False,1
550,850,4117,1,2,165,97415,2019-05-01,20899,False,1
650,1063,5648,3,1,131,57234,2020-12-01,18599,False,1
860,1362,7441,1,3,122,94878,2017-07-01,18399,False,1
550,850,4119,1,2,194,38830,2023-06-01,30399,False,1
650,1069,5700,3,1,120,104554,2018-06-01,13399,False,1
590,978,5283,1,2,150,103283,2019-02-01,17099,False,1
670,1111,6012,3,2,130,75950,2016-05-01,8099,False,1
425,718,3536,3,2,85,81426,2018-02-01,9699,False,1
190,280,1572,3,1,115,104307,2014-06-01,9599,False,1
730,770,3874,1,3,404,140718,2021-04-01,32099,False,1
60,105,629,3,1,150,129254,2016-12-01,19699,False,1
580,958,5176,3,1,95,65255,2017-05-01,13299,False,1
560,1272,7114,1,2,90,54824,2019-04-01,12699,False,1
190,272,1510,3,2,110,36851,2018-10-01,10099,False,1
345,602,3003,3,2,85,107617,2017-02-01,9699,False,1
650,1078,5770,3,2,120,70868,2017-11-01,8599,False,1
910,1516,8475,1,2,197,46377,2021-10-01,31499,False,1
390,671,3342,1,1,200,141059,2016-12-01,16099,False,1
670,1111,6012,3,2,110,78497,2016-09-01,8799,False,1
670,1126,6138,3,2,110,93906,2017-03-01,8899,False,1
345,604,3031,3,2,250,19043,2024-07-01,31699,False,1
790,1229,6845,1,1,150,122918,2021-01-01,21899,False,1
720,1191,6624,3,2,115,131268,2015-01-01,7399,False,1
130,160,939,1,2,185,123828,2014-05-01,19199,False,1
860,1359,7429,1,2,68,4051,2014-07-01,10099,False,1
130,158,831,1,1,150,62386,2018-05-01,18999,False,1
860,1398,7599,1,3,116,50000,2022-06-01,22799,False,1
425,708,3494,1,3,141,104738,2018-02-01,14799,False,1
905,1440,7875,1,1,150,97622,2015-09-01,16599,False,1
670,1130,6172,1,1,131,105746,2021-07-01,21499,False,1
130,158,857,1,3,224,33894,2019-12-01,21299,False,1
40,46,168,1,2,280,121950,2020-12-01,25599,False,1
790,1235,6907,3,2,150,113882,2017-12-01,14799,False,1
425,718,3536,3,2,85,61981,2017-10-01,10799,False,1
720,1206,6747,1,2,90,13101,2016-11-01,11699,False,1
130,175,1125,1,2,140,66174,2020-08-01,23899,False,1
905,1475,8084,1,1,150,95279,2019-07-01,24499,False,1
830,1332,7320,3,2,129,71548,2020-12-01,18599,False,1
720,1175,6466,3,1,75,117901,2017-02-01,8999,False,1
720,1183,6548,1,1,116,70564,2022-05-01,18299,False,1
130,174,1119,1,3,220,92280,2020-08-01,23199,False,1
280,452,2163,3,2,95,61224,2016-04-01,9599,False,1
425,708,3494,1,3,141,67945,2022-03-01,19199,False,1
550,849,4115,1,2,121,59742,2019-03-01,18099,False,1
720,1174,6449,3,1,110,52994,2017-11-01,12699,False,1
190,279,1565,3,1,131,76929,2018-11-01,14899,False,1
280,452,2163,3,2,95,75189,2018-08-01,10299,False,1
130,176,1152,1,1,190,138257,2020-07-01,31799,False,1
60,78,262,3,2,85,121224,2014-07-01,12199,False,1
285,518,2618,3,1,120,153313,2016-02-01,10699,False,1
280,493,2410,3,2,120,94213,2019-12-01,10599,False,1
285,529,2704,1,1,180,138858,2016-11-01,16899,False,1
130,160,937,1,1,190,148230,2015-09-01,19799,False,1
650,1079,5779,3,2,131,42745,2022-06-01,16699,False,1
650,1074,5739,3,1,135,108672,2019-11-01,13699,False,1
190,267,1465,3,1,102,117406,2018-11-01,14799,False,1
60,83,353,1,2,150,41248,2022-05-01,28699,False,1
910,1516,8468,3,2,155,132071,2018-07-01,20499,False,1
790,1235,6917,3,1,115,127971,2017-03-01,11099,False,1
60,101,601,1,2,150,121802,2019-03-01,23999,False,1
860,1392,7570,1,3,222,89072,2022-04-01,34899,False,1
790,1229,6841,3,2,110,51037,2022-03-01,18599,False,1
280,454,2175,3,2,110,121419,2016-07-01,10599,False,1
235,417,2079,1,1,180,140685,2019-10-01,18799,False,1
730,765,3776,3,1,150,82561,2020-01-01,19399,False,1
905,1425,7756,1,2,125,17101,2015-07-01,15199,False,1
800,1259,7039,3,2,150,94561,2018-07-01,15299,False,1
720,1172,6433,1,3,200,69762,2023-06-01,27099,False,1
425,711,3506,3,2,65,27406,2015-10-01,8799,False,1
60,100,592,1,2,150,50247,2019-03-01,23399,False,1
570,881,4380,1,2,122,112514,2018-12-01,22399,False,1
280,449,2149,3,2,70,66380,2021-06-01,10599,False,1
860,1397,7593,1,3,101,102851,2017-04-01,13299,False,1
650,1065,5656,3,2,101,124997,2019-11-01,9799,False,1
860,1360,7432,1,2,72,37729,2023-04-01,16099,False,1
130,175,1124,1,1,150,106589,2018-09-01,19799,False,1
860,1397,7593,1,3,100,99863,2020-01-01,14899,False,1
650,1055,5589,1,3,181,25594,2023-02-01,22799,False,1
285,506,2487,3,1,180,103738,2016-11-01,17299,False,1
905,1475,8085,1,2,190,90182,2019-08-01,30299,False,1
60,102,611,3,1,150,95803,2022-02-01,28299,False,1
345,615,3073,3,2,120,72404,2018-05-01,14099,False,1
830,1320,7273,1,2,83,24890,2021-09-01,15899,False,1
285,510,2540,3,1,115,83467,2014-10-01,10499,False,1
670,1119,6100,1,3,224,67166,2023-08-01,27599,False,1
280,470,2273,3,1,170,142965,2015-08-01,11999,False,1
868,932,5059,3,2,106,34491,2023-07-01,14899,False,1
905,1444,7906,3,2,90,70702,2016-03-01,11299,False,1
190,275,1529,1,1,131,42414,2023-03-01,18999,False,1
670,1127,6159,1,1,180,84355,2020-10-01,20599,False,1
670,1138,6241,1,2,131,35277,2019-12-01,19499,False,1
905,1470,8060,3,2,110,54706,2022-04-01,19399,False,1
190,271,1502,3,1,100,50482,2022-03-01,12699,False,1
425,725,3569,3,1,116,50720,2020-08-01,18099,False,1
60,82,313,3,1,116,104185,2018-08-01,16299,False,1
130,160,951,1,2,252,101253,2018-09-01,28499,False,1
280,493,2408,3,1,95,141619,2016-03-01,8099,False,1
730,770,3864,1,2,300,96215,2018-10-01,28899,False,1
345,604,3024,3,1,110,119444,2016-09-01,11399,False,1
40,43,151,3,1,120,74167,2019-05-01,13799,False,1
790,1229,6841,3,2,116,5311,2025-05-01,23999,False,1
650,1048,5546,3,2,87,92619,2015-04-01,7799,False,1
570,872,4224,1,1,116,60778,2022-06-01,26999,False,1
60,83,357,1,3,204,50237,2020-12-01,22499,False,1
720,1183,6547,3,2,140,79840,2019-06-01,14799,False,1
910,1516,8469,1,2,129,111927,2020-12-01,23799,False,1
504,803,3973,1,3,261,57442,2022-11-01,23399,False,1
860,1397,7592,3,2,110,33108,2019-07-01,15399,False,1
345,602,3003,3,2,85,71828,2016-06-01,10099,False,1
190,267,1462,3,2,110,61619,2018-11-01,16399,False,1
60,100,586,3,1,116,103059,2018-11-01,19499,False,1
190,271,1496,3,2,82,70176,2018-08-01,7899,False,1
285,506,2487,3,1,180,66345,2016-07-01,19499,False,1
670,1126,6138,3,2,82,80010,2016-05-01,7699,False,1
830,1321,7279,3,2,102,9777,2023-06-01,28999,False,1
670,1126,6138,1,2,130,78120,2021-05-01,16199,False,1
130,161,985,1,1,258,124406,2015-10-01,21099,False,1
285,518,2613,3,2,150,73453,2017-11-01,14299,False,1
60,100,586,3,1,115,144579,2018-07-01,17399,False,1
905,1444,7906,3,2,90,47493,2015-11-01,11199,False,1
650,1080,5790,3,2,140,110290,2017-07-01,10399,False,1
580,956,5150,1,1,110,53515,2014-07-01,13999,False,1
550,853,4132,3,2,186,65115,2021-12-01,21599,False,1
130,157,804,1,1,150,76316,2020-11-01,23999,False,1
570,881,4387,3,1,135,86676,2017-05-01,21599,False,1
650,1065,5653,3,2,75,34573,2022-03-01,11999,False,1
285,510,2540,3,1,115,122265,2015-03-01,10099,False,1
650,1066,5679,3,1,100,150992,2018-04-01,8599,False,1
190,272,1510,3,2,110,79632,2020-02-01,9499,False,1
190,271,1496,3,2,82,53289,2018-01-01,9499,False,1
580,958,5166,3,2,135,99832,2018-06-01,13999,False,1
190,277,1552,1,1,92,140589,2014-11-01,9199,False,1
570,876,4284,1,1,116,96315,2019-09-01,19099,False,1
670,1127,6148,1,2,130,95988,2020-02-01,14899,False,1
720,1174,6439,3,2,90,105500,2016-11-01,9999,False,1
670,1126,6142,3,1,120,79581,2017-07-01,12399,False,1
235,417,2078,1,2,181,65830,2021-12-01,21499,False,1
860,1355,7407,1,3,136,121204,2018-01-01,15799,False,1
130,159,888,1,1,190,52445,2022-03-01,30499,False,1
390,670,3336,3,2,101,56761,2023-05-01,17599,False,1
670,1130,6171,1,2,130,90586,2020-08-01,16999,False,1
730,765,3776,3,1,150,128002,2018-07-01,14799,False,1
130,161,989,1,2,252,58891,2017-07-01,28499,False,1
905,1427,7778,3,2,150,31220,2024-10-01,28299,False,1
570,876,4283,3,1,110,81028,2014-06-01,13499,False,1
868,932,5059,3,2,106,56980,2022-11-01,13799,False,1
190,312,1740,3,1,150,113871,2019-02-01,23799,False,1
340,564,2893,1,3,184,52213,2020-07-01,24999,False,1
910,1516,8472,1,3,261,89156,2021-10-01,25199,False,1
790,1235,6917,3,1,115,115582,2017-12-01,12399,False,1
790,1233,6865,3,2,75,69126,2015-12-01,9699,False,1
570,881,4380,1,2,136,55837,2019-09-01,27099,False,1
860,1355,7407,1,3,136,100315,2016-11-01,13599,False,1
345,615,3078,1,2,177,70186,2018-09-01,17799,False,1
345,626,3117,3,2,132,128023,2016-09-01,13499,False,1
190,277,1548,3,2,110,68151,2018-12-01,10099,False,1
194,343,1866,3,1,110,137254,2018-08-01,13299,False,1
800,1252,6997,3,2,60,77241,2019-11-01,9599,False,1
194,343,1871,3,2,114,38687,2019-01-01,15399,False,1
235,417,2076,3,1,130,98772,2020-02-01,17499,False,1
225,1029,5474,3,1,110,72980,2016-09-01,14399,False,1
790,1227,6834,3,2,115,95533,2018-03-01,12699,False,1
345,604,3015,3,2,120,46144,2020-02-01,15599,False,1
570,900,4666,1,1,170,88335,2019-04-01,31899,False,1
345,589,2964,3,2,79,27202,2024-12-01,16799,False,1
790,1235,6924,3,1,116,150663,2021-09-01,15399,False,1
550,838,4040,3,2,90,54083,2022-07-01,15599,False,1
345,602,3002,3,1,75,148305,2015-05-01,8599,False,1
190,284,1606,3,2,131,61257,2019-09-01,13999,False,1
340,564,2893,1,3,215,112029,2021-07-01,25399,False,1
905,1444,7906,3,2,90,85992,2015-05-01,10499,False,1
60,84,387,1,1,136,81533,2021-06-01,24599,False,1
905,1444,7906,3,2,90,95661,2014-05-01,10799,False,1
280,448,2139,3,2,70,39642,2021-05-01,10599,False,1
730,765,3776,1,1,150,82685,2016-07-01,16099,False,1
194,350,1912,3,2,90,140617,2018-08-01,9099,False,1
194,343,1871,3,2,115,93051,2018-07-01,11599,False,1
190,292,1644,3,1,100,75457,2016-06-01,8299,False,1
670,1126,6138,3,2,101,75741,2020-07-01,13399,False,1
130,174,1107,1,2,192,52063,2016-09-01,21499,False,1
280,454,2170,3,1,95,131741,2018-02-01,10499,False,1
650,1069,5699,3,1,131,107960,2020-02-01,13499,False,1
345,601,2996,1,2,87,27041,2019-08-01,12899,False,1
905,1471,8063,3,2,115,102771,2019-10-01,16999,False,1
60,88,493,1,1,204,98143,2019-06-01,26599,False,1
345,613,3065,3,2,135,142316,2014-10-01,10599,False,1
860,1397,7592,3,2,110,52058,2017-08-01,13099,False,1
285,536,2760,3,2,100,75303,2019-10-01,13799,False,1
285,505,2483,1,2,125,72653,2018-09-01,13599,False,1
225,1029,5477,3,1,130,132689,2018-05-01,14899,False,1
425,729,3604,1,3,141,75342,2020-08-01,17499,False,1
345,626,3123,1,3,265,107558,2021-10-01,22899,False,1
130,174,1103,1,1,150,80444,2019-12-01,23899,False,1
905,1440,7875,1,1,150,137132,2015-09-01,16299,False,1
830,1320,7273,3,2,83,58920,2021-07-01,14099,False,1
670,1111,6012,3,2,110,124119,2017-01-01,8399,False,1
375,651,3214,1,2,147,33963,2024-09-01,25799,False,1
670,1119,6103,1,1,160,108797,2019-12-01,15099,False,1
285,510,2529,1,2,125,104620,2019-10-01,15499,False,1
345,601,2991,3,2,67,80297,2019-09-01,9999,False,1
860,1359,7429,3,2,72,33890,2021-06-01,12199,False,1
425,692,3437,3,1,135,113448,2014-03-01,10499,False,1
650,1073,5732,3,1,170,75890,2019-04-01,15999,False,1
190,284,1606,3,2,131,93727,2019-03-01,13899,False,1
345,626,3123,1,3,265,35034,2024-02-01,30799,False,1
130,159,887,1,1,190,148164,2018-03-01,21399,False,1
570,872,4228,1,1,135,121939,2015-11-01,17099,False,1
670,1127,6154,1,3,299,92929,2020-01-01,17999,False,1
345,602,3003,3,2,84,61156,2022-09-01,13699,False,1
730,765,3776,1,1,150,108864,2018-01-01,16799,False,1
650,1048,5546,3,2,87,120411,2015-01-01,6599,False,1
910,1516,8474,1,2,163,6221,2021-12-01,26399,False,1
340,564,2893,1,3,184,114954,2020-12-01,23599,False,1
670,1127,6154,1,3,224,44088,2023-11-01,20699,False,1
650,1065,5656,3,2,101,104298,2020-02-01,9699,False,1
790,1235,6907,3,2,150,130796,2016-04-01,13699,False,1
345,601,2991,3,2,67,11831,2024-07-01,14099,False,1
790,1240,6941,1,2,150,89278,2020-02-01,24599,False,1
670,1106,5975,1,2,101,105988,2020-01-01,10899,False,1
720,1191,6626,3,2,100,93855,2017-09-01,10699,False,1
790,1235,6914,3,2,150,40173,2020-11-01,19999,False,1
670,1130,6174,3,1,120,90756,2017-11-01,15199,False,1
730,770,3863,1,1,180,73840,2018-07-01,24999,False,1
910,1516,8472,1,3,261,79143,2021-02-01,25499,False,1
860,1397,7593,1,3,116,24881,2022-12-01,19699,False,1
285,510,2529,3,2,125,135317,2019-06-01,12699,False,1
860,1360,7432,1,2,72,18862,2024-03-01,16999,False,1
280,448,2140,3,2,70,62290,2015-11-01,8599,False,1
190,275,1532,3,1,115,92443,2015-02-01,8699,False,1
860,1397,7598,3,2,100,82294,2016-08-01,11299,False,1
910,1508,8347,3,1,150,127087,2014-05-01,11699,False,1
345,602,3003,3,2,85,55750,2016-03-01,10499,False,1
905,1478,8117,3,1,150,108392,2016-09-01,19199,False,1
720,1205,6735,3,1,145,72791,2018-02-01,25399,False,1
860,1397,7593,1,3,131,10135,2025-08-01,26099,False,1
550,839,4048,3,2,100,58710,2017-06-01,14799,False,1
60,83,344,3,1,150,121260,2015-10-01,15999,False,1
190,271,1496,3,2,82,64316,2018-10-01,8499,False,1
860,1392,7570,1,3,306,102451,2022-03-01,34499,False,1
790,1233,6870,3,2,70,40097,2015-08-01,8699,False,1
340,574,2924,1,3,109,40621,2023-01-01,20899,False,1
60,102,614,1,1,200,132467,2022-02-01,32299,False,1
720,1191,6626,3,2,132,105434,2017-09-01,11599,False,1
60,83,353,1,2,150,34252,2023-09-01,29799,False,1
425,711,3506,3,2,67,10515,2022-11-01,11799,False,1
225,1005,5386,3,1,110,98320,2017-03-01,11599,False,1
860,1355,7403,3,1,90,145081,2017-02-01,10799,False,1
670,1106,5975,3,2,101,86959,2020-08-01,11199,False,1
590,984,5319,3,2,71,20412,2023-06-01,11699,False,1
860,1377,7511,3,1,177,117640,2017-09-01,34599,False,1
280,454,2177,3,1,120,141801,2017-02-01,11399,False,1
285,517,2611,3,2,85,98675,2018-04-01,7999,False,1
550,849,4115,1,2,150,50077,2019-01-01,19499,False,1
225,1010,5401,3,2,90,71463,2018-03-01,10399,False,1
130,160,937,1,1,190,70497,2017-10-01,26399,False,1
720,1175,6456,3,2,91,8761,2024-05-01,15499,False,1
650,1096,5917,3,2,140,57969,2017-10-01,13799,False,1
60,83,338,1,1,115,125537,2017-05-01,15799,False,1
130,174,1111,1,1,143,112983,2015-03-01,14899,False,1
190,271,1502,3,1,100,40726,2021-01-01,11599,False,1
720,1183,6546,1,2,130,104074,2018-12-01,13599,False,1
190,275,1525,3,2,131,26145,2024-02-01,16499,False,1
285,509,2508,3,2,100,95783,2014-11-01,8299,False,1
190,267,1465,3,1,130,75739,2022-02-01,19199,False,1
285,510,2529,3,2,125,123066,2016-02-01,8199,False,1
345,602,3003,3,2,84,39763,2023-09-01,15199,False,1
130,158,839,1,1,190,101136,2016-11-01,17999,False,1
570,876,4284,1,1,116,111964,2019-12-01,18999,False,1
905,1471,8065,1,2,150,10994,2025-03-01,31299,False,1
650,1079,5780,3,2,140,48720,2014-04-01,11099,False,1
390,670,3334,1,2,100,17082,2024-07-01,24299,False,1
340,574,2924,1,3,122,2572,2025-11-01,23099,False,1
590,962,5192,3,2,117,65291,2017-12-01,14299,False,1
650,1066,5677,3,2,110,33045,2022-02-01,12999,False,1
285,520,2647,1,1,150,152702,2019-10-01,14999,False,1
670,1111,6025,3,2,125,117931,2014-02-01,8199,False,1
40,46,169,1,1,150,82254,2017-09-01,20899,False,1
670,1138,6242,1,1,131,75422,2020-01-01,19699,False,1
425,725,3577,3,1,115,122475,2017-03-01,14199,False,1
570,881,4380,1,2,136,95287,2019-06-01,25399,False,1
570,900,4665,1,2,211,90521,2019-12-01,34699,False,1
425,723,3553,1,3,230,85606,2020-09-01,30999,False,1
194,350,1918,3,2,75,22408,2015-05-01,8599,False,1
130,174,1103,1,1,150,85587,2022-02-01,27599,False,1
550,849,4116,3,2,121,64832,2020-06-01,17099,False,1
580,958,5170,1,2,178,24697,2024-01-01,28599,False,1
800,1259,7048,3,1,110,154109,2016-12-01,11299,False,1
790,1224,6818,3,1,150,39653,2016-07-01,21099,False,1
285,525,2676,3,2,125,78252,2021-01-01,16299,False,1
280,454,2173,3,2,140,30651,2016-05-01,11799,False,1
860,1392,7570,1,3,218,150370,2019-06-01,24099,False,1
905,1425,7760,3,1,115,93198,2018-06-01,16099,False,1
670,1106,5975,3,2,101,75051,2020-01-01,11599,False,1
235,417,2076,1,1,130,85318,2020-04-01,18499,False,1
580,954,5143,3,1,115,142778,2016-07-01,11699,False,1
590,978,5284,1,3,203,140737,2018-03-01,16099,False,1
670,1126,6140,1,1,130,84947,2021-03-01,17899,False,1
425,711,3506,3,2,67,15750,2021-10-01,11399,False,1
910,1516,8479,1,2,190,128810,2019-01-01,23199,False,1
905,1478,8117,3,1,150,102417,2016-12-01,19799,False,1
650,1066,5678,3,1,102,64981,2019-11-01,12199,False,1
650,1069,5699,3,1,131,116083,2018-10-01,12799,False,1
650,1065,5660,3,2,90,109328,2016-08-01,7699,False,1
190,267,1465,3,1,102,44948,2021-05-01,18299,False,1
800,1257,7021,3,2,115,80915,2020-01-01,16699,False,1
190,269,1484,3,2,72,41421,2019-08-01,9199,False,1
345,626,3118,3,1,116,115771,2019-02-01,15199,False,1
580,956,5148,1,2,135,91313,2018-07-01,16199,False,1
60,88,469,1,1,190,109650,2015-07-01,16499,False,1
190,272,1510,3,2,110,52946,2021-03-01,11299,False,1
190,275,1526,1,2,136,28599,2025-01-01,19799,False,1
860,1366,7470,1,3,122,78639,2020-05-01,17999,False,1
905,1446,7942,3,2,180,141266,2016-03-01,17499,False,1
550,850,4121,3,1,150,118175,2017-11-01,15799,False,1
130,159,871,3,2,135,63257,2015-03-01,15799,False,1
504,803,3973,1,3,261,53751,2023-05-01,23199,False,1
790,1235,6907,3,2,150,100219,2017-07-01,14699,False,1
910,1517,8487,1,1,197,92397,2021-07-01,30099,False,1
650,1065,5656,3,2,101,60227,2020-04-01,11099,False,1
130,160,937,1,1,190,114602,2019-11-01,24399,False,1
860,1392,7570,1,3,218,68889,2022-09-01,32799,False,1
570,872,4225,1,2,136,13632,2024-05-01,29999,False,1
225,1029,5473,3,1,116,78226,2019-11-01,16599,False,1
60,80,284,3,1,110,133036,2015-04-01,13899,False,1
860,1366,7470,1,3,125,81440,2019-05-01,17699,False,1
650,1069,5698,3,2,130,26662,2018-08-01,13199,False,1
280,493,2414,3,1,120,147489,2016-10-01,9399,False,1
60,84,387,1,1,136,150763,2022-07-01,21299,False,1
425,725,3574,1,3,230,45003,2022-05-01,26699,False,1
790,1235,6914,3,2,150,2710,2025-12-01,24399,False,1
860,1366,7470,1,3,125,143874,2021-05-01,16399,False,1
800,1252,7001,3,2,90,50993,2017-04-01,10299,False,1
790,1227,6834,3,2,95,117170,2018-07-01,12199,False,1
650,1065,5653,3,2,101,70917,2020-07-01,10799,False,1
650,1063,5647,3,2,110,78318,2019-04-01,13599,False,1
720,1202,6698,3,2,140,82001,2018-08-01,14199,False,1
425,718,3536,3,2,84,70796,2022-04-01,11999,False,1
670,1126,6138,3,2,110,106617,2015-10-01,8099,False,1
425,708,3494,1,3,141,65738,2022-03-01,19499,False,1
670,1127,6151,3,1,120,82727,2015-05-01,9899,False,1
235,417,2077,1,3,299,102914,2020-07-01,21299,False,1
130,157,804,1,1,150,51471,2022-05-01,26499,False,1
285,510,2529,1,2,125,87537,2019-02-01,14999,False,1
190,279,1565,1,1,130,129509,2019-06-01,13899,False,1
225,1005,5384,3,2,117,49835,2020-06-01,15199,False,1
190,284,1607,3,1,131,79062,2021-06-01,16899,False,1
580,958,5175,3,2,102,132928,2015-03-01,9199,False,1
345,615,3076,1,3,141,68597,2022-04-01,19099,False,1
225,1005,5388,1,3,143,4891,2025-09-01,24999,False,1
235,417,2076,1,1,130,96969,2021-05-01,19699,False,1
190,277,1548,3,2,82,101108,2016-02-01,8299,False,1
60,83,351,1,1,150,150771,2021-05-01,21299,False,1
650,1066,5678,3,1,102,33370,2019-01-01,12699,False,1
650,1065,5660,3,2,90,60262,2017-06-01,9199,False,1
60,87,441,1,1,150,87873,2017-10-01,22999,False,1
905,1477,8094,1,1,262,106868,2016-01-01,26299,False,1
905,1444,7902,3,2,95,102656,2019-10-01,13599,False,1
670,1111,6019,3,1,115,80266,2014-10-01,10499,False,1
860,1398,7599,1,3,131,5847,2025-12-01,29399,False,1
285,518,2618,3,1,150,97882,2018-06-01,15899,False,1
570,900,4666,1,1,170,159683,2015-12-01,22299,False,1
905,1477,8094,1,1,205,156077,2016-05-01,21099,False,1
670,1130,6171,3,2,131,59815,2021-10-01,18499,False,1
235,413,2064,1,2,165,117934,2017-01-01,10999,False,1
280,454,2173,1,2,140,104878,2018-05-01,12099,False,1
380,654,3237,1,1,180,82024,2017-09-01,17399,False,1
190,271,1496,3,2,82,93840,2019-03-01,7799,False,1
800,1252,7003,1,1,90,135818,2018-06-01,10299,False,1
550,849,4115,1,2,120,94418,2015-10-01,13999,False,1
830,1332,7320,3,2,116,53305,2022-11-01,20099,False,1
670,1111,6012,3,2,110,33507,2016-02-01,9099,False,1
550,849,4116,1,2,121,84504,2019-02-01,16799,False,1
345,604,3014,3,2,120,11824,2025-04-01,18799,False,1
280,448,2140,3,2,70,35772,2020-05-01,10899,False,1
590,978,5283,1,2,150,139929,2018-07-01,15099,False,1
550,839,4056,1,2,122,81190,2019-10-01,17999,False,1
285,514,2597,3,1,140,72673,2014-06-01,11599,False,1
905,1478,8112,3,1,115,140488,2018-06-01,16599,False,1
868,932,5059,3,2,106,41471,2023-02-01,14099,False,1
190,269,1484,3,2,72,14328,2018-08-01,9399,False,1
910,1516,8479,1,2,190,105081,2018-10-01,22999,False,1
860,1397,7589,3,2,70,77263,2016-10-01,10199,False,1
670,1111,6018,3,1,100,112868,2015-05-01,7499,False,1
730,765,3776,3,1,150,82124,2020-08-01,20499,False,1
190,275,1531,3,1,100,133325,2015-04-01,7699,False,1
60,84,370,3,1,150,110105,2015-10-01,15999,False,1
670,1126,6143,3,1,92,119950,2015-02-01,10099,False,1
130,177,1172,1,1,190,81140,2019-04-01,29299,False,1
860,1360,7432,3,2,72,20797,2024-12-01,15799,False,1
860,1355,7407,1,3,136,112414,2016-08-01,13999,False,1
905,1471,8063,3,2,110,70265,2021-06-01,16799,False,1
130,159,869,3,1,115,145385,2014-06-01,12899,False,1
285,509,2527,3,2,82,118112,2017-05-01,8399,False,1
590,974,5251,3,1,150,44771,2021-09-01,29699,False,1
130,176,1152,1,1,190,120971,2018-04-01,28899,False,1
730,765,3776,1,1,163,103477,2021-05-01,25599,False,1
580,956,5156,1,1,189,138113,2018-10-01,18099,False,1
60,80,280,3,2,150,61928,2017-01-01,16899,False,1
345,604,3031,3,2,275,93058,2018-07-01,24499,False,1
280,448,2140,3,2,70,59836,2018-04-01,9299,False,1
905,1475,8084,3,1,110,122611,2015-07-01,13799,False,1
380,654,3244,1,1,241,51117,2022-04-01,32499,False,1
910,1508,8337,3,1,115,141009,2015-01-01,10599,False,1
670,1127,6159,1,1,180,76204,2019-05-01,18999,False,1
905,1434,7825,1,1,150,125849,2014-12-01,13799,False,1
720,1183,6546,3,2,130,95601,2017-02-01,12599,False,1
60,101,602,1,2,150,145437,2020-08-01,22899,False,1
130,174,1119,1,3,220,51619,2021-09-01,26399,False,1
860,1397,7593,1,3,101,88169,2019-03-01,15099,False,1
225,1028,5467,3,1,110,146080,2014-11-01,8199,False,1
910,1517,8502,1,3,392,68879,2020-07-01,31599,False,1
670,1127,6159,3,1,150,137585,2018-03-01,15399,False,1
860,1362,7442,1,3,197,3228,2024-09-01,34299,False,1
190,275,1525,1,2,131,85670,2022-06-01,13999,False,1
720,1191,6627,3,2,140,50872,2020-12-01,15499,False,1
550,839,4049,3,1,105,105203,2016-09-01,11399,False,1
60,82,313,3,1,110,154588,2016-06-01,13599,False,1
720,1174,6443,1,2,120,134580,2015-11-01,10999,False,1
130,174,1104,1,2,140,133591,2018-12-01,18399,False,1
190,267,1462,3,2,110,112698,2019-03-01,12799,False,1
720,1204,6729,3,1,120,123176,2020-01-01,13999,False,1
650,1055,5592,3,1,110,86734,2014-04-01,8099,False,1
225,1010,5406,3,2,92,107322,2021-03-01,11299,False,1
650,1066,5677,3,2,110,52882,2023-03-01,12899,False,1
820,1312,7248,3,1,147,145971,2014-02-01,11399,False,1
860,1387,7547,3,1,150,102010,2018-03-01,26599,False,1
190,277,1548,3,2,110,124250,2016-02-01,7399,False,1
550,853,4131,3,2,122,65897,2023-09-01,20099,False,1
670,1126,6138,3,2,110,70918,2016-07-01,9199,False,1
60,78,271,3,2,95,30048,2023-08-01,19699,False,1
670,1111,6018,3,1,120,112490,2016-12-01,10299,False,1
190,284,1606,3,2,130,75300,2019-07-01,12999,False,1
190,277,1548,3,2,82,70288,2016-10-01,7899,False,1
60,87,452,1,2,150,58076,2019-07-01,24999,False,1
905,1444,7913,3,1,75,131428,2016-07-01,9399,False,1
800,1259,7058,1,2,190,79347,2019-06-01,17599,False,1
285,510,2540,3,1,115,142159,2014-10-01,8599,False,1
285,510,2530,3,2,155,80307,2023-05-01,18299,False,1
550,863,4162,1,3,170,52107,2023-12-01,23899,False,1
425,723,3555,1,1,193,43677,2022-04-01,31599,False,1
190,278,1555,3,1,120,134144,2016-05-01,10899,False,1
60,102,611,1,1,150,49012,2022-02-01,35199,False,1
560,1272,7114,1,2,90,20191,2016-11-01,12799,False,1
425,725,3570,3,2,132,59662,2020-02-01,16399,False,1
860,1355,7401,3,2,115,56176,2016-03-01,13099,False,1
670,1127,6153,3,1,115,139043,2014-07-01,8799,False,1
580,956,5154,1,3,224,99092,2018-06-01,19099,False,1
790,1235,6911,1,2,150,54961,2020-11-01,21099,False,1
580,953,5136,3,2,98,157605,2015-04-01,10699,False,1
720,1184,6562,3,1,111,104763,2015-11-01,12999,False,1
225,1005,5388,1,3,143,23246,2023-05-01,23399,False,1
425,729,3597,3,2,120,16858,2022-08-01,17699,False,1
860,1398,7599,1,3,120,63789,2022-11-01,22299,False,1
570,872,4224,1,1,116,59101,2021-07-01,26499,False,1
670,1136,6229,3,1,100,137272,2017-05-01,11699,False,1
425,725,3569,3,1,116,143422,2019-11-01,14999,False,1
570,876,4282,1,2,136,82497,2021-07-01,23899,False,1
860,1362,7441,1,3,122,60104,2019-07-01,19999,False,1
285,510,2530,3,2,155,38900,2023-12-01,19299,False,1
860,1391,7561,3,1,150,124363,2017-03-01,23899,False,1
910,1516,8480,1,2,247,77403,2017-12-01,23399,False,1
225,1010,5407,3,2,80,7310,2016-05-01,9099,False,1
235,410,2047,3,1,100,143375,2016-07-01,8499,False,1
225,1029,5474,3,1,110,143725,2015-03-01,11899,False,1
130,157,809,1,2,178,21640,2024-02-01,29599,False,1
670,1136,6229,3,1,100,133075,2016-06-01,11399,False,1
40,43,155,3,1,150,78071,2016-12-01,11799,False,1
860,1389,7554,3,1,131,70192,2021-03-01,19299,False,1
285,518,2618,3,1,150,151406,2018-12-01,13199,False,1
60,77,259,1,2,110,49886,2022-01-01,22699,False,1
280,479,2313,3,2,69,8987,2023-06-01,13499,False,1
670,1111,6012,3,2,130,98703,2020-12-01,10499,False,1
425,692,3437,3,1,115,91586,2016-01-01,12799,False,1
650,1069,5701,1,3,300,60608,2021-01-01,18999,False,1
868,924,5037,1,3,194,17468,2024-08-01,17599,False,1
225,1029,5474,3,1,110,137971,2017-03-01,13499,False,1
905,1471,8065,1,2,150,149708,2019-10-01,18299,False,1
550,850,4122,1,2,195,81819,2018-01-01,20399,False,1
190,275,1525,1,2,130,48492,2023-12-01,16299,False,1
190,272,1510,3,2,110,48140,2019-04-01,11099,False,1
905,1479,8118,1,2,60,103471,2014-01-01,7699,False,1
345,602,3003,3,2,84,24192,2023-03-01,14799,False,1
345,626,3119,1,1,136,102082,2022-02-01,21799,False,1
905,1478,8105,3,2,110,108896,2018-01-01,15199,False,1
800,1264,7081,1,2,150,27347,2019-06-01,17499,False,1
670,1126,6138,3,2,131,94010,2019-01-01,12199,False,1
570,886,4514,1,1,195,158756,2017-10-01,25899,False,1
860,1388,7551,3,1,131,95092,2021-05-01,18499,False,1
790,1227,6834,1,2,115,104327,2019-06-01,14899,False,1
790,1240,6942,3,1,150,41254,2023-04-01,28299,False,1
790,1233,6869,3,2,110,84211,2021-05-01,13799,False,1
720,1191,6626,3,2,115,87971,2016-08-01,9199,False,1
810,1283,7154,1,1,136,44851,2020-07-01,15699,False,1
425,725,3569,3,1,116,76367,2019-10-01,16999,False,1
285,535,2749,3,2,100,110520,2018-07-01,13699,False,1
730,769,3842,1,1,258,122934,2015-04-01,22199,False,1
905,1461,8032,3,1,150,111586,2017-12-01,27399,False,1
800,1256,7018,3,2,95,52160,2021-07-01,15499,False,1
570,872,4223,3,1,110,134684,2014-05-01,13199,False,1
190,272,1510,1,2,131,73367,2020-11-01,12399,False,1
425,694,3450,3,2,100,12539,2025-01-01,17899,False,1
580,956,5149,1,2,170,10921,2024-06-01,31399,False,1
905,1471,8065,1,2,150,70305,2022-03-01,22999,False,1
905,1440,7853,1,3,218,96800,2020-02-01,19599,False,1
190,267,1468,3,1,100,118369,2016-12-01,10799,False,1
425,727,3588,3,2,101,95095,2018-09-01,12099,False,1
280,448,2140,3,2,70,74443,2014-03-01,8099,False,1
570,872,4224,1,1,116,25673,2024-10-01,30399,False,1
570,876,4288,1,1,135,137911,2015-02-01,14099,False,1
860,1355,7405,3,2,132,111962,2014-02-01,10999,False,1
130,174,1103,1,1,150,64434,2020-02-01,24399,False,1
670,1127,6149,1,1,130,142923,2019-10-01,15399,False,1
190,278,1556,3,1,115,125586,2015-07-01,11199,False,1
790,1233,6869,3,2,95,98816,2017-06-01,10399,False,1
670,1140,6247,3,1,150,145067,2020-10-01,23999,False,1
910,1508,8347,1,1,150,116203,2017-09-01,14899,False,1
910,1517,8499,1,3,341,99836,2020-09-01,30099,False,1
590,962,5193,3,1,115,110520,2018-08-01,13699,False,1
910,1517,8492,1,1,180,153321,2015-04-01,17499,False,1
60,78,269,3,2,95,54777,2020-05-01,16499,False,1
390,679,3402,3,2,110,54623,2018-05-01,13999,False,1
285,510,2554,3,2,280,42491,2019-11-01,26199,False,1
670,1106,5975,3,2,75,10860,2023-03-01,12399,False,1
425,727,3590,3,2,85,20562,2019-07-01,13199,False,1
860,1391,7561,3,1,150,97367,2017-05-01,24799,False,1
130,160,951,1,2,252,79679,2019-12-01,26699,False,1
550,853,4131,1,2,122,87444,2022-04-01,20499,False,1
670,1106,5975,3,2,82,53195,2017-11-01,7899,False,1
190,282,1585,1,2,131,79474,2023-03-01,14099,False,1
670,1101,5942,1,2,70,26947,2016-03-01,9899,False,1
720,1175,6454,3,2,90,62061,2014-09-01,9199,False,1
905,1405,7620,3,1,110,57294,2018-07-01,15199,False,1
570,899,4651,1,2,163,80951,2022-04-01,33099,False,1
285,509,2511,3,2,85,75535,2017-07-01,8999,False,1
820,1312,7246,1,2,115,132451,2019-09-01,14999,False,1
194,343,1866,1,1,110,97692,2017-05-01,12799,False,1
570,872,4227,1,2,163,62693,2019-09-01,22799,False,1
425,711,3506,3,2,67,76201,2020-01-01,10899,False,1
720,1175,6454,3,2,75,33615,2018-11-01,9899,False,1
720,1175,6453,3,2,90,88922,2014-07-01,8199,False,1
550,850,4118,1,2,165,73053,2021-09-01,24699,False,1
550,839,4055,3,2,186,76904,2023-02-01,22899,False,1
550,853,4131,3,2,122,55789,2022-04-01,20899,False,1
790,1229,6845,3,1,150,50242,2022-02-01,23799,False,1
130,177,1177,1,1,258,150019,2016-06-01,25299,False,1
60,83,338,3,1,110,144491,2016-10-01,13099,False,1
194,350,1912,3,2,90,47780,2015-03-01,9099,False,1
670,1126,6138,3,2,131,78643,2021-05-01,14899,False,1
860,1397,7593,1,3,116,37254,2022-08-01,18999,False,1
550,853,4131,3,2,122,43742,2022-12-01,21699,False,1
860,1397,7593,1,3,116,45154,2022-02-01,18399,False,1
235,410,2044,3,2,110,122518,2018-06-01,8799,False,1
425,711,3506,3,2,67,52177,2019-11-01,9699,False,1
285,501,2454,3,2,125,65481,2016-06-01,10199,False,1
345,604,3031,3,2,275,99539,2019-03-01,22799,False,1
60,87,441,1,1,190,88578,2016-11-01,25099,False,1
790,1235,6926,1,2,190,150150,2019-05-01,15599,False,1
905,1425,7760,3,1,105,113015,2014-01-01,12099,False,1
720,1183,6546,3,2,130,85096,2017-01-01,12699,False,1
340,571,2910,1,3,131,27131,2023-03-01,27399,False,1
345,604,3030,3,2,280,58357,2021-11-01,32399,False,1
800,1252,7001,1,2,110,108881,2016-07-01,10099,False,1
40,46,168,1,2,280,36299,2018-10-01,26199,False,1
590,984,5319,3,2,71,64566,2022-04-01,11099,False,1
425,723,3554,1,3,265,63076,2023-10-01,35699,False,1
590,962,5199,1,1,150,113954,2014-02-01,11499,False,1
190,279,1564,3,2,130,50924,2020-12-01,13799,False,1
285,517,2611,3,2,85,83275,2018-04-01,8499,False,1
790,1238,6933,3,2,75,26393,2019-01-01,9199,False,1
670,1111,6018,3,1,100,137943,2017-09-01,9499,False,1
130,177,1172,1,1,190,115766,2020-02-01,33099,False,1
285,518,2622,1,3,190,77815,2020-12-01,21199,False,1
550,849,4115,3,2,120,56942,2019-04-01,16399,False,1
194,344,1874,3,2,110,58446,2022-04-01,17199,False,1
580,958,5175,1,2,102,57172,2014-10-01,11799,False,1
570,886,4529,1,2,245,59909,2017-06-01,26799,False,1
190,279,1564,3,2,130,49544,2021-04-01,14299,False,1
425,718,3534,3,2,101,50589,2022-01-01,13999,False,1
390,679,3403,3,1,120,45749,2015-12-01,14599,False,1
670,1106,5975,1,2,110,60681,2019-05-01,9999,False,1
130,157,803,3,2,110,57518,2018-10-01,14899,False,1
280,479,2313,3,2,70,13931,2021-12-01,10099,False,1
670,1106,5975,3,2,75,32807,2024-03-01,12799,False,1
194,341,1841,3,1,95,148590,2020-04-01,13499,False,1
60,87,441,1,1,190,100078,2018-04-01,24799,False,1
130,174,1103,1,1,150,36703,2022-07-01,29399,False,1
130,175,1124,1,1,150,79130,2021-09-01,27299,False,1
425,725,3570,3,2,135,101774,2016-03-01,12199,False,1
130,157,804,3,1,150,95126,2020-10-01,22299,False,1
190,271,1496,3,2,83,47866,2021-12-01,9999,False,1
285,501,2454,3,2,125,142672,2016-03-01,9099,False,1
190,267,1468,3,1,99,99207,2017-11-01,12799,False,1
650,1096,5925,3,1,130,120172,2015-08-01,9599,False,1
190,272,1510,3,2,110,60948,2021-02-01,10799,False,1
860,1362,7441,1,3,122,62252,2019-04-01,19799,False,1
425,729,3597,3,2,120,88315,2020-10-01,15099,False,1
670,1126,6138,3,2,110,113546,2017-01-01,8299,False,1
670,1126,6142,3,1,120,87218,2016-03-01,10199,False,1
345,604,3031,3,2,275,93804,2020-02-01,24999,False,1
905,1444,7906,3,2,90,73765,2014-12-01,10099,False,1
190,271,1496,3,2,82,87635,2017-10-01,7499,False,1
190,271,1496,1,2,110,49498,2019-06-01,10599,False,1
225,1029,5470,3,2,115,100570,2017-05-01,13199,False,1
345,615,3071,3,2,120,8854,2024-06-01,22699,False,1
280,449,2149,3,2,70,30364,2021-06-01,12599,False,1
130,174,1103,1,1,150,57985,2019-03-01,22699,False,1
905,1444,7913,3,1,105,57663,2015-08-01,11699,False,1
650,1079,5780,3,2,140,116900,2014-12-01,8699,False,1
285,536,2761,3,1,75,43426,2015-02-01,10799,False,1
910,1514,8449,1,1,190,132424,2020-09-01,24999,False,1
560,1273,7124,1,2,90,70005,2018-04-01,12699,False,1
570,922,5028,1,1,136,131817,2021-04-01,30999,False,1
280,452,2163,3,2,95,23936,2019-02-01,11399,False,1
650,1063,5647,1,2,131,26007,2021-04-01,19899,False,1
580,958,5168,3,1,115,76526,2016-09-01,12399,False,1
285,517,2611,3,2,86,47399,2019-07-01,10299,False,1
345,602,3003,3,2,84,63862,2022-04-01,13399,False,1
194,343,1865,3,1,116,56655,2023-01-01,17499,False,1
905,1471,8065,1,2,150,75638,2020-06-01,19999,False,1
225,1010,5407,3,2,80,124655,2017-02-01,7299,False,1
190,275,1525,1,2,131,23747,2023-10-01,18099,False,1
670,1127,6148,3,2,130,66342,2019-05-01,13899,False,1
790,1243,6954,3,2,105,57621,2015-04-01,10599,False,1
550,853,4130,1,2,186,62937,2022-08-01,23699,False,1
285,510,2530,3,2,125,97036,2021-12-01,15099,False,1
790,1227,6834,1,2,116,54622,2020-06-01,16099,False,1
189,324,1797,1,2,150,29249,2024-04-01,26999,False,1
670,1126,6138,3,2,110,40535,2017-04-01,9199,False,1
340,583,2947,1,3,184,38719,2023-10-01,31299,False,1
905,1475,8084,1,1,140,117430,2014-05-01,15999,False,1
550,839,4056,1,2,122,75178,2019-07-01,17699,False,1
905,1475,8081,1,2,150,89550,2019-01-01,25099,False,1
285,518,2618,3,1,120,45643,2019-12-01,17099,False,1
425,711,3508,3,2,100,63916,2018-04-01,9999,False,1
189,325,1803,1,3,204,16505,2025-03-01,34799,False,1
720,1175,6458,3,2,73,25254,2014-06-01,8799,False,1
285,520,2645,1,1,180,147487,2018-10-01,13599,False,1
670,1130,6172,1,1,131,90443,2023-03-01,23899,False,1
345,626,3118,3,1,116,64914,2023-10-01,21899,False,1
20,5,7,3,2,145,90134,2020-09-01,14699,False,1
670,1106,5975,3,2,82,83560,2018-12-01,7499,False,1
860,1397,7588,3,2,69,105099,2018-04-01,10799,False,1
345,615,3071,1,2,120,54555,2021-12-01,16599,False,1
60,100,585,3,2,150,94289,2018-05-01,17999,False,1
650,1055,5578,3,2,125,99728,2018-06-01,10299,False,1
487,785,3919,1,3,223,96457,2016-07-01,26399,False,1
670,1127,6156,1,2,181,82467,2019-03-01,17099,False,1
790,1227,6834,3,2,110,33849,2022-07-01,15599,False,1
860,1392,7570,1,3,218,45147,2022-01-01,34299,False,1
790,1235,6917,3,1,115,156274,2018-03-01,10999,False,1
550,853,4130,1,2,186,28644,2022-09-01,24799,False,1
650,1065,5653,3,2,75,42638,2022-12-01,11399,False,1
550,850,4120,1,1,184,95612,2021-05-01,25299,False,1
830,1329,7302,3,2,83,21595,2021-08-01,15799,False,1
670,1130,6172,1,1,131,33936,2023-04-01,25799,False,1
570,886,4514,1,1,195,119784,2018-11-01,32499,False,1
905,1471,8065,1,2,150,92722,2019-09-01,19199,False,1
60,100,588,1,2,190,125911,2018-03-01,21799,False,1
285,518,2622,1,3,190,44560,2022-04-01,24099,False,1
790,1235,6914,3,2,150,58186,2021-09-01,19599,False,1
225,1010,5410,3,1,90,145453,2017-09-01,9299,False,1
905,1472,8069,1,2,116,22864,2024-07-01,22599,False,1
550,838,4041,1,3,116,20044,2023-03-01,19299,False,1
425,718,3534,3,2,101,78286,2022-01-01,13299,False,1
790,1235,6907,3,2,150,123646,2016-07-01,12299,False,1
720,1191,6627,3,2,140,55539,2021-06-01,15899,False,1
720,1175,6454,3,2,90,94088,2014-09-01,8499,False,1
860,1362,7443,1,3,223,33998,2025-02-01,31399,False,1
280,493,2410,3,2,120,29333,2019-07-01,12699,False,1
860,1392,7570,1,3,200,136606,2016-09-01,19399,False,1
670,1127,6148,3,2,130,83179,2019-06-01,12699,False,1
905,1461,8032,3,1,115,34629,2019-01-01,29299,False,1
860,1367,7474,1,3,140,7756,2025-06-01,34999,False,1
790,1243,6958,3,1,115,54656,2016-03-01,10899,False,1
910,1516,8477,3,1,150,104221,2020-06-01,20499,False,1
190,271,1496,3,2,82,62353,2018-06-01,8299,False,1
720,1174,6443,1,2,120,80347,2014-07-01,10499,False,1
580,958,5175,3,2,102,48045,2022-04-01,16999,False,1
670,1111,6021,3,1,92,109393,2014-04-01,7899,False,1
570,886,4514,1,1,195,110742,2017-10-01,27099,False,1
425,711,3506,3,2,67,24147,2020-07-01,10599,False,1
570,898,4637,1,2,155,54220,2019-09-01,24299,False,1
860,1398,7599,1,3,116,8686,2023-07-01,24799,False,1
340,562,2869,1,2,182,74571,2018-03-01,19899,False,1
570,898,4638,1,1,150,65560,2022-03-01,30599,False,1
285,501,2456,3,1,95,126473,2016-05-01,9599,False,1
345,615,3076,1,3,141,11289,2023-07-01,25999,False,1
790,1235,6906,3,2,125,143802,2019-03-01,12699,False,1
860,1397,7593,1,3,101,80784,2015-06-01,12499,False,1
670,1130,6179,1,2,155,65412,2015-06-01,11799,False,1
720,1174,6446,1,2,140,31520,2022-11-01,19199,False,1
425,694,3450,3,2,100,106584,2018-05-01,10499,False,1
130,158,835,1,2,140,130061,2019-02-01,14799,False,1
425,711,3506,3,2,67,10635,2019-03-01,9899,False,1
425,711,3511,3,2,85,19090,2019-10-01,11899,False,1
650,1066,5677,3,2,110,33309,2023-02-01,12899,False,1
190,271,1496,3,2,83,132588,2020-05-01,8199,False,1
905,1425,7760,3,1,115,154850,2019-09-01,14899,False,1
730,765,3784,1,1,163,78069,2021-06-01,24699,False,1
190,271,1498,3,2,82,87256,2014-01-01,6499,False,1
720,1175,6453,3,2,90,13902,2018-07-01,11599,False,1
670,1101,5942,3,2,72,39821,2020-10-01,9899,False,1
650,1065,5656,3,2,101,31180,2024-01-01,12799,False,1
570,922,5029,1,1,163,158235,2021-02-01,29799,False,1
650,1048,5546,3,2,87,76239,2014-12-01,7899,False,1
190,272,1510,3,2,110,105374,2018-05-01,8699,False,1
504,803,3973,1,3,261,93714,2022-08-01,20299,False,1
905,1471,8067,1,1,150,19912,2022-03-01,25399,False,1
650,1065,5656,3,2,100,107331,2020-06-01,10599,False,1
345,615,3076,1,3,141,70851,2022-07-01,19199,False,1
650,1069,5698,3,2,130,34958,2023-10-01,17799,False,1
345,615,3074,3,1,116,94989,2018-12-01,14599,False,1
194,350,1912,3,2,90,32404,2019-05-01,11099,False,1
425,694,3458,3,1,115,151997,2019-09-01,11799,False,1
905,1478,8105,3,2,110,104310,2018-04-01,15699,False,1
285,510,2530,3,2,125,32393,2021-05-01,17199,False,1
670,1138,6242,3,1,131,61654,2021-01-01,17999,False,1
868,932,5059,3,2,106,36621,2023-12-01,13199,False,1
60,78,262,3,2,85,113032,2014-06-01,10499,False,1
280,479,2315,3,2,70,35405,2019-09-01,8499,False,1
720,1202,6703,3,1,110,150805,2017-04-01,10999,False,1
285,518,2619,1,1,120,57064,2024-02-01,23699,False,1
790,1229,6843,3,2,150,80388,2022-03-01,20099,False,1
790,1235,6914,3,2,150,63824,2020-03-01,18399,False,1
130,174,1103,1,1,150,87173,2019-11-01,22399,False,1
905,1475,8076,1,3,245,99710,2023-03-01,29999,False,1
905,1478,8117,3,1,150,118949,2016-11-01,18899,False,1
860,1397,7593,1,3,101,111781,2018-07-01,13199,False,1
650,1063,5648,3,1,100,30317,2021-05-01,17499,False,1
790,1229,6845,3,1,150,45618,2023-04-01,22199,False,1
60,88,469,1,1,190,122823,2017-03-01,19899,False,1
800,1252,6998,3,2,95,49470,2018-09-01,10699,False,1
570,898,4641,1,1,190,58126,2021-10-01,35199,False,1
345,604,3014,3,2,120,56881,2022-10-01,16299,False,1
60,83,357,1,3,204,13440,2023-11-01,32899,False,1
190,292,1644,3,1,100,141943,2016-03-01,7199,False,1
190,271,1496,1,2,110,100206,2018-10-01,9899,False,1
905,1425,7762,1,1,150,81748,2014-08-01,16499,False,1
670,1111,6027,1,1,150,150914,2016-02-01,10099,False,1
285,518,2613,3,2,150,112007,2015-02-01,10699,False,1
345,604,3024,3,1,116,102873,2020-09-01,13599,False,1
225,1005,5387,1,2,117,28797,2018-02-01,13099,False,1
570,886,4514,1,1,195,101498,2017-07-01,30799,False,1
130,158,831,1,1,150,64228,2021-10-01,19999,False,1
670,1136,6229,3,1,100,149828,2015-06-01,10199,False,1
790,1235,6917,3,1,115,133602,2019-06-01,11999,False,1
650,1065,5662,3,2,100,49408,2018-02-01,9399,False,1
650,1096,5920,3,1,120,96640,2016-02-01,9699,False,1
720,1175,6456,3,2,91,43716,2021-05-01,12699,False,1
190,271,1496,3,2,82,80539,2018-04-01,7999,False,1
345,626,3118,3,1,116,51283,2024-06-01,23799,False,1
860,1360,7432,1,2,72,6794,2024-10-01,17499,False,1
285,518,2618,1,1,150,120217,2017-04-01,15199,False,1
285,525,2677,3,2,125,71438,2021-09-01,16099,False,1
860,1397,7593,1,3,101,49301,2015-03-01,12799,False,1
425,725,3569,3,1,116,24961,2020-08-01,18499,False,1
650,1065,5653,3,2,75,107736,2021-07-01,9199,False,1
905,1444,7919,3,1,95,98549,2019-07-01,14199,False,1
390,679,3403,3,1,120,95294,2017-09-01,13499,False,1
285,529,2699,3,1,115,121810,2014-06-01,10699,False,1
190,267,1462,3,2,110,68437,2019-01-01,16499,False,1
470,758,3703,3,2,70,96332,2014-06-01,6599,False,1
235,417,2079,1,1,180,150980,2021-08-01,17999,False,1
670,1126,6137,1,2,136,35761,2024-07-01,22499,False,1
60,78,264,3,2,125,71890,2016-05-01,13799,False,1
860,1366,7473,1,3,184,66838,2020-07-01,23799,False,1
130,175,1135,1,3,220,21276,2022-11-01,29999,False,1
905,1427,7781,1,1,150,24639,2024-10-01,29199,False,1
340,562,2862,1,2,130,151792,2017-04-01,15199,False,1
790,1235,6914,3,2,150,117615,2019-05-01,15199,False,1
190,279,1564,3,2,130,94867,2019-08-01,11999,False,1
905,1440,7875,1,1,190,158609,2017-10-01,15999,False,1
425,694,3459,3,1,136,111213,2021-11-01,14399,False,1
720,1185,6575,1,1,190,69449,2020-02-01,22099,False,1
800,1252,6998,3,2,95,9790,2025-10-01,16799,False,1
425,694,3458,3,1,135,148169,2015-11-01,9999,False,1
800,1252,6997,3,2,75,34069,2018-11-01,10499,False,1
345,602,3003,3,2,85,12114,2017-02-01,11099,False,1
670,1111,6012,3,2,130,49621,2022-05-01,15199,False,1
580,953,5131,1,1,115,111753,2017-04-01,14799,False,1
830,1320,7272,3,2,90,30897,2018-11-01,11899,False,1
280,493,2409,3,2,95,120142,2016-12-01,8999,False,1
590,974,5251,3,1,150,27082,2021-09-01,30299,False,1
570,886,4548,1,2,299,136657,2020-01-01,30999,False,1
425,711,3511,3,2,84,51607,2020-12-01,11899,False,1
670,1136,6229,3,1,120,99734,2018-08-01,13199,False,1
190,281,1580,3,2,131,127753,2018-05-01,9299,False,1
225,1010,5406,3,2,92,68078,2021-11-01,11499,False,1
570,898,4645,1,3,218,83738,2020-12-01,31399,False,1
340,564,2893,1,3,184,63065,2020-12-01,24999,False,1
190,271,1496,3,2,82,89482,2018-02-01,8299,False,1
670,1130,6171,3,2,130,54079,2016-03-01,9899,False,1
190,272,1510,3,2,110,119076,2021-02-01,9299,False,1
190,275,1532,3,1,115,124512,2014-10-01,7499,False,1
790,1235,6924,3,1,150,129957,2018-09-01,14999,False,1
905,1471,8067,1,1,150,69790,2018-10-01,21399,False,1
190,277,1548,3,2,82,140851,2017-05-01,7599,False,1
60,83,338,3,1,110,89215,2015-06-01,14199,False,1
280,479,2320,3,1,95,108664,2017-03-01,8699,False,1
720,1191,6624,3,2,115,117957,2015-09-01,8399,False,1
670,1101,5942,3,2,72,72090,2019-01-01,8499,False,1
190,271,1504,3,1,100,79798,2018-04-01,9699,False,1
830,1332,7321,1,3,116,35830,2022-03-01,19699,False,1
487,784,3913,1,3,197,148003,2015-08-01,20199,False,1
860,1397,7593,1,3,116,61857,2023-02-01,19099,False,1
194,350,1916,3,2,101,39025,2020-11-01,12199,False,1
650,1055,5578,3,2,125,105673,2018-04-01,10399,False,1
650,1055,5585,3,1,110,150265,2016-09-01,7999,False,1
790,1235,6914,3,2,131,33267,2019-12-01,15399,False,1
650,1096,5921,1,2,136,50175,2018-12-01,15199,False,1
425,711,3511,3,2,85,37246,2020-08-01,12099,False,1
340,564,2889,3,1,120,134408,2014-12-01,13199,False,1
720,1203,6720,1,3,143,14199,2025-03-01,29799,False,1
790,1229,6844,1,1,115,103732,2019-03-01,15899,False,1
670,1126,6138,3,2,101,88570,2020-06-01,12499,False,1
790,1235,6911,1,2,150,64632,2020-12-01,19399,False,1
390,670,3336,3,2,101,13748,2023-10-01,18599,False,1
285,501,2454,3,2,125,56136,2018-06-01,11099,False,1
720,1191,6636,3,1,130,80877,2018-05-01,13999,False,1
194,350,1912,3,2,90,30348,2016-09-01,9499,False,1
190,271,1496,3,2,82,77868,2019-04-01,8099,False,1
905,1470,8060,1,2,116,23906,2024-06-01,24199,False,1
570,881,4396,1,1,177,156969,2015-07-01,17999,False,1
345,615,3073,3,2,120,21011,2021-03-01,15599,False,1
720,1174,6448,1,1,90,51219,2015-04-01,12399,False,1
650,1065,5660,3,2,90,23238,2017-06-01,10399,False,1
670,1101,5942,1,2,72,26631,2019-04-01,10499,False,1
790,1227,6834,3,2,116,65850,2019-10-01,13699,False,1
487,789,3939,1,3,199,2031,2024-07-01,32799,False,1
130,158,826,1,1,116,34636,2022-07-01,24599,False,1
670,1111,6024,1,2,225,121738,2018-07-01,14099,False,1
790,1235,6924,1,1,150,125136,2021-06-01,19499,False,1
190,279,1565,3,1,131,114772,2019-12-01,11899,False,1
790,1235,6907,3,2,150,112992,2018-11-01,14399,False,1
190,271,1496,3,2,83,53774,2021-03-01,9099,False,1
580,958,5166,1,2,135,121927,2017-08-01,13099,False,1
194,341,1843,3,1,90,140115,2017-01-01,10899,False,1
860,1397,7593,1,3,116,51601,2022-11-01,17399,False,1
860,1357,7422,3,1,143,73412,2016-11-01,13699,False,1
550,850,4117,3,2,165,94430,2022-01-01,22499,False,1
345,602,3003,3,2,84,10649,2023-09-01,16199,False,1
580,956,5150,1,1,110,116401,2014-02-01,12999,False,1
60,75,248,3,2,85,69503,2014-03-01,10799,False,1
190,280,1569,3,2,130,97862,2017-05-01,8999,False,1
130,159,890,1,2,185,93838,2019-11-01,23599,False,1
670,1111,6018,3,1,100,128458,2017-09-01,9299,False,1
860,1397,7593,1,3,101,77456,2019-02-01,14299,False,1
905,1446,7937,3,2,125,115125,2017-09-01,15199,False,1
905,1471,8067,1,1,150,20092,2022-07-01,25899,False,1
190,280,1571,3,1,100,126261,2015-07-01,8999,False,1
345,601,2991,3,2,67,24422,2015-02-01,8999,False,1
340,564,2888,1,2,193,136795,2018-11-01,19599,False,1
425,708,3495,1,3,141,68997,2022-04-01,18599,False,1
720,1183,6546,3,2,130,106364,2018-01-01,12399,False,1
570,876,4289,1,1,150,78565,2019-03-01,21299,False,1
860,1355,7407,1,3,140,119552,2018-12-01,14399,False,1
60,101,600,1,1,150,65694,2023-05-01,27299,False,1
670,1127,6149,3,1,130,123433,2018-06-01,14499,False,1
800,1265,7094,1,1,190,127491,2016-03-01,16999,False,1
860,1397,7598,3,2,100,104895,2017-03-01,10699,False,1
280,448,2140,3,2,70,58631,2016-03-01,8499,False,1
194,350,1915,3,2,73,61199,2019-07-01,8099,False,1
504,803,3973,1,3,261,76765,2022-08-01,21299,False,1
194,350,1912,3,2,90,64719,2020-06-01,10899,False,1
60,101,600,1,1,150,34510,2023-10-01,28099,False,1
790,1229,6845,3,1,150,89055,2022-04-01,20199,False,1
720,1191,6632,3,1,95,133846,2015-04-01,8699,False,1
650,1069,5698,3,2,130,149722,2018-05-01,10399,False,1
860,1397,7593,1,3,116,91101,2020-11-01,15499,False,1
670,1106,5975,3,2,101,32688,2020-11-01,11999,False,1
905,1475,8084,1,1,190,121929,2016-12-01,22599,False,1
720,1191,6627,1,2,140,123227,2022-09-01,14499,False,1
190,273,1517,3,1,100,92708,2017-02-01,8799,False,1
280,479,2315,3,2,70,75032,2019-01-01,7899,False,1
650,1055,5578,3,2,125,83634,2018-12-01,10299,False,1
60,101,600,1,1,150,30503,2023-10-01,27999,False,1
650,1065,5656,3,2,101,15288,2022-11-01,12799,False,1
670,1106,5975,3,2,82,75777,2019-12-01,8399,False,1
670,1130,6172,1,1,131,106481,2019-05-01,17799,False,1
720,1182,6529,3,2,140,95869,2019-12-01,15699,False,1
670,1116,6068,1,2,145,3592,2025-08-01,26699,False,1
280,493,2415,3,1,131,69152,2022-04-01,13999,False,1
285,518,2622,1,3,190,44725,2023-05-01,23799,False,1
130,157,804,1,1,150,118201,2021-03-01,23099,False,1
650,1065,5660,3,2,90,136573,2019-02-01,7999,False,1
790,1229,6841,3,2,110,41361,2022-05-01,18699,False,1
860,1397,7593,1,3,131,6556,2024-08-01,24399,False,1
670,1127,6148,3,2,130,98916,2020-10-01,14399,False,1
860,1397,7593,1,3,101,25680,2019-03-01,14899,False,1
570,872,4229,1,1,150,24789,2020-12-01,27099,False,1
860,1392,7565,3,1,125,123089,2014-01-01,15799,False,1
800,1259,7034,1,2,115,73619,2018-12-01,13399,False,1
425,708,3494,1,3,141,70014,2021-10-01,17899,False,1
650,1055,5585,3,1,135,109386,2019-11-01,10399,False,1
425,723,3555,1,1,201,75806,2022-01-01,31199,False,1
345,615,3076,1,3,141,20249,2024-10-01,24099,False,1
790,1227,6834,3,2,116,56959,2019-12-01,13399,False,1
60,85,402,1,1,177,131433,2014-04-01,15199,False,1
650,1065,5653,3,2,75,49845,2020-09-01,10499,False,1
905,1403,7612,1,1,150,66204,2021-10-01,29199,False,1
390,670,3336,3,2,101,50960,2023-04-01,18899,False,1
190,280,1569,3,2,130,71025,2016-07-01,9099,False,1
345,615,3074,1,1,136,121078,2019-05-01,14299,False,1
130,176,1153,1,1,190,75686,2021-06-01,32999,False,1
425,725,3573,3,2,160,12333,2024-11-01,25599,False,1
285,505,2483,3,2,140,46890,2018-03-01,12199,False,1
190,272,1510,3,2,110,71387,2022-04-01,11899,False,1
670,1111,6019,1,1,114,57022,2014-02-01,8799,False,1
345,602,3003,3,2,85,98354,2015-05-01,8399,False,1
130,174,1103,1,1,150,44484,2022-06-01,31199,False,1
650,1055,5585,3,1,110,140520,2015-03-01,8399,False,1
60,101,595,1,2,150,114831,2014-04-01,15099,False,1
225,1014,5422,3,1,90,98319,2015-09-01,8099,False,1
285,510,2529,3,2,100,78999,2014-08-01,8299,False,1
190,272,1510,3,2,110,59920,2022-09-01,11699,False,1
190,277,1551,3,1,100,48984,2016-12-01,10399,False,1
194,350,1912,3,2,90,148740,2015-03-01,7499,False,1
345,615,3076,1,3,141,13506,2025-03-01,27699,False,1
650,1063,5648,3,1,102,71033,2020-12-01,14999,False,1
130,158,847,1,2,192,114734,2018-02-01,15199,False,1
720,1202,6698,3,2,140,118223,2018-03-01,13199,False,1
190,272,1510,3,2,110,59686,2021-01-01,10499,False,1
720,1191,6631,1,1,116,17949,2024-11-01,18499,False,1
800,1258,7032,1,1,150,104363,2020-07-01,26799,False,1
790,1235,6907,3,2,150,120007,2017-07-01,13899,False,1
345,606,3038,3,1,135,130029,2014-04-01,8999,False,1
790,1235,6903,3,2,110,94265,2016-04-01,11499,False,1
425,711,3506,3,2,67,4543,2021-01-01,10999,False,1
425,711,3506,3,2,67,38051,2021-07-01,10099,False,1
670,1127,6149,1,1,130,135380,2018-09-01,15099,False,1
189,324,1797,1,2,150,36805,2023-05-01,25199,False,1
280,452,2163,3,2,95,16954,2021-09-01,12499,False,1
720,1191,6627,1,2,140,2720,2024-11-01,22499,False,1
860,1366,7470,1,3,122,42413,2021-02-01,20099,False,1
910,1516,8479,1,2,190,122716,2018-11-01,21399,False,1
60,83,338,3,1,110,149721,2016-06-01,13299,False,1
60,87,446,1,1,245,144863,2014-11-01,19999,False,1
860,1355,7407,1,3,136,113275,2017-06-01,13699,False,1
800,1258,7028,3,2,150,134709,2021-10-01,20799,False,1
194,350,1915,3,2,73,61143,2019-06-01,9599,False,1
225,1029,5473,3,1,116,142906,2019-07-01,13999,False,1
720,1191,6636,3,1,130,146971,2016-07-01,11499,False,1
40,43,153,1,2,240,136376,2017-10-01,16299,False,1
590,962,5192,3,2,117,79732,2019-03-01,13999,False,1
550,839,4053,3,2,120,157383,2016-05-01,11899,False,1
720,1204,6730,1,2,224,137830,2019-04-01,16099,False,1
650,1055,5587,3,1,110,137227,2015-08-01,7999,False,1
860,1366,7470,1,3,122,69462,2019-09-01,17399,False,1
60,84,372,1,2,190,60912,2016-04-01,18799,False,1
570,881,4403,1,3,218,29049,2023-06-01,33499,False,1
550,850,4117,3,2,165,86498,2017-08-01,18399,False,1
650,1065,5656,3,2,101,22830,2022-12-01,12299,False,1
130,159,890,1,2,185,89255,2022-05-01,30499,False,1
550,838,4043,3,2,90,40946,2020-09-01,13999,False,1
345,613,3066,3,1,115,141604,2015-02-01,10699,False,1
650,1063,5648,3,1,102,118819,2021-06-01,14199,False,1
650,1069,5698,3,2,130,60910,2021-07-01,14799,False,1
60,78,270,1,2,110,39047,2021-11-01,20199,False,1
345,601,2991,3,2,67,115164,2015-02-01,6699,False,1
280,448,2140,3,2,70,141339,2015-04-01,7299,False,1
390,679,3402,3,2,110,77585,2016-03-01,12499,False,1
225,1005,5385,3,2,115,131759,2016-06-01,9799,False,1
650,1055,5585,3,1,135,80211,2019-06-01,11599,False,1
60,78,266,3,1,115,95790,2017-05-01,14199,False,1
720,1183,6546,3,2,130,131172,2017-08-01,11599,False,1
670,1127,6148,3,2,130,90564,2016-12-01,8399,False,1
790,1227,6835,1,2,150,15371,2023-08-01,20299,False,1
280,479,2313,3,2,70,68377,2022-02-01,9799,False,1
670,1111,6012,3,2,110,72231,2020-09-01,10299,False,1
285,510,2529,3,2,125,132597,2017-06-01,9499,False,1
130,157,803,3,2,135,91070,2014-10-01,11899,False,1
345,602,2999,3,2,101,55762,2021-08-01,14399,False,1
720,1174,6446,3,2,140,76390,2022-03-01,15799,False,1
905,1444,7927,1,2,207,52374,2023-09-01,25999,False,1
720,1191,6633,3,1,110,96665,2017-06-01,11899,False,1
790,1235,6906,3,2,125,65634,2018-07-01,13899,False,1
670,1111,6015,3,1,131,122020,2021-03-01,11299,False,1
650,1055,5578,3,2,125,149806,2016-02-01,8599,False,1
345,604,3021,3,2,110,39217,2022-04-01,15699,False,1
285,505,2483,3,2,125,24720,2020-02-01,13699,False,1
650,1069,5698,3,2,130,39333,2020-06-01,14399,False,1
60,101,598,3,1,150,133637,2015-06-01,15499,False,1
860,1355,7408,3,1,125,114302,2015-04-01,10699,False,1
340,564,2889,1,1,160,128877,2017-03-01,16799,False,1
650,1055,5587,3,1,110,130964,2016-12-01,9299,False,1
425,729,3604,1,3,141,116548,2021-11-01,16099,False,1
60,101,600,1,1,150,113399,2019-10-01,26799,False,1
190,277,1548,3,2,82,111482,2018-07-01,7999,False,1
190,271,1496,3,2,82,52974,2021-12-01,9999,False,1
60,105,641,1,1,204,149123,2021-07-01,30299,False,1
830,1320,7273,1,2,83,35281,2022-06-01,15699,False,1
800,1259,7056,1,1,150,97593,2020-07-01,18699,False,1
580,958,5175,1,2,102,63187,2018-11-01,14999,False,1
905,1476,8089,1,2,190,87227,2019-07-01,25199,False,1
670,1111,6015,3,1,100,77819,2021-01-01,12599,False,1
650,1065,5663,3,1,102,88792,2020-10-01,12199,False,1
570,886,4514,1,1,195,120629,2020-12-01,32899,False,1
905,1470,8060,3,2,116,18500,2024-04-01,20499,False,1
670,1126,6138,3,2,130,82292,2019-02-01,9899,False,1
60,85,402,1,1,190,153969,2017-05-01,18499,False,1
225,1010,5410,3,1,90,49626,2019-05-01,12899,False,1
60,83,350,1,2,110,58026,2023-08-01,23999,False,1
425,711,3506,3,2,67,76897,2019-10-01,8899,False,1
580,954,5137,1,2,136,110678,2020-08-01,15799,False,1
650,1069,5698,3,2,130,97610,2019-02-01,10999,False,1
905,1478,8105,3,2,105,137704,2015-05-01,11699,False,1
345,601,2996,3,2,84,93258,2020-11-01,11699,False,1
650,1048,5546,3,2,87,78758,2016-05-01,8199,False,1
225,1046,5536,3,1,130,126399,2017-05-01,14399,False,1
425,708,3494,1,3,141,92371,2022-04-01,18099,False,1
868,932,5059,3,2,106,10461,2025-02-01,14699,False,1
570,872,4223,3,1,110,151500,2014-09-01,12899,False,1
790,1235,6914,3,2,150,36298,2022-05-01,19899,False,1
650,1069,5698,3,2,130,112873,2019-10-01,11199,False,1
190,271,1496,3,2,82,70809,2018-04-01,8699,False,1
190,272,1510,3,2,110,124756,2019-06-01,9299,False,1
670,1106,5975,3,2,82,70688,2019-08-01,8599,False,1
720,1191,6627,3,2,140,10372,2023-07-01,17999,False,1
285,541,2809,3,1,131,40658,2022-01-01,29399,False,1
190,271,1496,3,2,110,55195,2021-05-01,10699,False,1
190,271,1496,3,2,82,66495,2021-10-01,9799,False,1
225,1028,5466,3,2,115,122079,2016-10-01,7999,False,1
670,1130,6172,1,1,131,44932,2023-02-01,24299,False,1
550,854,4134,1,3,328,25098,2022-09-01,34199,False,1
60,105,640,1,1,190,122979,2018-12-01,26599,False,1
670,1126,6138,3,2,110,63607,2015-11-01,8899,False,1
570,876,4289,1,1,135,139295,2016-02-01,13999,False,1
800,1252,6998,3,2,95,58523,2019-10-01,10399,False,1
905,1447,7948,1,1,185,109863,2017-08-01,22199,False,1
190,279,1565,3,1,131,130343,2018-12-01,12599,False,1
130,174,1103,1,1,150,76737,2019-08-01,20599,False,1
130,174,1120,1,2,230,107050,2016-09-01,20899,False,1
425,729,3604,1,3,141,32621,2022-08-01,18899,False,1
225,1029,5477,3,1,130,114198,2018-02-01,14599,False,1
905,1475,8084,3,1,110,88302,2014-11-01,13499,False,1
130,176,1159,1,1,265,112907,2018-05-01,29899,False,1
790,1229,6843,1,2,150,51926,2021-05-01,20499,False,1
190,269,1482,3,2,68,68051,2014-03-01,6399,False,1
190,271,1496,3,2,110,101575,2021-04-01,8699,False,1
340,562,2862,3,2,130,139195,2018-06-01,15099,False,1
580,956,5157,1,3,220,27744,2022-05-01,25599,False,1
790,1235,6902,3,2,110,66047,2021-03-01,14899,False,1
340,562,2880,1,3,184,34161,2023-05-01,29399,False,1
860,1397,7593,1,3,116,45000,2022-02-01,17299,False,1
730,764,3760,3,1,163,115933,2021-09-01,19099,False,1
130,157,804,3,1,150,76454,2018-12-01,18899,False,1
60,100,586,1,1,116,136810,2019-06-01,18099,False,1
670,1130,6172,1,1,131,57825,2022-06-01,23899,False,1
650,1055,5579,1,2,140,71347,2014-05-01,9099,False,1
860,1366,7473,1,3,196,11031,2025-01-01,31299,False,1
60,87,455,1,1,190,106387,2020-08-01,27999,False,1
670,1126,6138,3,2,110,80342,2016-10-01,7899,False,1
60,78,261,1,2,95,61699,2016-04-01,13499,False,1
910,1509,8359,1,1,150,105072,2015-05-01,13599,False,1
425,708,3495,1,3,141,59624,2021-10-01,18299,False,1
580,958,5176,3,1,95,98185,2017-10-01,12599,False,1
487,785,3919,1,3,223,120972,2017-08-01,24899,False,1
60,83,344,1,1,150,144314,2016-10-01,14799,False,1
190,272,1510,1,2,131,49363,2022-10-01,14199,False,1
130,177,1173,1,1,190,149101,2021-01-01,33099,False,1
225,1005,5385,3,2,115,64766,2016-11-01,11099,False,1
650,1065,5662,3,2,100,79515,2015-11-01,7999,False,1
280,479,2313,3,2,70,81964,2022-04-01,8899,False,1
670,1127,6149,3,1,130,126284,2018-08-01,12999,False,1
650,1065,5656,3,2,101,23840,2023-03-01,12999,False,1
800,1252,7008,3,1,75,147350,2014-09-01,7399,False,1
905,1425,7760,3,1,115,127405,2019-04-01,14899,False,1
345,604,3031,3,2,250,44702,2023-09-01,28999,False,1
235,414,2067,3,1,120,46184,2018-12-01,11999,False,1
800,1264,7081,1,2,150,52151,2022-04-01,17499,False,1
280,454,2169,3,2,120,73522,2020-07-01,12699,False,1
130,174,1104,1,2,140,100595,2018-03-01,18599,False,1
550,850,4117,1,2,165,125764,2018-08-01,18399,False,1
590,962,5193,3,1,115,134770,2016-01-01,10899,False,1
60,105,628,1,1,177,102154,2014-02-01,17899,False,1
345,615,3076,1,3,141,53099,2022-03-01,19399,False,1
790,1229,6843,1,2,150,97482,2021-04-01,19399,False,1
860,1355,7407,1,3,136,155321,2018-06-01,13499,False,1
425,692,3437,3,1,115,100884,2014-06-01,10299,False,1
860,1359,7429,3,2,70,19238,2016-02-01,9799,False,1
390,675,3363,1,3,241,61553,2022-06-01,20399,False,1
860,1366,7470,1,3,122,79837,2022-03-01,19099,False,1
425,725,3569,3,1,136,101031,2020-12-01,16699,False,1
550,839,4056,3,2,122,66412,2020-12-01,19099,False,1
570,872,4229,1,1,150,42725,2022-05-01,30199,False,1
790,1229,6841,3,2,115,136305,2016-10-01,12099,False,1
790,1235,6924,1,1,150,66827,2022-10-01,20299,False,1
720,1191,6633,3,1,110,97101,2017-07-01,12199,False,1
280,452,2163,3,2,95,22788,2021-03-01,12199,False,1
40,43,149,3,2,120,105775,2017-07-01,11099,False,1
800,1252,6998,1,2,116,41513,2024-06-01,20399,False,1
800,1256,7018,3,2,116,8540,2025-04-01,21399,False,1
425,714,3517,3,2,140,116678,2020-02-01,15799,False,1
285,518,2618,3,1,150,107156,2016-09-01,13499,False,1
280,479,2313,3,2,70,32720,2022-10-01,9999,False,1
670,1106,5975,3,2,101,77259,2021-01-01,11899,False,1
130,160,936,1,1,190,89086,2023-04-01,34799,False,1
860,1397,7593,1,3,131,33699,2024-05-01,23199,False,1
650,1066,5679,3,1,100,95026,2018-08-01,10699,False,1
860,1362,7441,1,3,125,138287,2019-03-01,17599,False,1
860,1366,7470,1,3,125,76884,2021-12-01,21099,False,1
650,1069,5698,3,2,130,94089,2019-04-01,11899,False,1
550,849,4116,3,2,121,87734,2019-03-01,15399,False,1
130,161,988,1,3,252,125336,2018-09-01,23399,False,1
190,271,1496,3,2,82,59593,2022-06-01,10499,False,1
550,861,4155,3,2,184,49684,2022-03-01,25999,False,1
570,917,4970,1,1,163,99014,2018-02-01,34399,False,1
190,272,1510,3,2,110,70015,2022-07-01,11299,False,1
790,1233,6869,3,2,110,74628,2022-03-01,13399,False,1
550,853,4130,3,2,186,72402,2022-03-01,20099,False,1
650,1073,5730,3,1,135,118348,2018-12-01,11399,False,1
345,601,2996,1,2,87,89146,2019-09-01,11599,False,1
60,84,389,1,1,163,54274,2022-06-01,31499,False,1
345,604,3015,3,2,120,40058,2023-02-01,17399,False,1
670,1101,5942,3,2,72,29905,2019-03-01,8699,False,1
800,1259,7056,1,1,185,141559,2014-12-01,14799,False,1
860,1395,7580,3,2,132,138259,2014-05-01,11099,False,1
340,574,2924,1,3,109,17261,2021-06-01,18199,False,1
860,1392,7566,3,1,125,129362,2015-09-01,16499,False,1
860,1397,7593,1,3,116,72520,2022-04-01,17599,False,1
860,1366,7473,1,3,180,32817,2022-05-01,26599,False,1
345,604,3015,3,2,120,133233,2017-12-01,10399,False,1
560,1273,7124,1,2,90,89549,2016-04-01,10799,False,1
650,1055,5587,3,1,110,68821,2016-09-01,9299,False,1
235,413,2060,1,1,131,96679,2022-02-01,19599,False,1
60,83,338,1,1,116,85206,2019-04-01,17499,False,1
280,481,2330,3,2,77,28353,2014-08-01,7499,False,1
130,158,837,1,2,140,156825,2019-10-01,15199,False,1
670,1106,5975,1,2,101,53876,2021-08-01,12799,False,1
580,958,5168,3,1,115,93021,2017-09-01,12299,False,1
820,1312,7249,1,2,150,42219,2021-05-01,21399,False,1
650,1096,5920,3,1,120,87833,2016-03-01,10599,False,1
905,1475,8084,3,1,150,92117,2015-07-01,15499,False,1
130,157,805,3,2,136,26805,2021-02-01,22899,False,1
190,271,1496,3,2,82,86182,2019-01-01,8399,False,1
790,1233,6869,3,2,110,11430,2024-01-01,16299,False,1
650,1065,5659,3,1,95,137972,2017-07-01,8599,False,1
190,271,1496,3,2,82,76431,2017-08-01,7799,False,1
425,729,3604,1,3,141,28230,2020-09-01,18299,False,1
130,158,832,1,1,150,110259,2021-09-01,24899,False,1
60,83,338,1,1,105,116386,2014-05-01,13199,False,1
650,1071,5710,3,1,136,123720,2018-10-01,11699,False,1
194,343,1865,3,1,116,145963,2019-10-01,14599,False,1
550,850,4117,3,2,165,93632,2017-05-01,18199,False,1
905,1444,7902,1,2,95,72880,2021-04-01,14999,False,1
580,958,5166,3,2,135,34124,2019-05-01,17099,False,1
650,1065,5660,3,2,90,150524,2016-12-01,6799,False,1
190,271,1496,3,2,82,19358,2021-07-01,10199,False,1
487,785,3919,1,3,223,106375,2019-11-01,29899,False,1
650,1069,5698,3,2,130,62451,2020-05-01,13499,False,1
650,1079,5784,3,1,130,132209,2014-12-01,8899,False,1
790,1235,6911,1,2,150,50064,2021-12-01,19799,False,1
650,1055,5587,1,1,135,64581,2017-09-01,11599,False,1
190,271,1496,3,2,82,53602,2018-04-01,8999,False,1
390,675,3364,1,2,150,66609,2021-07-01,19199,False,1
130,160,939,3,2,185,98531,2014-08-01,18199,False,1
194,345,1877,3,2,115,125647,2017-11-01,10299,False,1
194,345,1884,3,2,100,111556,2018-12-01,10399,False,1
905,1427,7778,3,2,150,27761,2024-07-01,26099,False,1
60,83,344,1,1,150,108696,2016-11-01,18899,False,1
910,1519,8523,1,1,225,150839,2015-11-01,25099,False,1
425,711,3506,3,2,70,88094,2014-12-01,6799,False,1
905,1472,8069,1,2,116,13232,2025-07-01,22199,False,1
905,1478,8112,3,1,105,130157,2014-02-01,11099,False,1
285,518,2622,1,3,190,38840,2023-03-01,25999,False,1
860,1366,7470,1,3,122,85064,2021-06-01,17999,False,1
905,1475,8084,1,1,150,52774,2023-09-01,34699,False,1
790,1224,6818,3,1,140,153116,2014-07-01,13899,False,1
235,415,2071,1,1,180,131211,2017-05-01,11699,False,1
670,1111,6021,3,1,92,87799,2015-03-01,9099,False,1
570,872,4229,1,1,150,51192,2022-11-01,29499,False,1
720,1175,6468,1,3,143,43403,2023-08-01,19299,False,1
860,1397,7593,1,3,131,12252,2024-08-01,24099,False,1
60,83,354,1,3,204,93679,2020-07-01,18799,False,1
550,850,4121,3,1,150,82062,2014-12-01,12999,False,1
800,1258,7028,1,2,150,51358,2022-04-01,31199,False,1
860,1366,7470,1,3,122,94905,2022-07-01,19499,False,1
285,518,2613,3,2,150,30652,2024-04-01,23399,False,1
905,1475,8084,3,1,110,147056,2014-05-01,12399,False,1
390,675,3372,1,1,140,90294,2020-09-01,17799,False,1
730,765,3776,1,1,150,69720,2018-01-01,18099,False,1
190,277,1548,3,2,110,107693,2018-05-01,7899,False,1
570,872,4225,1,2,134,10522,2025-06-01,32299,False,1
345,621,3100,1,1,197,121356,2014-12-01,17599,False,1
285,518,2613,3,2,150,4700,2025-04-01,25899,False,1
285,525,2677,3,2,125,46446,2022-02-01,16799,False,1
190,272,1513,3,1,100,105588,2018-06-01,10699,False,1
60,100,588,1,2,190,86404,2017-12-01,18999,False,1
670,1111,6012,3,2,130,106739,2019-07-01,8799,False,1
810,1283,7153,3,2,163,84337,2019-12-01,13699,False,1
670,1111,6012,1,2,131,46218,2022-09-01,14899,False,1
190,272,1512,3,1,110,45431,2023-05-01,13499,False,1
800,1257,7024,1,1,150,108355,2021-03-01,18899,False,1
650,1055,5599,3,1,165,123189,2015-11-01,8599,False,1
60,101,600,3,1,150,86638,2019-04-01,24099,False,1
550,838,4038,3,2,90,69191,2019-04-01,12799,False,1
730,765,3782,1,1,150,91586,2020-02-01,22099,False,1
40,42,146,1,1,150,158535,2018-01-01,15799,False,1
670,1111,6027,3,1,150,121454,2016-07-01,10499,False,1
345,604,3015,3,2,120,118318,2018-05-01,11499,False,1
190,267,1465,3,1,100,70231,2021-04-01,16999,False,1
570,899,4652,1,1,150,68114,2020-09-01,32899,False,1
235,415,2071,1,1,180,153773,2017-08-01,11799,False,1
130,161,971,1,2,185,96652,2020-02-01,25499,False,1
670,1127,6153,3,1,115,145005,2014-06-01,8199,False,1
905,1475,8081,1,2,150,58877,2021-11-01,29899,False,1
790,1227,6836,3,1,115,86480,2018-05-01,13899,False,1
670,1130,6172,1,1,130,63276,2023-05-01,24399,False,1
190,275,1525,3,2,110,73206,2016-08-01,7599,False,1
345,602,3003,3,2,85,71701,2018-03-01,10199,False,1
345,604,3022,3,2,159,44162,2021-11-01,19499,False,1
190,275,1525,3,2,110,107056,2016-12-01,7299,False,1
790,1235,6914,3,2,131,97105,2021-07-01,16099,False,1
130,161,967,1,1,190,147519,2016-09-01,17599,False,1
670,1126,6138,1,2,131,90566,2022-07-01,15599,False,1
280,454,2169,3,2,120,78461,2023-02-01,14799,False,1
190,280,1572,3,1,115,103389,2015-07-01,9199,False,1
868,932,5059,3,2,106,11531,2025-05-01,14999,False,1
800,1257,7022,1,2,150,54760,2022-04-01,26099,False,1
225,1005,5385,3,2,115,86406,2015-09-01,9799,False,1
650,1069,5698,1,2,130,88233,2020-08-01,15199,False,1
570,899,4651,1,2,163,99713,2020-09-01,32799,False,1
60,100,592,1,2,150,17503,2023-08-01,27899,False,1
190,271,1496,3,2,82,103924,2018-08-01,7999,False,1
242,424,2097,1,2,147,30030,2025-02-01,25799,False,1
650,1069,5698,3,2,130,79596,2020-01-01,13299,False,1
190,277,1548,3,2,110,82163,2016-05-01,8099,False,1
190,271,1502,3,1,102,122912,2019-03-01,8999,False,1
570,881,4387,1,1,150,40966,2022-02-01,33399,False,1
130,174,1103,1,1,150,124070,2022-02-01,24799,False,1
800,1264,7080,3,2,95,63294,2022-10-01,13199,False,1
860,1362,7441,1,3,122,97573,2023-03-01,22299,False,1
790,1229,6845,3,1,116,56122,2023-05-01,20499,False,1
40,47,171,1,3,280,47131,2023-02-01,29399,False,1
650,1060,5628,1,2,170,63152,2018-09-01,14399,False,1
720,1172,6433,1,3,200,36803,2023-01-01,28199,False,1
190,271,1496,3,2,110,102134,2019-04-01,8299,False,1
590,962,5193,3,1,115,70328,2016-08-01,12499,False,1
570,886,4548,1,2,299,99712,2018-11-01,28799,False,1
720,1191,6627,3,2,140,68800,2021-05-01,15799,False,1
860,1397,7593,1,3,101,133856,2018-02-01,11999,False,1
570,898,4638,1,1,150,31612,2021-04-01,32299,False,1
190,278,1554,3,2,130,90998,2017-01-01,10499,False,1
820,1312,7247,1,2,150,93318,2016-09-01,14299,False,1
190,277,1551,3,1,100,96207,2017-05-01,9399,False,1
345,626,3121,1,3,230,3061,2025-08-01,30299,False,1
60,88,469,1,1,190,103013,2014-07-01,17099,False,1
910,1517,8496,1,2,190,66655,2019-04-01,25999,False,1
190,275,1525,1,2,130,32345,2024-04-01,16599,False,1
60,78,266,3,1,90,149394,2014-02-01,10199,False,1
905,1471,8067,1,1,150,25819,2025-05-01,29299,False,1
190,269,1484,3,2,72,6886,2020-02-01,10199,False,1
190,271,1496,3,2,82,52528,2019-12-01,8799,False,1
225,1029,5473,3,1,116,68138,2020-12-01,17299,False,1
860,1397,7593,1,3,116,67836,2022-04-01,16699,False,1
504,803,3973,1,3,261,62543,2023-06-01,22499,False,1
345,604,3015,3,2,120,66269,2020-03-01,13699,False,1
905,1477,8094,1,1,262,71311,2015-06-01,25599,False,1
345,602,3001,3,2,101,58134,2021-03-01,13399,False,1
235,417,2076,3,1,130,113916,2018-11-01,15699,False,1
670,1136,6224,3,2,110,121529,2018-08-01,10499,False,1
425,694,3459,3,1,136,54214,2021-12-01,16099,False,1
285,510,2529,3,2,125,132777,2014-01-01,7499,False,1
345,615,3076,1,3,141,25678,2023-07-01,23199,False,1
670,1127,6149,3,1,130,80002,2018-05-01,14099,False,1
905,1470,8061,1,2,150,18330,2024-05-01,27099,False,1
860,1397,7593,1,3,101,55391,2019-03-01,13999,False,1
650,1069,5698,1,2,130,101593,2021-04-01,13399,False,1
590,962,5192,3,2,117,98138,2019-01-01,13499,False,1
345,615,3071,3,2,120,49890,2022-12-01,17799,False,1
190,271,1496,3,2,82,65269,2017-06-01,7799,False,1
730,765,3776,1,1,150,94984,2017-04-01,15899,False,1
720,1202,6702,3,1,110,136378,2015-05-01,9299,False,1
580,954,5137,3,2,135,146404,2017-10-01,10799,False,1
720,1206,6747,3,2,90,53484,2017-07-01,8399,False,1
905,1427,7781,1,1,116,15208,2023-11-01,23699,False,1
190,272,1512,3,1,110,35122,2023-03-01,14699,False,1
190,271,1496,3,2,82,95464,2018-03-01,7399,False,1
670,1111,6012,3,2,130,85173,2019-05-01,9899,False,1
650,1065,5660,3,2,75,49083,2018-11-01,8299,False,1
720,1174,6449,1,1,90,67633,2019-01-01,13099,False,1
190,272,1510,1,2,131,39819,2020-10-01,12899,False,1
130,174,1111,1,1,150,88615,2020-10-01,24299,False,1
670,1127,6148,1,2,130,92849,2022-01-01,16599,False,1
130,160,941,1,2,185,94692,2015-11-01,20799,False,1
130,161,989,1,2,252,105446,2018-10-01,24699,False,1
425,708,3495,1,3,182,81791,2023-01-01,22099,False,1
285,505,2483,3,2,125,129688,2019-03-01,10499,False,1
800,1257,7024,3,1,150,145069,2018-04-01,15799,False,1
280,454,2169,3,2,120,117524,2018-09-01,10899,False,1
905,1475,8081,1,2,150,26622,2020-12-01,28099,False,1
905,1446,7937,3,2,125,127650,2018-02-01,15699,False,1
190,269,1484,1,2,70,112234,2014-11-01,7699,False,1
280,493,2407,3,2,101,58811,2021-01-01,12299,False,1
650,1055,5583,1,1,131,39498,2023-02-01,18699,False,1
860,1355,7401,3,2,115,114671,2017-01-01,11399,False,1
425,729,3604,1,3,141,52214,2020-12-01,16199,False,1
190,284,1607,1,1,130,26293,2024-05-01,20499,False,1
550,850,4117,3,2,165,154954,2015-06-01,12899,False,1
650,1055,5585,3,1,135,149016,2017-10-01,9399,False,1
130,174,1104,1,2,140,94042,2020-02-01,19999,False,1
190,277,1551,1,1,100,133990,2017-02-01,9699,False,1
570,899,4651,1,2,163,72887,2020-11-01,31899,False,1
60,85,402,1,1,163,152125,2018-08-01,19599,False,1
570,872,4224,1,1,116,103414,2021-12-01,23999,False,1
670,1138,6242,3,1,102,87306,2021-05-01,15399,False,1
570,876,4283,1,1,110,158986,2013-12-01,10599,False,1
285,527,2685,1,1,212,70962,2021-01-01,34399,False,1
580,953,5129,1,2,135,55118,2019-04-01,18699,False,1
194,343,1868,1,3,141,16753,2025-02-01,24599,False,1
670,1126,6138,3,2,110,93758,2016-04-01,8599,False,1
425,708,3495,1,3,182,51777,2023-02-01,23299,False,1
235,416,2074,1,3,299,46361,2023-10-01,29399,False,1
910,1517,8500,1,3,349,115309,2022-04-01,35999,False,1
190,267,1462,3,2,110,42444,2016-10-01,11299,False,1
670,1127,6148,3,2,131,33754,2021-12-01,17399,False,1
720,1202,6709,3,1,150,57334,2020-12-01,16399,False,1
580,956,5161,3,1,90,99857,2016-12-01,10799,False,1
670,1127,6149,1,1,131,46563,2023-04-01,21099,False,1
800,1256,7019,1,2,150,35109,2024-06-01,24899,False,1
830,1329,7302,3,2,83,22416,2023-01-01,15799,False,1
280,466,2231,3,1,120,92551,2019-05-01,13699,False,1
190,280,1571,3,1,120,123577,2016-09-01,9499,False,1
425,708,3495,1,3,182,73658,2023-05-01,25099,False,1
720,1204,6726,1,1,160,129518,2017-01-01,13099,False,1
40,46,169,1,1,150,138925,2018-07-01,17299,False,1
905,1444,7919,3,1,95,159702,2019-10-01,11299,False,1
670,1130,6172,1,1,131,69404,2021-01-01,22099,False,1
194,345,1877,3,2,115,43931,2016-11-01,11299,False,1
380,654,3237,1,1,180,125464,2019-05-01,17899,False,1
190,271,1496,3,2,110,57370,2018-04-01,8599,False,1
550,839,4056,3,2,122,93834,2020-02-01,18599,False,1
550,850,4117,1,2,165,85145,2019-10-01,21099,False,1
225,1005,5384,1,2,114,73187,2022-01-01,15699,False,1
800,1257,7021,3,2,115,52232,2018-09-01,15999,False,1
340,571,2911,1,2,130,97931,2019-03-01,17099,False,1
860,1366,7473,1,3,180,72768,2021-11-01,23499,False,1
345,602,3001,3,2,101,87816,2018-12-01,10899,False,1
130,157,802,3,1,115,132414,2017-12-01,14499,False,1
345,602,3003,3,2,75,48328,2020-01-01,10499,False,1
280,454,2175,3,2,110,22774,2015-12-01,10899,False,1
670,1130,6180,3,1,150,125400,2014-12-01,9999,False,1
570,881,4387,1,1,150,54340,2022-02-01,32599,False,1
60,101,600,1,1,150,78520,2021-12-01,26199,False,1
225,1010,5406,1,2,92,24141,2022-04-01,14299,False,1
670,1111,6011,1,2,136,7005,2025-03-01,23199,False,1
60,82,313,3,1,105,141375,2014-01-01,10999,False,1
390,679,3395,3,2,120,30554,2023-07-01,18999,False,1
860,1395,7581,3,1,110,110202,2014-05-01,11799,False,1
190,272,1512,3,1,110,41711,2023-03-01,13799,False,1
810,1283,7157,3,1,178,103187,2017-01-01,10799,False,1
345,602,3001,3,2,101,63125,2022-06-01,13099,False,1
670,1127,6149,3,1,131,73348,2021-03-01,16299,False,1
570,899,4651,1,2,163,69068,2021-03-01,32099,False,1
340,562,2862,1,2,130,123606,2018-12-01,16399,False,1
60,101,602,1,2,150,61306,2022-02-01,29199,False,1
590,962,5192,3,2,117,76427,2019-04-01,13699,False,1
130,159,875,3,1,143,107457,2014-07-01,14299,False,1
390,675,3368,3,1,130,27180,2023-12-01,22199,False,1
570,900,4666,1,1,170,91031,2019-07-01,32299,False,1
550,850,4117,1,2,165,62367,2023-03-01,24399,False,1
860,1366,7473,1,3,184,117003,2019-08-01,17899,False,1
790,1233,6879,1,2,150,44885,2022-03-01,18399,False,1
670,1138,6241,1,2,131,54834,2021-03-01,18799,False,1
905,1405,7617,3,2,105,93862,2015-03-01,11999,False,1
190,271,1496,3,2,110,97435,2019-06-01,8499,False,1
720,1191,6624,3,2,115,86832,2014-09-01,7899,False,1
860,1391,7561,3,1,150,84045,2020-11-01,28199,False,1
285,541,2811,3,1,131,19769,2023-02-01,31799,False,1
345,615,3073,3,2,120,44851,2021-03-01,14799,False,1
670,1106,5981,3,1,100,134019,2017-12-01,8199,False,1
905,1475,8084,1,1,150,121509,2016-12-01,18399,False,1
130,157,805,1,2,136,38947,2024-04-01,26999,False,1
60,83,353,1,2,150,39532,2022-11-01,26599,False,1
345,626,3125,3,1,115,150711,2017-05-01,13899,False,1
905,1471,8066,3,1,116,100830,2018-07-01,16699,False,1
280,454,2170,3,1,95,149320,2017-05-01,9199,False,1
670,1127,6149,3,1,131,40780,2021-04-01,18799,False,1
580,958,5176,3,1,95,134666,2019-03-01,12499,False,1
800,1257,7022,1,2,150,105880,2018-10-01,16699,False,1
670,1138,6242,3,1,102,94430,2018-10-01,13899,False,1
860,1355,7408,3,1,125,135699,2015-04-01,10599,False,1
425,725,3569,3,1,136,40415,2021-11-01,19399,False,1
285,525,2677,1,2,155,9962,2025-02-01,23599,False,1
670,1106,5975,3,2,82,21850,2016-06-01,7799,False,1
194,350,1923,3,1,90,145793,2014-10-01,7499,False,1
790,1229,6843,3,2,150,92904,2021-02-01,17499,False,1
650,1065,5660,1,2,90,103341,2018-03-01,9099,False,1
194,343,1865,3,1,116,20757,2021-11-01,16999,False,1
860,1360,7432,3,2,72,9464,2023-04-01,13899,False,1
860,1392,7570,1,3,306,61878,2022-01-01,33899,False,1
570,876,4289,1,1,150,82153,2022-01-01,25599,False,1
800,1259,7056,1,1,200,32151,2023-05-01,32799,False,1
905,1475,8081,1,2,150,52661,2019-01-01,24799,False,1
670,1111,6012,1,2,131,76669,2021-05-01,12599,False,1
60,101,600,1,1,150,110082,2022-01-01,29099,False,1
225,1029,5473,3,1,116,77700,2019-12-01,14699,False,1
720,1174,6450,1,3,143,19762,2025-03-01,24499,False,1
905,1440,7875,3,1,150,50007,2021-03-01,20299,False,1
190,292,1644,3,1,100,112252,2018-05-01,8099,False,1
60,78,271,1,2,150,146531,2019-03-01,16799,False,1
130,159,886,1,1,190,103522,2020-01-01,28099,False,1
670,1106,5975,3,2,110,117834,2016-04-01,7199,False,1
860,1355,7401,3,2,115,40724,2017-10-01,13299,False,1
905,1444,7906,3,2,90,108591,2015-03-01,9599,False,1
800,1257,7024,3,1,150,59944,2022-05-01,21599,False,1
670,1127,6148,1,2,131,122492,2022-03-01,15599,False,1
720,1186,6579,3,1,110,155373,2015-07-01,7499,False,1
670,1119,6102,3,2,165,91724,2016-02-01,10399,False,1
425,708,3494,1,3,141,153305,2018-08-01,13199,False,1
285,520,2630,3,2,160,47090,2016-12-01,13799,False,1
130,174,1103,1,1,150,73730,2021-10-01,24499,False,1
650,1055,5579,1,2,145,151504,2022-02-01,10799,False,1
345,615,3071,3,2,120,30516,2023-04-01,16499,False,1
860,1397,7593,1,3,120,57084,2022-03-01,17499,False,1
570,872,4229,1,1,150,22027,2021-10-01,29099,False,1
60,80,284,3,1,110,105737,2015-01-01,13099,False,1
860,1397,7593,1,3,116,26121,2021-09-01,17599,False,1
225,1029,5473,3,1,116,45769,2021-03-01,17299,False,1
800,1252,7006,1,2,150,33732,2023-08-01,19299,False,1
670,1106,5975,3,2,100,89778,2020-02-01,11299,False,1
345,608,3043,1,3,141,95205,2022-01-01,17599,False,1
720,1172,6433,1,3,200,10837,2025-01-01,32499,False,1
670,1130,6171,1,2,130,92129,2020-02-01,17199,False,1
590,984,5319,3,2,71,50919,2022-03-01,10099,False,1
390,675,3365,3,2,140,116913,2018-05-01,13299,False,1
130,174,1103,1,1,150,82504,2021-12-01,26299,False,1
670,1130,6171,3,2,131,106974,2019-02-01,15599,False,1
190,267,1462,3,2,110,114121,2021-03-01,13399,False,1
580,954,5138,1,1,150,109297,2019-02-01,16399,False,1
345,615,3076,1,3,141,82521,2022-03-01,18299,False,1
650,1065,5656,3,2,101,17194,2023-04-01,12099,False,1
190,271,1496,3,2,110,59666,2019-03-01,8899,False,1
650,1096,5920,3,1,135,94983,2017-01-01,12299,False,1
905,1427,7771,1,2,110,78162,2021-06-01,18899,False,1
130,174,1104,1,2,140,53768,2019-09-01,22399,False,1
225,1005,5384,3,2,114,21193,2024-05-01,17799,False,1
570,900,4667,1,1,194,122095,2020-06-01,30499,False,1
860,1389,7553,1,2,131,42886,2021-02-01,21499,False,1
345,601,2996,3,2,84,32834,2023-08-01,13599,False,1
194,343,1864,1,2,150,101040,2021-12-01,15999,False,1
345,601,2991,3,2,67,11909,2021-12-01,11899,False,1
190,281,1581,3,1,131,88554,2020-03-01,12799,False,1
800,1259,7056,1,1,150,48389,2024-01-01,22899,False,1
390,679,3403,3,1,120,83543,2017-11-01,13899,False,1
225,1029,5472,3,2,140,83751,2023-05-01,18999,False,1
670,1111,6015,3,1,102,81255,2020-10-01,11799,False,1
190,280,1569,3,2,130,74617,2017-05-01,9199,False,1
285,518,2613,3,2,120,132838,2018-06-01,11999,False,1
670,1127,6148,1,2,131,29120,2023-01-01,20399,False,1
425,718,3533,3,2,100,114012,2018-06-01,9299,False,1
60,84,389,1,1,163,42759,2022-06-01,27499,False,1
345,608,3043,1,3,140,122238,2019-08-01,13999,False,1
570,876,4282,1,2,136,56439,2021-04-01,24499,False,1
790,1229,6841,3,2,116,13879,2024-12-01,22999,False,1
720,1183,6548,3,1,116,111734,2019-06-01,15099,False,1
650,1063,5647,3,2,110,125734,2019-02-01,12499,False,1
60,78,266,3,1,90,136647,2014-02-01,10399,False,1
910,1516,8474,1,2,163,7121,2024-08-01,31599,False,1
60,78,266,1,1,115,139281,2016-03-01,12899,False,1
720,1185,6575,1,1,190,76178,2020-11-01,21199,False,1
60,78,269,3,2,95,45047,2019-06-01,15999,False,1
790,1235,6908,1,3,204,87315,2021-09-01,18399,False,1
670,1127,6149,1,1,130,29650,2024-03-01,22899,False,1
670,1106,5975,3,2,82,111129,2019-09-01,7399,False,1
390,675,3368,3,1,130,91588,2021-08-01,17799,False,1
280,448,2139,3,2,69,1360,2024-06-01,13099,False,1
670,1126,6138,3,2,101,19914,2024-06-01,17499,False,1
670,1111,6015,3,1,130,50714,2019-11-01,13299,False,1
868,932,5059,3,2,106,44703,2023-04-01,13499,False,1
670,1126,6141,3,2,120,98278,2014-01-01,7899,False,1
670,1130,6172,1,1,131,62664,2021-06-01,20899,False,1
190,272,1512,3,1,102,58156,2019-09-01,11499,False,1
189,322,1790,1,2,300,42300,2023-06-01,34799,False,1
860,1392,7570,1,3,197,159162,2017-01-01,17399,False,1
340,574,2924,1,3,109,68513,2021-03-01,16599,False,1
60,101,600,1,1,150,61213,2022-02-01,30099,False,1
910,1517,8487,1,1,197,102199,2023-01-01,30699,False,1
190,277,1548,3,2,110,105926,2017-11-01,7599,False,1
810,1290,7188,3,2,135,34481,2024-02-01,15899,False,1
910,1517,8496,1,2,190,112065,2019-12-01,22599,False,1
285,518,2613,3,2,150,90237,2015-04-01,10899,False,1
40,42,146,1,1,190,42822,2023-05-01,28799,False,1
580,956,5161,3,1,115,85411,2019-09-01,15199,False,1
190,269,1484,3,2,72,55899,2020-08-01,8699,False,1
820,1299,7206,1,2,150,118479,2019-06-01,17499,False,1
130,177,1172,1,1,190,137697,2017-05-01,22799,False,1
570,872,4229,1,1,150,10661,2025-08-01,32499,False,1
905,1444,7919,3,1,90,136865,2013-11-01,8299,False,1
40,47,171,1,3,280,32386,2023-10-01,28699,False,1
800,1252,6998,1,2,116,12236,2025-04-01,18399,False,1
194,345,1877,3,2,115,88382,2017-02-01,10499,False,1
190,279,1565,3,1,131,106558,2020-12-01,14199,False,1
670,1127,6154,1,3,299,71625,2020-01-01,17499,False,1
60,78,261,3,2,95,119417,2015-12-01,11199,False,1
345,615,3071,3,2,120,75832,2022-12-01,14299,False,1
670,1130,6172,1,1,130,112753,2019-07-01,17799,False,1
905,1440,7855,3,2,150,137158,2017-08-01,14199,False,1
670,1126,6143,3,1,115,37326,2014-08-01,9699,False,1
570,872,4225,1,2,136,11941,2025-03-01,30799,False,1
720,1204,6729,3,1,150,122220,2020-08-01,15099,False,1
905,1440,7875,1,1,150,119390,2016-07-01,15199,False,1
60,78,270,3,2,116,102757,2019-04-01,16099,False,1
225,1014,5422,3,1,90,72231,2014-11-01,7199,False,1
190,275,1525,3,2,131,30855,2024-01-01,14299,False,1
550,853,4131,1,2,122,47198,2023-01-01,21099,False,1
40,42,146,1,1,190,99207,2022-08-01,23799,False,1
650,1055,5578,3,2,150,142170,2017-07-01,9399,False,1
910,1512,8408,1,1,197,117905,2022-11-01,26899,False,1
570,900,4669,1,2,210,106382,2018-12-01,28499,False,1
60,87,451,1,1,163,101129,2021-06-01,29299,False,1
860,1397,7593,1,3,116,116985,2021-06-01,14799,False,1
670,1127,6149,1,1,131,43531,2023-04-01,21299,False,1
570,876,4294,1,1,177,49034,2015-09-01,18099,False,1
40,43,149,3,2,120,9959,2020-10-01,14899,False,1
425,718,3536,3,2,85,102411,2017-11-01,8699,False,1
550,850,4121,1,1,150,105164,2015-06-01,13899,False,1
670,1126,6138,3,2,101,34702,2024-06-01,16299,False,1
670,1127,6149,1,1,130,38816,2021-11-01,19399,False,1
650,1080,5790,3,2,140,65162,2019-09-01,11499,False,1
905,1427,7775,1,2,116,6420,2025-04-01,26199,False,1
130,159,878,1,2,135,76583,2016-07-01,16099,False,1
790,1235,6914,3,2,131,75625,2020-03-01,14599,False,1
60,84,369,3,1,143,73362,2014-02-01,15199,False,1
130,176,1153,1,1,190,96206,2021-12-01,32699,False,1
800,1264,7081,3,2,150,50578,2023-01-01,18999,False,1
60,78,261,3,2,95,81051,2018-08-01,12899,False,1
390,675,3365,3,2,140,67966,2017-11-01,13999,False,1
670,1127,6151,1,1,120,119612,2017-06-01,14099,False,1
130,157,802,3,1,115,142948,2015-04-01,11799,False,1
650,1069,5698,3,2,130,84431,2019-06-01,11499,False,1
280,448,2139,3,2,69,25200,2023-03-01,11899,False,1
345,626,3125,3,1,115,132456,2017-08-01,13899,False,1
280,448,2139,3,2,69,12885,2023-10-01,12899,False,1
905,1475,8081,1,2,150,70454,2022-12-01,31199,False,1
570,881,4386,1,2,163,45918,2023-07-01,30099,False,1
910,1516,8472,1,3,262,58434,2020-06-01,25999,False,1
225,1046,5533,1,3,204,20769,2023-10-01,28699,False,1
720,1204,6726,1,1,160,129101,2016-04-01,12499,False,1
390,679,3395,3,2,120,15258,2022-09-01,17999,False,1
650,1055,5583,3,1,122,50170,2020-10-01,12999,False,1
225,1029,5478,3,1,150,149088,2019-07-01,15299,False,1
225,1029,5473,3,1,116,110513,2019-04-01,15099,False,1
280,481,2330,3,2,77,83674,2015-10-01,7199,False,1
650,1055,5573,3,2,145,88236,2020-03-01,11099,False,1
570,876,4290,1,2,163,26769,2023-11-01,28099,False,1
130,159,875,3,1,143,140763,2015-01-01,12799,False,1
910,1515,8464,1,1,190,148911,2019-04-01,22999,False,1
650,1074,5739,3,1,135,120447,2016-10-01,11399,False,1
280,448,2139,3,2,69,60841,2022-07-01,10799,False,1
60,75,247,3,2,95,126513,2017-07-01,10899,False,1
670,1127,6149,3,1,130,146142,2018-08-01,13099,False,1
905,1405,7617,3,2,105,126130,2016-01-01,10999,False,1
60,105,648,1,3,299,109100,2021-09-01,31199,False,1
800,1258,7028,1,2,150,25408,2023-08-01,31099,False,1
790,1233,6879,1,2,150,55890,2021-11-01,18099,False,1
720,1191,6631,3,1,116,96937,2019-03-01,12399,False,1
570,876,4299,1,3,218,24715,2024-03-01,31499,False,1
60,80,284,3,1,110,114515,2015-06-01,13599,False,1
60,78,266,1,1,115,65616,2018-07-01,15799,False,1
790,1235,6917,3,1,115,152933,2017-07-01,10099,False,1
910,1494,8275,1,1,190,81549,2018-11-01,21399,False,1
790,1235,6906,3,2,125,104639,2017-10-01,13899,False,1
425,708,3494,1,3,141,143389,2018-04-01,12599,False,1
910,1490,8211,1,1,150,75407,2018-03-01,15399,False,1
60,78,261,3,2,95,114207,2017-12-01,11899,False,1
570,881,4380,1,2,136,19904,2023-02-01,28599,False,1
670,1111,6012,1,2,131,30201,2024-04-01,17299,False,1
570,872,4224,1,1,116,38832,2023-07-01,27299,False,1
650,1066,5675,3,2,82,50269,2017-10-01,9099,False,1
425,725,3570,3,2,132,100850,2017-01-01,12999,False,1
235,412,2055,1,1,131,58199,2020-05-01,15599,False,1
860,1362,7442,1,3,180,22803,2023-02-01,25599,False,1
670,1126,6140,3,1,102,95173,2019-05-01,10699,False,1
570,900,4669,1,2,210,69131,2018-01-01,28899,False,1
860,1356,7414,3,1,110,87022,2016-05-01,13599,False,1
425,725,3573,3,2,150,33042,2024-03-01,24599,False,1
225,1029,5471,3,2,140,65688,2021-04-01,17399,False,1
670,1127,6148,3,2,131,13538,2023-12-01,19899,False,1
345,626,3119,1,1,136,96354,2021-08-01,20599,False,1
130,160,937,1,1,185,110580,2014-10-01,18599,False,1
580,956,5150,1,1,110,108656,2016-02-01,11899,False,1
345,626,3125,1,1,140,137127,2017-07-01,15299,False,1
650,1078,5770,3,2,120,63315,2016-03-01,7799,False,1
345,602,3003,3,2,84,62044,2023-03-01,13399,False,1
580,954,5138,1,1,150,107164,2019-02-01,15099,False,1
570,872,4224,1,1,115,54846,2020-08-01,23199,False,1
285,525,2677,3,2,125,128071,2021-02-01,13399,False,1
235,410,2044,3,2,110,80956,2018-04-01,8099,False,1
285,525,2677,3,2,125,26520,2022-02-01,17499,False,1
225,1005,5385,3,2,115,127656,2018-01-01,9199,False,1
345,604,3024,3,1,115,94075,2019-04-01,13599,False,1
60,78,261,3,2,95,78030,2018-07-01,12999,False,1
60,100,590,3,2,116,111047,2019-10-01,17899,False,1
830,1320,7272,3,2,90,2509,2019-08-01,13099,False,1
790,1240,6942,1,1,150,54767,2024-03-01,33199,False,1
860,1397,7592,3,2,125,31446,2021-05-01,15299,False,1
790,1229,6843,3,2,150,90751,2018-11-01,17399,False,1
720,1178,6504,3,1,110,141135,2015-06-01,7599,False,1
590,962,5192,3,2,117,74530,2019-03-01,13799,False,1
590,962,5192,3,2,117,125151,2019-04-01,12599,False,1
280,454,2175,3,2,110,47250,2018-08-01,10999,False,1
670,1127,6149,1,1,131,35532,2024-01-01,22199,False,1
130,157,805,1,2,136,45984,2022-08-01,23699,False,1
190,267,1462,3,2,110,41767,2020-11-01,15699,False,1
580,956,5150,1,1,150,97163,2019-11-01,17699,False,1
910,1511,8385,1,1,197,72917,2021-12-01,25299,False,1
60,80,287,1,2,180,128551,2016-04-01,14999,False,1
670,1126,6140,1,1,131,56403,2021-12-01,16399,False,1
670,1133,6205,3,1,115,149421,2017-09-01,15899,False,1
345,615,3071,3,2,120,17983,2022-08-01,15999,False,1
130,159,875,1,1,150,142140,2018-05-01,15999,False,1
670,1126,6138,3,2,100,46727,2023-03-01,14499,False,1
190,271,1496,3,2,82,50714,2019-02-01,8799,False,1
905,1471,8065,1,2,150,24299,2024-05-01,29199,False,1
720,1174,6450,1,3,143,9493,2024-02-01,21599,False,1
790,1235,6914,3,2,150,61685,2021-12-01,19899,False,1
800,1256,7019,3,2,150,75629,2021-12-01,16899,False,1
130,157,804,3,1,150,145515,2015-12-01,13699,False,1
720,1174,6446,3,2,140,6674,2023-09-01,19799,False,1
225,1029,5477,1,1,130,126112,2016-05-01,12999,False,1
860,1360,7432,3,2,72,45881,2022-08-01,12699,False,1
130,157,804,1,1,150,151697,2015-06-01,13899,False,1
60,101,598,3,1,150,122032,2018-02-01,17799,False,1
650,1065,5660,3,2,75,92133,2018-01-01,7499,False,1
720,1174,6441,3,2,91,119323,2020-12-01,12199,False,1
340,562,2862,3,2,130,126691,2017-06-01,14999,False,1
425,718,3533,3,2,100,104701,2017-06-01,8899,False,1
285,510,2530,3,2,125,38669,2023-01-01,18399,False,1
285,514,2593,3,1,120,102700,2019-02-01,11499,False,1
345,626,3119,3,1,136,106713,2022-07-01,19499,False,1
60,85,404,1,2,225,154080,2014-03-01,14899,False,1
860,1355,7401,3,2,115,70760,2017-09-01,12699,False,1
580,953,5132,1,2,178,12552,2023-06-01,28199,False,1
340,583,2947,1,3,184,13552,2024-12-01,35099,False,1
910,1517,8487,1,1,197,114538,2020-12-01,28499,False,1
860,1360,7432,3,2,72,2459,2025-08-01,15099,False,1
905,1444,7902,1,2,95,32734,2020-09-01,15099,False,1
425,718,3536,3,2,85,137919,2017-09-01,7799,False,1
670,1106,5979,3,1,102,52030,2022-12-01,13699,False,1
60,105,648,1,3,299,128709,2020-12-01,26299,False,1
280,454,2169,3,2,120,16326,2020-07-01,14099,False,1
868,928,5047,1,3,258,107915,2021-06-01,16299,False,1
425,727,3590,3,2,85,43149,2017-10-01,11499,False,1
60,80,295,1,2,150,84939,2019-12-01,18199,False,1
720,1204,6728,1,2,200,121020,2016-06-01,13399,False,1
425,727,3590,3,2,84,28033,2021-12-01,13499,False,1
60,105,628,1,1,190,111892,2019-01-01,25599,False,1
580,956,5150,3,1,110,138699,2016-05-01,10299,False,1
860,1360,7432,1,2,72,71233,2022-05-01,13399,False,1
590,962,5193,3,1,115,135956,2018-01-01,11699,False,1
130,161,969,1,1,190,68732,2022-09-01,34699,False,1
905,1475,8084,1,1,150,135134,2020-07-01,22299,False,1
650,1055,5587,3,1,110,136198,2015-02-01,8099,False,1
670,1126,6138,3,2,100,30806,2022-03-01,13899,False,1
487,789,3937,1,3,184,100026,2019-07-01,20299,False,1
800,1265,7085,1,2,150,112809,2017-12-01,14099,False,1
720,1191,6627,3,2,140,88539,2019-06-01,13699,False,1
790,1235,6914,3,2,131,143591,2018-10-01,12599,False,1
425,725,3570,3,2,135,67984,2016-01-01,11999,False,1
40,47,175,1,1,131,39540,2022-12-01,21699,False,1
60,84,391,1,2,150,23567,2022-06-01,25599,False,1
905,1425,7760,3,1,116,155959,2020-07-01,14199,False,1
20,8,13,3,2,179,31198,2022-11-01,21599,False,1
580,958,5176,3,1,95,101437,2018-05-01,12199,False,1
790,1229,6842,1,2,150,130372,2017-09-01,15099,False,1
225,1005,5384,3,2,114,86700,2021-03-01,14499,False,1
720,1174,6447,3,1,116,113580,2021-05-01,14099,False,1
550,849,4116,1,2,121,39523,2022-02-01,19699,False,1
860,1355,7401,3,2,115,89952,2015-08-01,10999,False,1
570,872,4227,1,2,163,32008,2020-01-01,25999,False,1
730,764,3752,3,1,150,97684,2016-04-01,13299,False,1
285,509,2509,3,2,100,145465,2017-10-01,8799,False,1
790,1229,6842,3,2,150,63092,2018-10-01,16499,False,1
570,876,4282,1,2,136,15158,2020-09-01,21799,False,1
194,344,1876,1,3,141,21847,2023-12-01,22199,False,1
190,271,1496,3,2,110,70508,2019-06-01,8199,False,1
720,1174,6439,3,2,90,86065,2016-04-01,9299,False,1
860,1397,7592,3,2,125,47225,2022-09-01,15399,False,1
670,1106,5975,1,2,101,82967,2020-01-01,11599,False,1
790,1235,6907,1,2,150,114617,2018-05-01,14499,False,1
60,101,600,1,1,150,110018,2021-08-01,26599,False,1
425,724,3562,3,1,128,69346,2015-07-01,9899,False,1
285,525,2680,3,1,120,132094,2020-08-01,13699,False,1
285,510,2529,3,2,125,106564,2020-01-01,14199,False,1
345,604,3025,3,1,136,134970,2021-04-01,12699,False,1
285,509,2510,3,2,125,63092,2023-05-01,14999,False,1
60,80,280,3,2,150,110782,2016-12-01,15199,False,1
225,1029,5470,3,2,115,126825,2017-01-01,11499,False,1
345,615,3071,3,2,120,27853,2022-07-01,15599,False,1
910,1517,8491,3,1,135,143179,2014-10-01,14499,False,1
720,1175,6464,3,1,101,19030,2023-09-01,15199,False,1
720,1183,6550,1,1,110,50283,2017-12-01,14599,False,1
650,1069,5699,3,1,131,126286,2019-06-01,11999,False,1
130,159,889,1,3,204,12901,2024-05-01,31999,False,1
670,1106,5979,3,1,102,105375,2022-02-01,11599,False,1
60,84,389,1,1,163,121989,2020-02-01,21399,False,1
868,928,5047,1,3,258,33689,2024-03-01,22499,False,1
860,1397,7593,1,3,120,65557,2021-06-01,16699,False,1
345,615,3076,1,3,141,28743,2024-03-01,24099,False,1
905,1476,8086,1,2,150,115499,2018-04-01,19799,False,1
860,1397,7593,1,3,116,129128,2020-12-01,14299,False,1
905,1444,7902,3,2,95,51467,2021-12-01,16099,False,1
194,345,1881,3,1,90,141923,2015-07-01,8699,False,1
285,510,2530,3,2,125,92027,2020-10-01,14399,False,1
860,1397,7593,1,3,101,98541,2017-05-01,12699,False,1
910,1511,8389,1,1,135,135275,2015-01-01,13199,False,1
189,322,1790,1,2,300,62684,2020-12-01,29599,False,1
285,510,2529,3,2,125,37663,2019-04-01,15199,False,1
285,509,2510,3,2,155,44674,2021-11-01,14499,False,1
570,881,4399,1,2,210,120650,2015-06-01,18399,False,1
550,849,4115,3,2,120,78771,2018-01-01,14399,False,1
570,881,4384,1,2,122,88601,2018-11-01,19599,False,1
60,78,262,3,2,85,127787,2013-10-01,10399,False,1
670,1130,6172,1,1,131,66056,2023-03-01,23399,False,1
190,278,1555,3,1,120,80121,2016-07-01,11499,False,1
285,525,2677,1,2,155,36266,2022-01-01,18499,False,1
905,1472,8069,1,2,110,26081,2024-01-01,21799,False,1
800,1262,7070,3,1,90,105933,2015-09-01,8199,False,1
550,839,4056,3,2,122,87095,2020-09-01,17299,False,1
390,675,3366,1,2,131,6620,2024-11-01,26299,False,1
720,1191,6631,1,1,116,42052,2024-05-01,16999,False,1
905,1427,7781,1,1,150,101242,2020-12-01,24399,False,1
650,1069,5699,3,1,131,113329,2019-08-01,12699,False,1
650,1071,5711,3,1,135,106803,2016-06-01,9099,False,1
189,325,1802,1,3,245,125026,2022-04-01,20699,False,1
345,626,3125,3,1,115,115265,2017-12-01,13499,False,1
225,1046,5536,1,1,130,124005,2017-07-01,13899,False,1
910,1517,8487,1,2,197,44951,2023-04-01,31899,False,1
390,675,3368,3,1,120,75752,2020-06-01,16199,False,1
425,729,3601,3,2,160,41026,2021-07-01,17599,False,1
800,1257,7022,1,2,150,32526,2023-09-01,22699,False,1
345,615,3072,3,2,120,21842,2022-02-01,16599,False,1
130,157,802,3,1,115,137622,2015-02-01,11699,False,1
190,275,1525,3,2,131,75782,2022-09-01,12999,False,1
189,324,1800,1,2,310,71031,2021-06-01,28299,False,1
650,1096,5920,3,1,135,142721,2014-11-01,8599,False,1
550,853,4131,3,2,122,99771,2021-12-01,17799,False,1
130,161,967,1,1,190,158317,2015-02-01,15299,False,1
345,613,3066,3,1,115,147103,2014-05-01,9999,False,1
790,1229,6843,3,2,150,76550,2019-07-01,17299,False,1
550,849,4116,1,2,121,32788,2020-11-01,19499,False,1
60,85,408,1,1,204,58541,2022-03-01,31999,False,1
425,727,3589,3,2,101,118709,2021-06-01,11999,False,1
345,604,3014,3,2,101,9087,2025-06-01,18999,False,1
720,1191,6631,3,1,116,75327,2021-07-01,15299,False,1
860,1355,7407,1,3,136,115097,2015-10-01,13399,False,1
670,1126,6140,3,1,110,63022,2021-08-01,14899,False,1
560,1272,7114,3,2,90,31778,2015-06-01,8099,False,1
868,932,5059,3,2,106,23040,2024-03-01,13899,False,1
60,101,601,1,2,150,50285,2019-07-01,23399,False,1
345,608,3043,1,3,141,39105,2019-08-01,15399,False,1
905,1427,7781,3,1,116,118982,2021-05-01,15299,False,1
60,78,261,3,2,95,57284,2016-01-01,12899,False,1
650,1065,5653,3,2,85,76542,2014-01-01,6799,False,1
345,602,3003,3,2,75,50029,2019-11-01,9599,False,1
670,1111,6012,3,2,130,127481,2018-08-01,7699,False,1
425,692,3437,3,1,115,115344,2015-11-01,9999,False,1
189,324,1800,1,2,310,48822,2020-11-01,29499,False,1
60,88,469,1,1,190,71823,2016-12-01,19799,False,1
670,1127,6154,1,3,299,66711,2022-08-01,20799,False,1
425,727,3588,3,2,120,30833,2020-01-01,13899,False,1
285,514,2591,3,2,125,67731,2017-11-01,11999,False,1
285,525,2677,1,2,155,51746,2022-05-01,18899,False,1
285,510,2530,3,2,125,76270,2022-11-01,15499,False,1
670,1126,6140,3,1,110,57056,2021-10-01,14399,False,1
189,325,1803,1,3,204,3992,2025-04-01,30299,False,1
225,1005,5384,3,2,117,45213,2020-07-01,13899,False,1
20,2,3,3,2,179,22446,2024-08-01,24899,False,1
130,159,887,1,1,190,76815,2017-07-01,21999,False,1
285,499,2447,3,2,100,96748,2017-05-01,7799,False,1
345,626,3120,3,2,150,18946,2023-07-01,21899,False,1
570,872,4225,1,2,150,37187,2023-06-01,27499,False,1
580,958,5166,1,2,135,16347,2024-02-01,22899,False,1
570,898,4637,1,2,163,74355,2022-09-01,30999,False,1
194,343,1865,3,1,116,49438,2019-11-01,15399,False,1
905,1479,8118,3,2,60,84177,2014-06-01,6599,False,1
720,1191,6631,3,1,116,100649,2018-12-01,11399,False,1
130,174,1104,1,2,136,50787,2021-05-01,22199,False,1
670,1126,6138,3,2,101,33923,2023-03-01,14799,False,1
425,708,3495,1,3,141,105224,2020-06-01,16299,False,1
580,956,5150,1,1,150,114598,2018-12-01,16199,False,1
800,1259,7058,1,2,265,26813,2024-11-01,34199,False,1
425,727,3589,3,2,101,60250,2021-05-01,13299,False,1
670,1126,6138,3,2,130,30331,2021-08-01,13999,False,1
345,602,3000,3,2,101,157045,2018-09-01,7799,False,1
905,1463,8036,1,1,150,145889,2017-12-01,31099,False,1
60,105,628,1,1,163,133448,2019-01-01,26399,False,1
570,881,4386,1,2,163,68874,2019-07-01,24999,False,1
390,679,3395,3,2,120,75543,2020-06-01,13599,False,1
190,277,1550,3,1,102,79847,2019-09-01,10599,False,1
860,1392,7570,1,3,218,117004,2020-08-01,24499,False,1
550,861,4155,3,2,160,105617,2017-01-01,17399,False,1
905,1425,7760,3,1,110,144484,2016-12-01,11399,False,1
670,1126,6138,1,2,131,65128,2022-01-01,15199,False,1
720,1191,6636,3,1,130,79188,2016-08-01,11499,False,1
285,537,2764,3,1,131,66892,2022-02-01,31199,False,1
285,510,2529,3,2,125,61527,2017-11-01,10299,False,1
345,626,3120,3,2,150,33073,2023-03-01,20399,False,1
650,1066,5675,3,2,82,59678,2019-04-01,8999,False,1
720,1191,6624,3,2,115,88045,2015-02-01,8999,False,1
130,158,833,1,1,150,72637,2017-10-01,16199,False,1
800,1256,7019,1,2,150,15007,2024-09-01,24299,False,1
910,1517,8487,1,1,197,131783,2021-12-01,26799,False,1
425,718,3536,3,2,85,126083,2016-08-01,7799,False,1
905,1478,8117,3,1,150,135590,2017-07-01,18599,False,1
60,77,259,1,2,110,33873,2022-10-01,20299,False,1
570,898,4637,3,1,135,139741,2015-05-01,15199,False,1
425,727,3589,3,2,101,29313,2022-12-01,15299,False,1
570,881,4387,1,1,150,75020,2022-07-01,31599,False,1
790,1235,6911,1,2,150,109231,2020-11-01,16099,False,1
860,1398,7599,1,3,120,30863,2023-11-01,22299,False,1
285,501,2456,1,1,120,90466,2017-06-01,12399,False,1
190,277,1548,3,2,110,109435,2020-10-01,9299,False,1
60,101,602,1,2,150,76610,2019-12-01,23299,False,1
905,1425,7760,3,1,105,98260,2015-08-01,11899,False,1
905,1403,7612,1,1,150,77864,2018-11-01,20299,False,1
790,1235,6914,3,2,131,95711,2021-07-01,15699,False,1
910,1516,8477,1,1,150,124986,2020-02-01,20399,False,1
225,1010,5406,3,2,101,136963,2019-03-01,9199,False,1
720,1202,6702,3,1,110,78776,2014-07-01,8999,False,1
190,272,1512,3,1,110,46727,2022-05-01,12499,False,1
570,872,4224,1,1,115,157641,2018-12-01,18099,False,1
905,1425,7760,1,1,105,60790,2014-08-01,13999,False,1
235,417,2079,1,1,180,150948,2018-03-01,16299,False,1
130,158,857,1,3,224,102496,2019-03-01,14199,False,1
905,1444,7902,3,2,95,32215,2018-07-01,13199,False,1
390,675,3368,3,1,130,82208,2021-10-01,16799,False,1
670,1119,6100,1,3,224,103797,2021-02-01,16499,False,1
560,1273,7124,1,2,90,131206,2016-08-01,9299,False,1
670,1126,6138,3,2,114,63059,2019-08-01,9499,False,1
189,324,1799,3,1,150,84163,2022-09-01,20999,False,1
790,1227,6834,3,2,110,37853,2023-06-01,16099,False,1
20,6,8,1,2,180,100392,2019-05-01,15499,False,1
590,969,5228,1,2,163,92924,2019-06-01,14699,False,1
285,505,2483,3,2,125,30058,2020-05-01,12699,False,1
905,1425,7753,3,2,110,140756,2015-12-01,11199,False,1
225,1005,5385,3,2,115,125674,2017-06-01,9399,False,1
670,1126,6140,1,1,131,38894,2021-12-01,16399,False,1
189,324,1797,3,2,150,47300,2022-03-01,21199,False,1
800,1252,6998,3,2,95,70327,2018-08-01,9099,False,1
130,160,941,1,2,185,152784,2015-11-01,16199,False,1
580,953,5129,1,2,135,46350,2020-02-01,19499,False,1
130,178,1193,1,1,230,133814,2017-07-01,24699,False,1
570,881,4387,1,1,135,111723,2018-07-01,20999,False,1
860,1392,7570,1,3,222,96192,2019-08-01,26299,False,1
194,343,1864,3,2,131,66928,2021-07-01,14899,False,1
580,956,5148,3,2,135,67483,2020-07-01,17199,False,1
580,958,5176,3,1,90,121175,2013-12-01,7399,False,1
580,954,5137,1,2,136,28424,2022-08-01,21499,False,1
60,100,589,3,1,116,103257,2022-05-01,19999,False,1
720,1175,6466,3,1,90,121388,2015-11-01,7999,False,1
40,46,169,1,1,190,27483,2020-06-01,25499,False,1
905,1478,8117,1,1,116,84981,2019-12-01,19399,False,1
190,272,1512,3,1,110,46220,2023-04-01,12899,False,1
800,1259,7056,1,1,150,80234,2019-04-01,15299,False,1
225,1029,5473,3,1,116,87402,2019-02-01,14699,False,1
790,1227,6834,3,2,95,143048,2017-12-01,9699,False,1
280,454,2175,3,2,110,46843,2017-04-01,10299,False,1
425,725,3569,3,1,136,79961,2021-10-01,16299,False,1
345,602,3003,3,2,85,122874,2015-03-01,7399,False,1
225,1028,5466,3,2,115,117576,2016-03-01,8099,False,1
380,654,3237,1,1,180,107176,2016-12-01,15999,False,1
487,784,3913,1,3,197,122714,2020-06-01,25099,False,1
790,1229,6845,1,1,190,154500,2016-12-01,15299,False,1
235,416,2073,1,1,131,53271,2023-07-01,22899,False,1
190,271,1502,3,1,102,115717,2019-06-01,8999,False,1
190,276,1542,3,1,115,125662,2016-03-01,9499,False,1
425,725,3569,3,1,136,70445,2019-11-01,15499,False,1
670,1106,5975,3,2,101,82501,2020-12-01,10999,False,1
130,157,804,1,1,150,25960,2024-01-01,27299,False,1
285,510,2529,1,2,125,65918,2020-07-01,15799,False,1
800,1256,7018,1,2,116,84735,2019-12-01,14599,False,1
130,157,805,1,2,135,74411,2019-10-01,17199,False,1
580,956,5154,1,3,225,81916,2017-12-01,16399,False,1
650,1069,5699,3,1,131,93937,2020-06-01,12999,False,1
190,277,1548,1,2,131,77197,2020-03-01,10699,False,1
570,872,4225,1,2,150,20424,2024-06-01,28099,False,1
194,350,1923,3,1,90,108733,2016-10-01,8099,False,1
570,872,4224,1,1,116,21420,2023-09-01,26999,False,1
860,1360,7432,3,2,72,23,2025-10-01,16099,False,1
60,78,270,1,2,110,46509,2021-10-01,19399,False,1
225,1029,5473,3,1,116,69032,2020-11-01,16299,False,1
225,1010,5401,3,2,90,39812,2018-11-01,9799,False,1
910,1517,8492,1,1,190,138782,2018-12-01,22099,False,1
130,179,1215,1,1,258,103536,2015-10-01,27599,False,1
425,727,3590,3,2,79,14642,2024-06-01,14799,False,1
225,1010,5410,3,1,90,121875,2019-05-01,8899,False,1
225,1029,5477,1,1,130,124413,2015-02-01,12399,False,1
905,1444,7904,3,2,70,58246,2014-03-01,8499,False,1
720,1174,6441,3,2,91,45666,2021-03-01,13599,False,1
190,271,1496,3,2,110,40109,2019-07-01,8099,False,1
790,1229,6843,3,2,150,59689,2021-06-01,17299,False,1
285,509,2509,3,2,100,50622,2015-12-01,8399,False,1
670,1127,6149,3,1,130,108775,2021-05-01,14099,False,1
810,1290,7191,3,1,115,107726,2019-06-01,10599,False,1
425,694,3450,3,2,120,111027,2020-09-01,11899,False,1
20,5,6,3,2,160,82228,2019-05-01,14899,False,1
190,278,1555,3,1,120,111767,2018-06-01,11499,False,1
130,157,802,1,1,116,67295,2020-05-01,19699,False,1
425,711,3506,1,2,67,11467,2022-09-01,13099,False,1
60,105,628,1,1,190,155378,2017-07-01,21699,False,1
190,275,1529,1,1,131,68131,2022-05-01,15199,False,1
650,1055,5573,3,2,131,18795,2020-10-01,12499,False,1
390,675,3365,3,2,140,101058,2020-10-01,13699,False,1
670,1136,6229,3,1,100,34205,2017-05-01,13699,False,1
60,86,415,1,1,190,109427,2017-06-01,22899,False,1
190,275,1525,3,2,130,89463,2021-11-01,11999,False,1
390,675,3365,3,2,140,94087,2020-10-01,14499,False,1
285,520,2630,3,2,160,119219,2018-01-01,12099,False,1
425,694,3452,3,2,100,48203,2017-01-01,10299,False,1
720,1174,6441,3,2,91,37224,2021-11-01,13999,False,1
670,1119,6101,1,2,224,119417,2020-09-01,18099,False,1
225,1005,5387,3,2,218,102650,2015-01-01,15199,False,1
860,1362,7442,1,3,184,113324,2021-11-01,21499,False,1
905,1475,8084,3,1,110,152605,2015-04-01,11999,False,1
285,517,2611,3,2,70,124637,2018-05-01,6399,False,1
720,1191,6627,3,2,116,71591,2019-10-01,11499,False,1
905,1425,7752,3,2,110,97437,2018-06-01,12699,False,1
800,1265,7094,1,1,190,152808,2016-09-01,15399,False,1
570,899,4652,1,1,150,94321,2022-08-01,32799,False,1
650,1078,5770,3,2,140,62439,2015-03-01,7399,False,1
860,1362,7442,1,3,184,120191,2020-12-01,19299,False,1
570,898,4634,1,2,122,113604,2019-04-01,18699,False,1
580,958,5168,3,1,115,83399,2016-02-01,11199,False,1
720,1175,6462,1,2,131,85337,2020-09-01,12699,False,1
60,75,252,3,1,115,108750,2017-03-01,11499,False,1
670,1130,6172,1,1,130,81921,2019-11-01,18099,False,1
905,1475,8084,1,1,150,119754,2019-02-01,22699,False,1
345,602,3003,3,2,75,69414,2019-07-01,9599,False,1
860,1357,7422,3,1,143,138400,2016-01-01,11899,False,1
670,1106,5975,3,2,100,62511,2021-09-01,9799,False,1
190,267,1468,3,1,100,87109,2018-07-01,11999,False,1
670,1106,5975,3,2,75,61225,2022-02-01,9499,False,1
905,1425,7762,1,1,150,74729,2015-11-01,14299,False,1
650,1065,5656,3,2,101,38622,2020-02-01,9699,False,1
225,1005,5387,1,2,113,44398,2019-10-01,13399,False,1
580,958,5175,3,2,102,104382,2019-06-01,12599,False,1
345,604,3015,3,2,120,111747,2018-03-01,10799,False,1
790,1227,6834,3,2,110,53460,2023-02-01,15099,False,1
650,1066,5677,3,2,130,41499,2018-03-01,9599,False,1
235,412,2054,1,2,155,37560,2020-01-01,13999,False,1
425,725,3577,3,1,115,77287,2017-12-01,14199,False,1
190,275,1531,3,1,100,114519,2016-10-01,7299,False,1
190,284,1607,1,1,131,49536,2020-08-01,16599,False,1
390,675,3364,3,2,131,77468,2020-12-01,15199,False,1
190,282,1588,1,1,130,62701,2023-12-01,16399,False,1
905,1475,8084,1,1,150,100922,2019-02-01,22799,False,1
130,174,1103,3,1,143,107106,2015-01-01,12399,False,1
280,454,2169,3,2,120,56269,2022-01-01,12399,False,1
720,1191,6633,3,1,110,140185,2017-09-01,9999,False,1
189,324,1797,3,2,150,31612,2024-02-01,26199,False,1
425,718,3536,3,2,84,66432,2020-10-01,9699,False,1
190,271,1496,3,2,110,88917,2019-12-01,8099,False,1
425,727,3589,3,2,101,48169,2022-10-01,14199,False,1
670,1111,6012,3,2,110,58802,2021-03-01,10099,False,1
905,1475,8084,1,1,150,74051,2017-06-01,20899,False,1
345,626,3119,3,1,136,82186,2019-12-01,17699,False,1
720,1175,6454,3,2,76,100552,2019-03-01,8399,False,1
570,872,4239,1,3,218,37549,2023-08-01,27499,False,1
60,100,589,1,1,116,37706,2024-06-01,25899,False,1
425,727,3589,3,2,101,68154,2022-12-01,13599,False,1
570,900,4669,1,1,205,148408,2017-01-01,25299,False,1
285,518,2613,3,2,150,89423,2022-07-01,16599,False,1
390,675,3368,3,1,131,75716,2022-03-01,17899,False,1
905,1403,7613,1,2,190,91319,2021-06-01,23499,False,1
670,1101,5942,3,2,72,69682,2021-04-01,7799,False,1
390,670,3336,3,2,101,52781,2024-04-01,17299,False,1
670,1130,6172,1,1,131,68590,2021-04-01,20399,False,1
570,872,4222,1,2,136,51279,2022-12-01,24399,False,1
720,1174,6439,3,2,90,9562,2019-06-01,12099,False,1
570,872,4224,1,1,110,144650,2017-07-01,16199,False,1
235,417,2076,1,1,130,106697,2021-07-01,17499,False,1
190,286,1617,1,2,131,38043,2023-02-01,15999,False,1
670,1138,6242,3,1,131,151243,2020-06-01,13399,False,1
670,1126,6140,1,1,131,46435,2022-05-01,16499,False,1
905,1475,8084,1,1,150,80404,2021-06-01,29199,False,1
800,1257,7025,1,2,190,82053,2020-02-01,21899,False,1
570,876,4289,1,1,150,66633,2019-08-01,21899,False,1
190,284,1609,1,3,224,88046,2020-08-01,16499,False,1
570,872,4222,1,2,136,50027,2021-06-01,22799,False,1
860,1389,7553,3,2,110,106486,2021-03-01,16499,False,1
190,284,1607,1,1,131,68375,2020-07-01,16099,False,1
790,1235,6914,3,2,131,71646,2019-11-01,14699,False,1
60,80,295,1,2,150,90799,2019-09-01,18799,False,1
190,267,1465,3,1,102,43296,2021-05-01,17199,False,1
905,1471,8065,1,2,150,56318,2022-01-01,20799,False,1
720,1174,6441,3,2,91,16910,2022-06-01,14899,False,1
650,1066,5675,3,2,110,65111,2020-07-01,9899,False,1
670,1106,5975,1,2,110,55125,2019-04-01,9899,False,1
810,1290,7191,3,1,115,114018,2017-09-01,9299,False,1
225,1046,5536,1,1,130,155127,2016-09-01,12399,False,1
190,272,1512,3,1,110,96271,2022-11-01,11299,False,1
425,725,3572,1,3,265,49764,2023-07-01,27099,False,1
905,1425,7752,3,2,116,84936,2018-09-01,12699,False,1
225,1029,5471,3,2,140,112741,2021-03-01,14899,False,1
720,1191,6633,3,1,90,109247,2017-03-01,9099,False,1
60,100,589,1,1,116,65291,2021-12-01,21599,False,1
905,1425,7762,1,1,150,114027,2018-06-01,15599,False,1
790,1233,6882,3,1,90,117401,2013-10-01,6999,False,1
720,1191,6638,1,3,160,34904,2022-02-01,18799,False,1
790,1240,6943,1,2,190,64122,2019-09-01,23599,False,1
670,1127,6148,3,2,130,54582,2019-11-01,13499,False,1
860,1362,7443,1,3,223,3876,2024-11-01,27899,False,1
590,978,5281,1,2,150,145847,2016-12-01,12599,False,1
285,509,2509,1,2,125,22440,2023-01-01,15699,False,1
340,571,2910,1,3,131,92746,2022-02-01,21599,False,1
285,518,2613,3,2,150,70625,2021-11-01,15999,False,1
905,1444,7913,3,1,90,63225,2016-05-01,9899,False,1
670,1130,6171,1,2,130,114574,2020-07-01,15299,False,1
345,626,3118,1,1,136,143046,2019-11-01,16299,False,1
570,876,4293,1,2,185,125558,2014-05-01,13599,False,1
130,157,802,3,1,115,147067,2017-12-01,11099,False,1
285,510,2529,3,2,125,105570,2019-02-01,12599,False,1
905,1475,8084,1,1,150,117341,2018-11-01,20499,False,1
487,789,3937,1,3,184,100513,2019-06-01,19299,False,1
285,518,2613,3,2,120,137510,2018-03-01,11999,False,1
190,272,1512,3,1,110,56270,2022-06-01,12299,False,1
905,1470,8060,3,2,110,69747,2020-11-01,16199,False,1
425,714,3523,3,2,135,152092,2015-12-01,6799,False,1
560,1272,7115,3,2,70,69212,2014-12-01,6499,False,1
905,1425,7760,1,1,110,142691,2016-04-01,11499,False,1
345,626,3118,3,1,116,73499,2020-11-01,17799,False,1
225,1014,5422,3,1,90,126913,2014-12-01,6999,False,1
225,1010,5403,3,2,71,112544,2019-09-01,8299,False,1
130,157,805,1,2,135,122207,2018-05-01,15299,False,1
235,410,2044,3,2,82,95387,2017-09-01,6999,False,1
285,510,2529,3,2,125,93945,2020-06-01,14799,False,1
130,174,1102,3,1,115,117314,2018-06-01,15199,False,1
570,872,4235,1,1,190,31135,2024-03-01,30799,False,1
570,872,4229,1,1,135,127146,2017-11-01,15499,False,1
345,623,3112,1,1,177,37457,2023-05-01,35199,False,1
130,174,1103,1,1,150,69555,2022-02-01,30499,False,1
790,1233,6879,3,2,150,109329,2018-02-01,13299,False,1
130,174,1103,3,1,143,119471,2014-11-01,11699,False,1
225,1005,5387,3,2,113,80544,2019-09-01,10599,False,1
285,518,2614,3,1,120,116536,2018-03-01,12899,False,1
800,1258,7027,1,2,150,140909,2017-09-01,16399,False,1
425,727,3589,3,2,101,46001,2020-11-01,13699,False,1
720,1191,6627,1,2,140,58306,2020-08-01,13199,False,1
670,1126,6140,1,1,131,65379,2023-03-01,16999,False,1
285,510,2529,3,2,125,114207,2018-06-01,8599,False,1
190,267,1465,3,1,102,156518,2019-09-01,13999,False,1
905,1470,8061,1,2,150,51068,2022-06-01,20799,False,1
130,158,833,3,1,150,138952,2016-11-01,12699,False,1
670,1126,6138,3,2,82,136297,2019-04-01,7599,False,1
720,1191,6627,3,2,140,104062,2019-02-01,10899,False,1
905,1425,7756,1,2,150,149583,2015-07-01,10799,False,1
130,157,802,1,1,116,111913,2020-02-01,17399,False,1
720,1185,6575,1,1,184,55148,2022-04-01,22399,False,1
905,1446,7941,1,1,150,91269,2017-08-01,17099,False,1
868,932,5056,3,2,110,16537,2022-11-01,13799,False,1
720,1175,6456,3,2,100,71230,2020-05-01,10999,False,1
905,1472,8069,1,2,110,43909,2022-01-01,18599,False,1
190,272,1510,3,2,110,57436,2018-09-01,8199,False,1
130,176,1161,1,3,292,67748,2020-03-01,29099,False,1
190,281,1581,3,1,131,84555,2019-02-01,10799,False,1
810,1290,7186,3,2,128,56409,2021-08-01,10999,False,1
570,898,4645,1,3,218,95604,2022-02-01,29499,False,1
130,174,1103,1,1,150,152577,2016-04-01,14499,False,1
194,350,1916,3,2,91,42305,2021-06-01,11399,False,1
905,1479,8118,3,2,75,74162,2017-05-01,7599,False,1
910,1512,8413,1,1,190,87828,2017-07-01,18099,False,1
790,1227,6835,1,2,150,15253,2023-12-01,19999,False,1
345,603,3010,3,2,100,96555,2019-06-01,10599,False,1
720,1175,6453,3,2,90,140485,2016-11-01,7799,False,1
60,80,295,3,2,150,69521,2018-11-01,18699,False,1
670,1130,6172,1,1,131,48541,2022-06-01,21799,False,1
60,80,284,3,1,115,159627,2018-03-01,12999,False,1
130,175,1124,1,1,150,119278,2019-05-01,21599,False,1
790,1224,6818,3,1,150,99225,2018-05-01,18799,False,1
280,493,2408,3,1,95,61924,2019-06-01,9499,False,1
425,710,3503,1,3,205,112503,2018-08-01,14099,False,1
190,272,1512,3,1,102,137642,2020-06-01,8699,False,1
285,501,2456,3,1,120,85394,2017-06-01,10799,False,1
285,505,2483,3,2,125,73406,2021-11-01,12299,False,1
425,711,3506,3,2,70,52075,2015-03-01,6999,False,1
190,277,1548,3,2,82,75486,2017-12-01,7799,False,1
580,956,5148,3,2,135,41527,2019-08-01,15599,False,1
720,1191,6631,3,1,116,107771,2022-07-01,12299,False,1
670,1126,6138,3,2,110,87407,2016-11-01,7699,False,1
860,1395,7580,3,2,132,140983,2017-07-01,11799,False,1
190,277,1548,3,2,110,116267,2020-02-01,8799,False,1
590,969,5228,1,2,163,93441,2019-01-01,15599,False,1
810,1290,7190,3,1,136,68395,2021-02-01,11399,False,1
905,1471,8065,1,2,150,44333,2023-04-01,22399,False,1
190,297,1676,3,1,92,60243,2015-07-01,8899,False,1
720,1191,6624,3,2,115,49777,2015-04-01,8099,False,1
425,729,3604,1,3,141,35296,2023-06-01,19599,False,1
570,876,4299,1,3,218,29988,2021-12-01,24599,False,1
285,514,2593,3,1,120,122088,2017-12-01,10099,False,1
60,75,247,3,2,95,104877,2017-04-01,10999,False,1
670,1111,6012,3,2,110,44745,2021-03-01,10499,False,1
905,1426,7769,3,1,110,105050,2015-11-01,10399,False,1
550,849,4113,3,1,105,89409,2016-07-01,12099,False,1
285,501,2454,3,2,125,131580,2017-09-01,8399,False,1
130,157,802,3,1,115,116291,2016-06-01,12899,False,1
550,849,4115,3,2,120,158202,2016-07-01,11199,False,1
285,525,2677,3,2,125,43772,2023-12-01,16299,False,1
570,898,4638,1,1,135,96247,2019-12-01,20999,False,1
570,876,4287,1,2,163,83547,2019-11-01,19699,False,1
285,499,2447,3,2,100,35541,2017-05-01,8999,False,1
40,47,173,1,2,160,33245,2023-03-01,25299,False,1
285,541,2810,3,1,131,107226,2021-01-01,22399,False,1
720,1182,6537,3,1,130,136924,2016-05-01,9099,False,1
189,324,1799,1,1,150,80298,2022-06-01,23399,False,1
720,1175,6466,1,1,90,105257,2015-09-01,9199,False,1
225,1046,5533,1,3,213,47398,2023-12-01,29399,False,1
670,1126,6138,1,2,110,43554,2019-01-01,10399,False,1
720,1191,6627,1,2,159,107015,2019-04-01,15399,False,1
570,872,4224,1,1,116,13354,2024-09-01,27799,False,1
280,493,2408,3,1,95,79609,2019-07-01,8999,False,1
860,1362,7442,1,3,184,104359,2021-10-01,21799,False,1
905,1425,7760,3,1,115,159639,2019-04-01,12499,False,1
190,277,1550,3,1,102,106992,2020-07-01,10099,False,1
670,1119,6102,1,2,165,122990,2015-05-01,9599,False,1
130,174,1103,3,1,143,68502,2015-02-01,13899,False,1
60,102,611,1,1,150,103666,2019-12-01,26499,False,1
905,1425,7762,1,1,150,151142,2019-07-01,14299,False,1
285,510,2529,1,2,125,87780,2021-01-01,15399,False,1
670,1138,6242,3,1,102,104492,2019-04-01,12999,False,1
280,479,2310,4,2,85,95628,2017-03-01,8999,False,1
720,1174,6445,3,2,131,103780,2019-11-01,11899,False,1
720,1175,6456,3,2,91,50757,2021-10-01,12399,False,1
860,1357,7421,3,1,143,119974,2017-07-01,13299,False,1
800,1262,7068,1,1,90,106700,2016-04-01,8799,False,1
670,1127,6156,1,2,181,67142,2019-08-01,15999,False,1
670,1126,6140,1,1,131,96778,2022-12-01,17299,False,1
425,694,3450,3,2,120,111653,2019-10-01,11599,False,1
190,312,1740,1,1,180,76230,2018-07-01,23599,False,1
225,1029,5473,3,1,110,81321,2017-02-01,12499,False,1
790,1233,6869,3,2,115,143958,2019-03-01,11699,False,1
720,1174,6449,3,1,90,73851,2014-10-01,9399,False,1
60,82,320,1,1,150,115843,2019-03-01,17999,False,1
189,322,1790,1,2,300,89564,2020-02-01,24499,False,1
790,1235,6903,3,2,110,119017,2016-05-01,9299,False,1
570,898,4645,1,3,161,33180,2023-11-01,35699,False,1
720,1202,6696,3,2,115,73511,2015-04-01,8099,False,1
650,1080,5790,3,2,140,96377,2017-04-01,9199,False,1
570,881,4387,1,1,150,51136,2024-06-01,32799,False,1
670,1106,5979,3,1,102,67470,2019-03-01,9699,False,1
40,43,149,3,2,120,121014,2020-02-01,10899,False,1
670,1106,5979,3,1,102,18194,2022-12-01,13899,False,1
650,1055,5571,3,2,131,40950,2023-03-01,14299,False,1
670,1138,6242,3,1,102,98449,2020-04-01,14299,False,1
720,1175,6466,3,1,90,115371,2018-06-01,8999,False,1
340,571,2910,1,3,131,50150,2022-02-01,21899,False,1
650,1079,5780,1,2,140,119226,2014-11-01,8799,False,1
285,518,2614,1,1,120,159848,2017-10-01,11399,False,1
345,621,3097,1,3,230,97843,2021-12-01,26699,False,1
194,350,1916,1,2,91,42135,2023-05-01,14499,False,1
650,1066,5678,3,1,102,109720,2019-02-01,9499,False,1
720,1174,6445,3,2,131,40250,2019-05-01,12199,False,1
670,1127,6156,1,2,181,152447,2018-10-01,13399,False,1
790,1233,6872,3,2,90,77520,2015-11-01,8299,False,1
194,344,1874,3,2,110,17793,2024-05-01,15999,False,1
670,1126,6138,3,2,82,81070,2018-05-01,7799,False,1
670,1140,6247,1,1,180,72416,2019-06-01,26599,False,1
190,272,1512,1,1,120,43628,2021-01-01,13599,False,1
285,499,2447,3,2,100,53513,2018-07-01,8099,False,1
194,350,1922,3,1,95,66857,2019-10-01,10699,False,1
190,275,1529,1,1,131,54085,2021-11-01,15399,False,1
189,324,1795,1,3,272,31915,2024-12-01,34599,False,1
820,1312,7249,1,2,150,81753,2021-11-01,19799,False,1
60,101,595,3,2,150,110958,2016-12-01,14899,False,1
800,1258,7032,1,1,150,53943,2021-11-01,26599,False,1
570,872,4228,1,1,135,96621,2017-05-01,16999,False,1
670,1106,5975,3,2,75,18387,2021-11-01,10599,False,1
130,158,836,1,2,136,48409,2022-04-01,25599,False,1
130,157,802,3,1,115,103243,2014-10-01,10599,False,1
720,1191,6631,3,1,116,153421,2021-08-01,10599,False,1
285,510,2530,3,2,125,67509,2023-04-01,16699,False,1
905,1471,8065,1,2,150,99659,2020-10-01,19999,False,1
130,158,857,1,3,225,90014,2017-10-01,13999,False,1
570,881,4386,1,2,163,83718,2020-02-01,25799,False,1
580,956,5148,1,2,135,74657,2021-07-01,19199,False,1
650,1069,5699,1,1,131,79360,2022-06-01,15999,False,1
190,275,1529,1,1,131,61724,2022-02-01,15699,False,1
800,1256,7019,1,2,150,78016,2022-06-01,17899,False,1
905,1471,8065,1,2,150,51914,2020-06-01,18599,False,1
905,1447,7948,1,1,150,120374,2016-08-01,19299,False,1
190,284,1607,3,1,131,82016,2021-01-01,14599,False,1
670,1127,6156,1,2,181,53726,2019-06-01,16899,False,1
790,1240,6941,1,2,150,20169,2023-11-01,27399,False,1
285,505,2485,3,1,120,53034,2020-10-01,14199,False,1
130,157,802,3,1,115,147078,2013-10-01,9399,False,1
550,850,4121,1,1,150,81405,2016-11-01,14899,False,1
570,886,4514,1,1,195,71258,2019-12-01,29299,False,1
550,849,4115,3,2,120,149561,2016-06-01,11099,False,1
190,267,1465,3,1,102,51345,2021-10-01,17099,False,1
550,841,4072,3,1,175,144262,2016-03-01,12799,False,1
905,1475,8084,1,1,150,54500,2022-03-01,31699,False,1
40,47,175,1,1,131,16509,2024-12-01,25899,False,1
650,1080,5790,3,2,140,126536,2019-01-01,9799,False,1
790,1233,6882,3,1,95,121153,2018-04-01,9999,False,1
285,501,2454,3,2,125,113720,2016-10-01,7999,False,1
670,1126,6138,3,2,110,60567,2018-10-01,8999,False,1
235,413,2062,1,3,224,98337,2021-11-01,20199,False,1
190,284,1607,1,1,131,51165,2022-07-01,18699,False,1
905,1440,7875,3,1,150,82798,2018-02-01,18899,False,1
60,80,292,1,1,150,145799,2017-12-01,16799,False,1
810,1283,7156,3,1,150,128257,2014-11-01,7699,False,1
720,1191,6632,3,1,95,133043,2014-09-01,8499,False,1
910,1516,8477,1,1,150,107744,2018-12-01,18299,False,1
60,80,295,1,2,150,80582,2021-05-01,22099,False,1
130,174,1103,1,1,150,130166,2017-07-01,17999,False,1
225,1029,5471,3,2,140,87495,2019-12-01,14999,False,1
285,518,2613,3,2,150,26586,2023-06-01,19099,False,1
380,653,3221,3,1,150,111823,2019-06-01,16199,False,1
194,344,1874,3,2,110,35590,2023-02-01,16299,False,1
570,881,4380,1,2,136,98200,2020-11-01,25899,False,1
194,350,1915,3,2,67,24772,2021-07-01,10999,False,1
130,157,802,3,1,115,110492,2016-03-01,13499,False,1
194,350,1916,3,2,101,19520,2020-09-01,13099,False,1
860,1366,7470,1,2,140,31424,2023-04-01,22399,False,1
425,694,3454,3,2,140,96381,2019-06-01,13599,False,1
194,341,1843,3,1,90,89973,2016-12-01,11999,False,1
580,958,5166,3,2,135,120117,2019-06-01,14199,False,1
650,1055,5578,3,2,125,108429,2016-03-01,9999,False,1
60,80,284,1,1,110,149091,2015-10-01,14199,False,1
425,725,3577,3,1,115,75776,2018-06-01,17399,False,1
550,849,4116,3,2,121,65775,2019-01-01,16299,False,1
280,448,2140,3,2,69,37544,2018-12-01,10099,False,1
720,1205,6739,3,1,150,46483,2021-09-01,34299,False,1
280,448,2139,3,2,69,45140,2020-07-01,9999,False,1
790,1235,6914,3,2,150,69739,2019-07-01,15399,False,1
905,1478,8104,3,2,116,68844,2019-04-01,18799,False,1
670,1111,6012,3,2,130,66152,2019-05-01,11499,False,1
130,161,967,1,1,190,127539,2016-03-01,18099,False,1
570,872,4228,1,1,135,150776,2017-11-01,17799,False,1
905,1425,7760,3,1,105,83555,2014-12-01,12399,False,1
720,1191,6626,3,2,132,84909,2018-07-01,11899,False,1
790,1233,6869,3,2,115,30828,2019-10-01,12999,False,1
790,1233,6869,3,2,95,35852,2015-06-01,9799,False,1
130,177,1172,1,1,190,110695,2017-12-01,26299,False,1
570,917,4969,1,1,163,100067,2015-03-01,35399,False,1
190,292,1642,3,2,82,12690,2019-07-01,11499,False,1
425,711,3506,3,2,67,5060,2019-09-01,9999,False,1
790,1233,6865,3,2,75,34092,2017-08-01,9499,False,1
194,350,1912,3,2,90,74965,2019-07-01,10099,False,1
425,727,3589,3,2,101,73173,2021-07-01,16299,False,1
425,725,3577,3,1,115,101454,2015-05-01,13899,False,1
670,1106,5976,3,2,82,53817,2013-08-01,7799,False,1
130,160,937,1,1,190,101175,2016-12-01,22499,False,1
670,1119,6103,3,1,150,135399,2014-09-01,10599,False,1
425,727,3588,3,2,101,12576,2019-10-01,14999,False,1
425,694,3450,3,2,120,98472,2018-10-01,13299,False,1
670,1111,6019,3,1,115,104553,2013-10-01,8999,False,1
790,1231,6861,3,1,120,153084,2012-08-01,7499,False,1
670,1126,6138,3,2,130,57320,2018-09-01,12699,False,1
580,953,5136,3,2,102,55773,2018-03-01,17999,False,1
425,694,3450,3,2,120,31105,2021-06-01,14999,False,1
