id,id_modelo,nombre
1,1,1.4 Turbo
2,1,GT
3,2,1.4 Turbo
4,3,electric drive 114 kW
5,4,electric drive 114 kW
6,5,1.4
7,5,1.4 Turbo
8,6,1.4
9,6,1.4 Turbo
10,7,electric drive 174 kW
11,7,electric drive 207 kW
12,8,1.4
13,8,1.4 Turbo
14,9,1.4
15,9,1.4 Turbo
16,10,1.4
17,11,1.4
18,11,1.8
19,12,2.0
20,13,2.4
21,14,electric drive 150 kW
22,15,electric drive 160 kW
23,16,0.48
24,16,electric drive 6 kW
25,17,0.48
26,17,electric drive 6 kW
27,18,0.48
28,19,electric drive 6 kW
29,20,0.48
30,21,City Evo
31,21,City GTO
32,21,City Pack
33,21,City Premium
34,21,City Sport
35,21,Coupe Evo
36,21,Coupe GTI
37,21,Coupe Premium
38,21,Crossline Evo
39,21,Crossline Premium
40,21,Crossline Premium 600
41,21,e-City Pack
42,21,e-City Premium
43,21,e-Coupé GTI
44,21,e-Coupé Premium
45,22,1.8 Turbo
46,23,1.8 Turbo
47,24,4.7 V8
48,25,2.5
49,26,1.3
50,26,1.4
51,26,1.5
52,26,1.7
53,27,1.6
54,27,1.8
55,27,2.0
56,27,2.5
57,27,3.0 V6
58,28,2.0
59,28,2.4 Turbodiesel
60,28,2.5
61,29,1.4
62,29,1.6
63,29,1.7
64,29,1.8
65,29,1.9 JTD
66,29,2.0
67,29,2.0 Turbodiesel
68,30,1.4
69,30,1.6
70,30,1.7
71,30,1.8
72,30,1.9 JTD
73,30,2.0
74,30,2.0 Turbodiesel
75,31,1.6
76,31,1.9 JTD
77,31,1.9 JTDM
78,31,2.0
79,31,3.2 V6
80,32,1.6
81,32,1.7
82,32,1.8
83,32,2.0
84,32,2.0 Turbo
85,32,2.5 Turbodiesel
86,32,2.5 V6
87,33,1.6
88,33,1.8
89,33,1.9 JTD
90,33,2.0
91,33,2.0 JTS
92,33,2.4 JTD
93,33,2.5 V6
94,33,3.2 V6
95,34,1.8
96,34,1.8 Turbo
97,34,1.9 JTD
98,34,1.9 JTS
99,34,2.0 JTDM
100,34,2.2 JTS
101,34,2.4 JTD
102,34,2.4 JTDM
103,34,3.2 JTS V6
104,35,2.0
105,35,2.0 V6 Turbo
106,35,2.5 Turbodiesel
107,35,3.0 V6
108,36,2.0
109,36,2.4 JTD
110,36,2.4 JTDM
111,36,2.5 V6
112,36,3.0 V6
113,36,3.2
114,37,1.8 Turbo
115,37,2.0 JTDM
116,37,2.2 JTS
117,37,2.4 JTD
118,37,2.4 JTDM
119,37,3.2 JTS V6
120,38,1.8
121,38,1.9 JTD
122,38,1.9 JTDM
123,38,2.0 JTS
124,38,3.2
125,39,2.0
126,39,2.0 JTS
127,39,2.0 V6 Turbo
128,39,3.0 V6
129,39,3.2
130,40,1.6
131,40,1.8
132,40,1.8 Turbo
133,40,2.0
134,40,2.0 JTDM
135,40,2.0 JTS
136,40,2.2 JTS
137,40,2.4 JTD
138,40,2.4 JTDM
139,40,3.0
140,40,3.0 V6
141,40,3.2
142,40,3.2 JTS V6
143,41,2.0
144,41,2.5
145,42,2.0 Turbo
146,42,2.2 JTDM
147,42,2.9 V6 Bi-Turbo
148,43,1.4
149,43,1.4 Turbo
150,43,1.6
151,43,1.6 JTD
152,43,1.6 JTDM
153,43,1.8 Turbo
154,43,2.0
155,43,2.0 JTDM
156,44,1.2 VGT
157,44,1.2 VGT Mild-Hybrid
158,44,electric drive 115 kW
159,44,electric drive 177 kW
160,44,electric drive 207 kW
161,45,0.9 TwinAir
162,45,1.3 JTD
163,45,1.3 JTDM
164,45,1.4
165,45,1.4 Turbo
166,45,1.6 JTD
167,46,2.0 JTDM
168,46,2.0 Turbo
169,46,2.2 JTDM
170,46,2.9 V6 Bi-Turbo
171,47,1.3 Plug-in Hybrid
172,47,1.5 Mild-Hybrid
173,47,1.5 VGT
174,47,1.6 Turbodiesel
175,47,1.6 VGT-D
176,48,3.0 BiTurbo
177,48,3.0 Biturbo S
178,49,3.0 BiTurbo
179,50,4.4 BiTurbo
180,51,4.4 BiTurbo
181,52,4.4 BiTurbo
182,53,4.4 BiTurbo
183,54,2.0 BiTurbo
184,54,3.0 BiTurbo
185,55,3.0 BiTurbo
186,56,3.0 BiTurbo
187,57,3.0 BiTurbo
188,57,3.0 Quadturbo
189,58,3.0 Quadturbo
190,59,1.8 TCe
191,60,180
192,60,220
193,61,4.0
194,61,5.3 V8
195,62,3.2 V6
196,62,5.9 V12
197,63,5.9 V12
198,64,4.7 V8
199,65,5.9 V12
200,66,5.9 V12
201,66,electric drive 448 kW
202,67,5.3 V8
203,68,4.3 V8
204,69,5.9 V12
205,70,1.1
206,70,1.3
207,71,1.3
208,71,1.6
209,71,1.6 Diesel
210,71,1.6 Turbodiesel
211,71,1.8
212,71,1.8 E
213,71,1.8 S
214,71,1.9
215,71,1.9 Diesel
216,71,1.9 E
217,71,1.9 TDI
218,71,1.9 Turbodiesel
219,71,2.0
220,71,2.3
221,71,2.6 V6
222,71,2.8 V6
223,72,1.6 Turbodiesel
224,72,2.0
225,72,2.2
226,72,2.3
227,72,2.3 20V
228,73,1.6
229,73,1.8
230,73,1.9
231,73,2.0
232,73,2.0 Diesel
233,73,2.0 Turbodiesel
234,73,2.2
235,73,2.2 Turbo
236,73,2.3
237,73,2.4 Diesel
238,73,2.5 TDI
239,73,2.5 Turbodiesel
240,73,2.6 V6
241,73,2.8 V6
242,73,4.2 S4 V8
243,73,S4
244,74,2.2
245,74,2.2 ECE
246,74,2.2 Turbo
247,75,1.0 TFSI
248,75,1.2 TFSI
249,75,1.4 TDI
250,75,1.4 TFSI
251,75,1.4 TFSI ACT
252,75,1.6 TDI
253,75,1.8 TFSI
254,75,2.0 TDI
255,76,25 TFSI
256,76,30 TFSI
257,76,35 TFSI
258,77,25 TFSI
259,77,30 TFSI
260,77,35 TFSI
261,78,1.0 TFSI
262,78,1.2 TFSI
263,78,1.4 TDI
264,78,1.4 TFSI
265,78,1.4 TFSI ACT
266,78,1.6 TDI
267,78,1.8 TFSI
268,78,2.0 TDI
269,78,25 TFSI
270,78,30 TFSI
271,78,35 TFSI
272,78,40 TFSI
273,79,1.2 TDI
274,79,1.4
275,79,1.4 TDI
276,79,1.6 FSI
277,80,1.0 TFSI
278,80,1.2 TFSI
279,80,1.4 TFSI
280,80,1.4 TFSI ACT
281,80,1.5 TFSI ACT
282,80,1.6
283,80,1.6 FSI
284,80,1.6 TDI
285,80,1.6 TDIe
286,80,1.8
287,80,1.8 TFSI
288,80,1.8 Turbo
289,80,1.9 TDI
290,80,1.9 TDIe
291,80,2.0 FSI
292,80,2.0 TDI
293,80,2.0 TFSI
294,80,3.2 V6
295,80,35 TFSI
296,80,40 TFSI
297,81,1.5 TFSI ACT
298,81,1.5 TFSI ACT Mild-Hybrid
299,81,1.5 TFSIe
300,81,2.0 TDI
301,81,2.0 TFSI
302,81,35 TDI
303,81,35 TFSI
304,81,35 TFSI Mild-Hybrid
305,81,40 TFSI
306,81,40 TFSIe
307,82,1.0 TFSI
308,82,1.4 TFSI
309,82,1.4 TFSI ACT
310,82,1.5 TFSI ACT
311,82,1.5 TFSI ACT Mild-Hybrid
312,82,1.5 TFSI Mild-Hybrid
313,82,1.6 TDI
314,82,1.8 TFSI
315,82,2.0 TDI
316,82,2.0 TFSI
317,82,30 TDI
318,82,30 TFSI
319,82,30 TFSI Mild-Hybrid
320,82,35 TDI
321,82,35 TFSI
322,82,35 TFSI Mild-Hybrid
323,82,40 TDI
324,82,40 TFSI
325,83,1.0 TFSI
326,83,1.2 TFSI
327,83,1.4 TFSI
328,83,1.4 TFSI ACT
329,83,1.4 TFSI e-tron
330,83,1.4 TGI
331,83,1.4 TGI g-Tron
332,83,1.5 TFSI ACT
333,83,1.5 TFSI ACT Mild-Hybrid
334,83,1.5 TFSI Mild-Hybrid
335,83,1.5 TFSIe
336,83,1.6
337,83,1.6 FSI
338,83,1.6 TDI
339,83,1.6 TDIe
340,83,1.8 TFSI
341,83,1.9 TDI
342,83,1.9 TDIe
343,83,2.0 FSI
344,83,2.0 TDI
345,83,2.0 TFSI
346,83,3.2 V6
347,83,30 g-tron
348,83,30 TDI
349,83,30 TFSI
350,83,30 TFSI Mild-Hybrid
351,83,35 TDI
352,83,35 TFSI
353,83,35 TFSI Mild-Hybrid
354,83,40 e-tron
355,83,40 TDI
356,83,40 TFSI
357,83,40 TFSIe
358,83,45 TFSIe
359,84,1.4 TFSI ACT
360,84,1.6
361,84,1.8
362,84,1.8 T
363,84,1.8 TFSI
364,84,1.8 Turbo
365,84,1.9 TDI
366,84,1.9 TDIe
367,84,2.0
368,84,2.0 FSI
369,84,2.0 TDI
370,84,2.0 TDI clean diesel
371,84,2.0 TDIe
372,84,2.0 TFSI
373,84,2.0 TFSI E85
374,84,2.0 TFSI g-tron
375,84,2.0 TFSIe
376,84,2.4 V6
377,84,2.5 V6 TDI
378,84,2.6 V6
379,84,2.7 V6 TDI
380,84,2.8 V6
381,84,3.0 V6
382,84,3.0 V6 TDI
383,84,3.0 V6 TDI clean diesel
384,84,3.0 V6 TFSI
385,84,3.2 V6 FSI
386,84,30 TDI
387,84,30 TDI Mild-Hybrid
388,84,35 TDI
389,84,35 TDI Mild-Hybrid
390,84,35 TFSI
391,84,35 TFSI Mild-Hybrid
392,84,40 g-tron
393,84,40 TDI
394,84,40 TDI Mild-Hybrid
395,84,40 TFSI
396,84,40 TFSI Mild-Hybrid
397,84,45 TDI
398,84,45 TFSI
399,84,45 TFSI Mild-Hybrid
400,84,50 TDI
401,84,50 TDI Mild-Hybrid
402,85,2.0 TDI
403,85,2.0 TDI clean diesel
404,85,2.0 TFSI
405,85,3.0 V6 TDI
406,85,3.0 V6 TDI clean diesel
407,85,40 TDI
408,85,40 TDI Mild-Hybrid
409,85,45 TDI
410,85,45 TFSI
411,85,45 TFSI Mild-Hybrid
412,85,50 TDI
413,85,50 TDI Mild-Hybrid
414,86,1.8 TFSI
415,86,2.0 TDI
416,86,2.0 TDI clean diesel
417,86,2.0 TDI Mild-Hybrid
418,86,2.0 TFSI
419,86,2.0 TFSI e-hybrid
420,86,2.7 V6 TDI
421,86,3.0 V6 TDI
422,86,3.0 V6 TDI clean diesel
423,86,3.0 V6 TFSI
424,86,3.2 V6 FSI
425,86,35 TDI
426,86,35 TDI Mild-Hybrid
427,86,35 TFSI
428,86,35 TFSI Mild-Hybrid
429,86,40 TDI
430,86,40 TDI Mild-Hybrid
431,86,40 TFSI
432,86,40 TFSI Mild-Hybrid
433,86,45 TDI
434,86,45 TFSI
435,86,45 TFSI Mild-Hybrid
436,86,50 TDI
437,86,50 TDI Mild-Hybrid
438,86,TFSI 110 kW
439,86,TFSI 150 kW
440,87,1.8 TFSI
441,87,2.0 TDI
442,87,2.0 TDI clean diesel
443,87,2.0 TFSI
444,87,2.0 TFSI g-tron
445,87,2.7 V6 TDI
446,87,3.0 V6 TDI
447,87,3.0 V6 TDI clean diesel
448,87,3.0 V6 TFSI
449,87,3.2 V6 FSI
450,87,35 TDI
451,87,35 TDI Mild-Hybrid
452,87,35 TFSI
453,87,35 TFSI Mild-Hybrid
454,87,40 g-tron
455,87,40 TDI
456,87,40 TDI Mild-Hybrid
457,87,40 TFSI
458,87,40 TFSI Mild-Hybrid
459,87,45 TDI
460,87,45 TFSI
461,87,45 TFSI Mild-Hybrid
462,87,50 TDI
463,87,50 TDI Mild-Hybrid
464,88,1.8
465,88,1.8 TFSI
466,88,1.8 Turbo
467,88,1.9 TDI
468,88,2.0
469,88,2.0 TDI
470,88,2.0 TDI Mild-Hybrid
471,88,2.0 TDIe
472,88,2.0 TFSI
473,88,2.0 TFSI e-hybrid
474,88,2.0 TFSI Hybrid
475,88,2.4 V6
476,88,2.5 TDI
477,88,2.5 V6 TDI
478,88,2.6 V6
479,88,2.7 T V6
480,88,2.7 V6 TDI
481,88,2.8 V6
482,88,2.8 V6 FSI
483,88,3.0 TDI Mild-Hybrid
484,88,3.0 TFSI Mild-Hybrid
485,88,3.0 V6
486,88,3.0 V6 TDI
487,88,3.0 V6 TDI clean diesel
488,88,3.0 V6 TFSI
489,88,3.2 V6 FSI
490,88,4.2 V8
491,88,4.2 V8 FSI
492,88,35 TDI Mild-Hybrid
493,88,40 TDI Mild-Hybrid
494,88,45 TDI Mild-Hybrid
495,88,45 TFSI Mild-Hybrid
496,88,50 TDI Mild-Hybrid
497,88,50 TFSIe
498,88,55 TFSI Mild-Hybrid
499,88,55 TFSIe
500,89,2.7 V6 TDI
501,89,3.0 V6 TDI
502,89,3.0 V6 TDI Biturbo
503,89,3.0 V6 TDI clean diesel
504,89,3.0 V6 TFSI
505,89,3.2 V6 FSI
506,89,4.2 V8 FSI
507,89,40 TDI Mild-Hybrid
508,89,45 TDI Mild-Hybrid
509,89,50 TDI Mild-Hybrid
510,89,55 TDI Mild-Hybrid
511,89,55 TFSI Mild-Hybrid
512,90,e-tron
513,90,e-tron Performance
514,90,e-tron quattro
515,91,e-tron
516,91,e-tron Performance
517,91,e-tron quattro
518,92,2.0 TFSI
519,92,2.8 V6 FSI
520,92,3.0 TFSI Mild-Hybrid
521,92,3.0 V6 TDI
522,92,3.0 V6 TDI clean diesel
523,92,3.0 V6 TFSI
524,92,40 TDI Mild-Hybrid
525,92,45 TDI Mild-Hybrid
526,92,45 TFSI Mild-Hybrid
527,92,50 TDI Mild-Hybrid
528,92,50 TFSIe
529,92,55 TFSIe
530,93,2.0 TFSI Hybrid
531,93,2.5 V6 TDI
532,93,2.8 V6
533,93,2.8 V6 FSIe
534,93,3.0 TDI Mild-Hybrid
535,93,3.0 TFSI Mild-Hybrid
536,93,3.0 V6
537,93,3.0 V6 TDI
538,93,3.0 V6 TDI clean diesel
539,93,3.0 V6 TFSI
540,93,3.2 V6 FSI
541,93,3.3 V8 TDI
542,93,3.7 V8
543,93,4.0 V8 TDI
544,93,4.0 V8 TFSI
545,93,4.2 V8
546,93,4.2 V8 FSI
547,93,4.2 V8 TDI
548,93,4.2 V8 TDI clean diesel
549,93,6.0 W12
550,93,6.3 W12 FSI
551,93,50 TDI Mild-Hybrid
552,93,55 TFSI Mild-Hybrid
553,93,60 TDI Mild-Hybrid
554,93,60 TFSI Mild-Hybrid
555,93,60 TFSIe
556,94,2.5 V6 TDI
557,94,2.7 T V6
558,94,4.2 V8
559,95,1.8
560,95,1.9 TDI
561,95,2.0
562,95,2.3
563,95,2.6 V6
564,95,2.8 V6
565,96,1.6
566,96,1.8
567,96,1.9
568,96,2.0
569,96,2.2
570,96,2.3
571,96,2.3 20V
572,96,2.6 V6
573,96,2.8 V6
574,96,S2
575,97,50
576,97,55
577,97,S
578,98,e-tron
579,98,e-tron RS
580,98,e-tron S
581,99,50
582,99,55
583,99,e-tron S
584,100,1.0 TFSI
585,100,1.4 TFSI ACT
586,100,1.6 TDI
587,100,2.0 TDI
588,100,2.0 TFSI
589,100,30 TDI
590,100,30 TFSI
591,100,35 TDI
592,100,35 TFSI
593,100,40 TFSI
594,101,1.4 TFSI
595,101,1.4 TFSI ACT
596,101,1.5 e-hybrid
597,101,1.5 TFSI ACT Mild-Hybrid
598,101,2.0 TDI
599,101,2.0 TFSI
600,101,35 TDI
601,101,35 TFSI
602,101,35 TFSI Mild-Hybrid
603,101,40 TDI
604,101,40 TFSI
605,101,45 TFSI
606,101,45 TFSIe
607,102,1.5 e-hybrid
608,102,1.5 TFSI ACT Mild-Hybrid
609,102,2.0 TDI
610,102,2.0 TFSI
611,102,35 TDI
612,102,35 TFSI
613,102,35 TFSI Mild-Hybrid
614,102,40 TDI
615,102,40 TFSI
616,102,45 TFSI
617,102,45 TFSIe
618,103,35 e-tron
619,103,40 e-tron
620,103,45 e-tron
621,103,50 e-tron
622,103,55 e-tron
623,104,35 e-tron
624,104,40 e-tron
625,104,45 e-tron
626,104,50 e-tron
627,104,55 e-tron
628,105,2.0 TDI
629,105,2.0 TDI clean diesel
630,105,2.0 TDI Mild-Hybrid
631,105,2.0 TFSI
632,105,2.0 TFSI e-hybrid
633,105,2.0 TFSI Hybrid
634,105,2.0 TFSI Mild-Hybrid
635,105,3.0 V6 TDI
636,105,3.0 V6 TFSI
637,105,3.2 V6 FSI
638,105,35 TDI
639,105,35 TDI Mild-Hybrid
640,105,40 TDI
641,105,40 TDI Mild-Hybrid
642,105,40 TFSI Mild-Hybrid
643,105,45 TDI
644,105,45 TFSI
645,105,45 TFSI Mild-Hybrid
646,105,50 TDI
647,105,50 TDI Mild-Hybrid
648,105,50 TFSIe
649,105,55 TFSIe
650,106,2.0 TDI Mild-Hybrid
651,106,2.0 TFSI e-hybrid
652,106,2.0 TFSI Mild-Hybrid
653,106,35 TDI Mild-Hybrid
654,106,40 TDI Mild-Hybrid
655,106,40 TFSI Mild-Hybrid
656,106,45 TFSI Mild-Hybrid
657,106,50 TDI Mild-Hybrid
658,106,50 TFSIe
659,106,55 TFSIe
660,107,55 e-tron
661,107,225 kW e-tron
662,107,e-tron
663,107,e-tron Performance
664,107,electric drive 185 kW
665,108,e-tron
666,108,e-tron Performance
667,109,3.0 TDI e-tron
668,109,3.0 TDI Mild-Hybrid
669,109,3.0 TFSI Mild-Hybrid
670,109,3.0 TFSIe
671,109,3.0 V6 TDI
672,109,3.0 V6 TDI clean diesel
673,109,3.0 V6 TFSI
674,109,3.6 VR6 FSI
675,109,4.2 V8 FSI
676,109,4.2 V8 TDI
677,109,6.0 V12 TDI
678,109,45 TDI
679,109,45 TDI Mild-Hybrid
680,109,50 TDI
681,109,50 TDI Mild-Hybrid
682,109,55 TFSI
683,109,55 TFSI Mild-Hybrid
684,109,55 TFSIe
685,109,60 TFSIe
686,110,3.0 TDI Mild-Hybrid
687,110,3.0 TFSI Mild-Hybrid
688,110,3.0 TFSIe
689,110,45 TDI
690,110,45 TDI Mild-Hybrid
691,110,50 e-tron
692,110,50 TDI Mild-Hybrid
693,110,55 e-tron
694,110,55 TFSI
695,110,55 TFSI Mild-Hybrid
696,110,55 TFSIe
697,110,60 TFSIe
698,111,50 e-tron
699,111,55 e-tron
700,112,2.2
701,112,2.2 Turbo
702,113,4.2 V8 FSI
703,113,5.2 V10 FSI
704,114,2.2 Turbo
705,115,2.5 TFSI
706,116,2.5 TFSI
707,117,2.7 V6
708,117,2.9 TFSI
709,117,2.9 V6 TFSI
710,117,4.2 V8 FSI
711,118,2.9 TFSI
712,118,2.9 V6 TFSI
713,118,4.2 V8 FSI
714,119,2.9 TFSI
715,120,4.0 TFSI Mild-Hybrid
716,120,4.0 V8 TFSI
717,120,4.2 V8
718,120,5.0 V10 FSI
719,121,4.0 TFSI Mild-Hybrid
720,121,4.0 V8 TFSI
721,122,2.5 TFSI
722,123,2.5 TFSI
723,124,4.0 TFSI Mild-Hybrid
724,125,2.0 TFSI
725,126,2.0 TFSI
726,127,2.2 Turbo
727,128,1.8 Turbo
728,128,2.0 TFSI
729,129,2.0 TFSI
730,130,2.7 V6
731,130,3.0 TDI
732,130,3.0 TDI Mild-Hybrid
733,130,3.0 V6 TFSI
734,130,4.2 V8
735,131,3.0 TDI
736,131,3.0 TDI Mild-Hybrid
737,131,3.0 TFSI
738,131,3.0 TFSI Mild-Hybrid
739,131,3.0 V6 TFSI
740,131,4.2 V8 FSI
741,132,3.0 TDI
742,132,3.0 TDI Mild-Hybrid
743,132,3.0 V6 TFSI
744,133,2.2 Turbo
745,133,3.0 TDI Mild-Hybrid
746,133,4.0 V8 TFSI
747,133,4.2 V8
748,133,5.2 V10 FSI
749,134,electric drive 370 kW
750,135,electric drive 370 kW
751,136,3.0 TDI Mild-Hybrid
752,136,4.0 V8 TFSI
753,137,4.0 TFSI Mild-Hybrid
754,137,4.0 V8 TFSI
755,137,4.2 V8
756,137,5.2 V10 FSI
757,138,2.0 TFSI
758,139,3.0 TDI
759,139,3.0 TDI Mild-Hybrid
760,139,3.0 TFSI Mild-Hybrid
761,139,3.0 V6 TDI
762,139,3.0 V6 TFSI
763,140,3.0 TDI Mild-Hybrid
764,140,3.0 TFSI Mild-Hybrid
765,141,e-tron
766,142,4.0 TDI
767,142,4.0 TFSI
768,142,4.0 V8 TDI
769,142,4.0 V8 TDI clean diesel
770,143,4.0 TDI
771,143,4.0 TFSI
772,143,e-tron
773,144,e-tron
774,145,1.8 TFSI
775,145,1.8 Turbo
776,145,2.0 TDI
777,145,2.0 TFSI
778,145,3.2 V6
779,145,40 TFSI
780,145,45 TFSI
781,146,2.5 TFSI
782,147,2.0 TFSI
783,148,3.6 V8
784,148,4.2 V8
785,149,1.3
786,150,1.0
787,151,Confort
788,151,Italia
789,151,Prestige
790,151,Sport
791,152,6.8 V8 Biturbo
792,152,6.8 V8 Turbo
793,153,6.8 V8
794,153,6.8 V8 Biturbo
795,153,6.8 V8 Turbo
796,154,6.0 W12 Biturbo
797,155,6.0 W12 Biturbo
798,156,6.0 W12 Biturbo
799,157,114d
800,157,114i
801,157,116
802,157,116d
803,157,116i
804,157,118d
805,157,118i
806,157,120 Mild-Hybrid
807,157,120d
808,157,120d Mild-Hybrid
809,157,120i
810,157,123 Mild-Hybrid
811,157,123d
812,157,125d
813,157,125i
814,157,128ti
815,157,130i
816,157,135i
817,157,M
818,157,M135
819,157,M135i
820,157,M140i
821,158,214d Active Tourer
822,158,214d Gran Tourer
823,158,216 Gran Coupe
824,158,216d
825,158,216d Active Tourer
826,158,216d Gran Coupe
827,158,216d Gran Tourer
828,158,216i Active Tourer
829,158,216i Gran Tourer
830,158,218d
831,158,218d Active Tourer
832,158,218d Gran Coupe
833,158,218d Gran Tourer
834,158,218i
835,158,218i Active Tourer
836,158,218i Gran Coupe
837,158,218i Gran Tourer
838,158,220 Gran Coupe Mild-Hybrid
839,158,220d
840,158,220d Active Tourer
841,158,220d Active Tourer Mild-Hybrid
842,158,220d Gran Coupe
843,158,220d Gran Coupe Mild-Hybrid
844,158,220d Gran Tourer
845,158,220d Mild-Hybrid
846,158,220i
847,158,220i Active Tourer
848,158,220i Active Tourer Mild-Hybrid
849,158,220i Gran Coupe
850,158,220i Gran Tourer
851,158,223 Gran Coupe Mild-Hybrid
852,158,223d Active Tourer Mild-Hybrid
853,158,223i Active Tourer Mild-Hybrid
854,158,225d
855,158,225e Active Tourer
856,158,225i Active Tourer
857,158,225xe Active Tourer
858,158,228i
859,158,230e Active Tourer
860,158,230i
861,158,M2
862,158,M235 Gran Coupe
863,158,M235i
864,158,M235i Gran Coupe
865,158,M240i
866,158,M240i Mild-Hybrid
867,159,315
868,159,316
869,159,316d
870,159,316g
871,159,316i
872,159,316ti
873,159,318
874,159,318Ci
875,159,318d
876,159,318d GT
877,159,318d Mild-Hybrid
878,159,318i
879,159,318is
880,159,318td
881,159,318tds
882,159,318ti
883,159,320
884,159,320Cd
885,159,320Ci
886,159,320d
887,159,320d GT
888,159,320d Mild-Hybrid
889,159,320e
890,159,320i
891,159,320i GT
892,159,320si
893,159,320td
894,159,323Ci
895,159,323i
896,159,323ti
897,159,324d
898,159,324td
899,159,325Ci
900,159,325d
901,159,325d GT
902,159,325e
903,159,325i
904,159,325ix
905,159,325td
906,159,325tds
907,159,325ti
908,159,325xi
909,159,328Ci
910,159,328i
911,159,328i GT
912,159,330Cd
913,159,330Ci
914,159,330d
915,159,330d GT
916,159,330d Mild-Hybrid
917,159,330e
918,159,330i
919,159,330i GT
920,159,330xd
921,159,330xi
922,159,335d
923,159,335d GT
924,159,335i
925,159,335i GT
926,159,340i
927,159,340i GT
928,159,ActiveHybrid
929,159,M3
930,159,M340d Mild-Hybrid
931,159,M340i
932,159,M340i Mild-Hybrid
933,160,418d
934,160,418d Gran Coupé
935,160,420d
936,160,420d Gran Coupe Mild-Hybrid
937,160,420d Gran Coupé
938,160,420d Mild-Hybrid
939,160,420i
940,160,420i Gran Coupe
941,160,420i Gran Coupé
942,160,425d
943,160,425d Gran Coupé
944,160,428i
945,160,428i Gran Coupé
946,160,430d
947,160,430d Gran Coupe Mild-Hybrid
948,160,430d Gran Coupé
949,160,430d Mild-Hybrid
950,160,430i
951,160,430i Gran Coupé
952,160,435d
953,160,435d Gran Coupé
954,160,435i
955,160,435i Gran Coupé
956,160,440i
957,160,440i Gran Coupé
958,160,M4
959,160,M440d Mild-Hybrid
960,160,M440i Gran Coupe Mild-Hybrid
961,160,M440i Mild-Hybrid
962,161,518
963,161,518d
964,161,518g
965,161,518i
966,161,520
967,161,520d
968,161,520d GT
969,161,520d Mild-Hybrid
970,161,520e
971,161,520i
972,161,520i Mild-Hybrid
973,161,523i
974,161,524d
975,161,524td
976,161,525
977,161,525d
978,161,525e
979,161,525i
980,161,525ix
981,161,525td
982,161,525tds
983,161,528
984,161,528i
985,161,530d
986,161,530d GT
987,161,530d Mild-Hybrid
988,161,530e
989,161,530i
990,161,530i Mild-Hybrid
991,161,535d
992,161,535d GT
993,161,535i
994,161,535i GT
995,161,540d
996,161,540d Mild-Hybrid
997,161,540i
998,161,540i Mild-Hybrid
999,161,545e
1000,161,545i
1001,161,550e
1002,161,550i
1003,161,550i GT
1004,161,ActiveHybrid5
1005,161,M5
1006,161,M535i
1007,161,M550d
1008,161,M550i
1009,162,620d GT
1010,162,620d GT Mild-Hybrid
1011,162,628 CSi
1012,162,630d GT
1013,162,630d GT Mild-Hybrid
1014,162,630i
1015,162,630i GT
1016,162,630i GT Mild-Hybrid
1017,162,633 CSi
1018,162,635 CSi
1019,162,635d
1020,162,640d
1021,162,640d Gran Coupé
1022,162,640d GT
1023,162,640d GT Mild-Hybrid
1024,162,640i
1025,162,640i Gran Coupé
1026,162,640i GT
1027,162,640i GT Mild-Hybrid
1028,162,645 CI
1029,162,650 CI
1030,162,650i
1031,162,650i Gran Coupé
1032,162,M6
1033,162,M6 Gran Coupe
1034,162,M635 CSi
1035,163,725tds
1036,163,728
1037,163,728i
1038,163,730
1039,163,730d
1040,163,730d Mild-Hybrid
1041,163,730i
1042,163,732i
1043,163,733i
1044,163,735i
1045,163,740d
1046,163,740d Mild-Hybrid
1047,163,740e
1048,163,740i
1049,163,745d
1050,163,745e
1051,163,745i
1052,163,750d
1053,163,750e
1054,163,750i
1055,163,760i
1056,163,ActiveHybrid7
1057,163,M760e
1058,163,M760Li
1059,164,840 Ci
1060,164,840d
1061,164,840d Gran Coupe
1062,164,840d Gran Coupe Mild-Hybrid
1063,164,840d Mild-Hybrid
1064,164,840i
1065,164,840i Gran Coupe
1066,164,840i Gran Coupe Mild-Hybrid
1067,164,850 Ci
1068,164,850 CSi
1069,164,850 i
1070,164,M8
1071,164,M8 Gran Coupe
1072,164,M850i
1073,164,M850i Gran Coupe
1074,165,i3
1075,165,i3s
1076,166,eDrive35 Gran Coupe
1077,166,eDrive40 Gran Coupe
1078,166,M50 Gran Coupe
1079,166,M60 Gran Coupe
1080,166,xDrive40 Gran Coupe
1081,167,eDrive40
1082,167,M60
1083,167,xDrive40
1084,168,60
1085,168,eDrive50
1086,168,xDrive60
1087,168,xDrive M70
1088,169,i8
1089,170,iX 40
1090,170,iX 45
1091,170,iX 50
1092,170,iX 60
1093,170,M60
1094,170,M70
1095,171,eDrive 20
1096,171,xDrive 30
1097,172,eDrive20
1098,172,xDrive30
1099,173,electric drive 210 kW
1100,173,xDrive 50
1101,174,M35i
1102,174,sDrive 16d
1103,174,sDrive 18d
1104,174,sDrive 18i
1105,174,sDrive 20d
1106,174,sDrive 20d Mild-Hybrid
1107,174,sDrive 20i
1108,174,sDrive 20i Mild-Hybrid
1109,174,sDrive M Sport Mild-Hybrid
1110,174,sDrive xLine Mild-Hybrid
1111,174,xDrive 18d
1112,174,xDrive 20d
1113,174,xDrive 20d Mild-Hybrid
1114,174,xDrive 20i
1115,174,xDrive 23d
1116,174,xDrive 23d Mild-Hybrid
1117,174,xDrive 23i Mild-Hybrid
1118,174,xDrive 25d
1119,174,xDrive 25e
1120,174,xDrive 25i
1121,174,xDrive 28i
1122,174,xDrive 30e
1123,175,M35i
1124,175,sDrive 18d
1125,175,sDrive 18i
1126,175,sDrive 20d
1127,175,sDrive 20d Mild-Hybrid
1128,175,sDrive 20i
1129,175,sDrive 20i Mild-Hybrid
1130,175,xDrive 18d
1131,175,xDrive 20d
1132,175,xDrive 20d Mild-Hybrid
1133,175,xDrive 20i
1134,175,xDrive 25d
1135,175,xDrive 25e
1136,176,2.0d
1137,176,2.0i
1138,176,2.5i
1139,176,3.0d
1140,176,3.0i
1141,176,M
1142,176,M40d
1143,176,M40d Mild-Hybrid
1144,176,M40i
1145,176,M40i Mild-Hybrid
1146,176,M50 Mild-Hybrid
1147,176,sDrive18d
1148,176,sDrive 18d
1149,176,sDrive 20i
1150,176,xDrive 18d
1151,176,xDrive 20 Mild-Hybrid
1152,176,xDrive 20d
1153,176,xDrive 20d Mild-Hybrid
1154,176,xDrive 20i
1155,176,xDrive 20i Mild-Hybrid
1156,176,xDrive 25d
1157,176,xDrive 25i
1158,176,xDrive 28i
1159,176,xDrive 30d
1160,176,xDrive 30d Mild-Hybrid
1161,176,xDrive 30e
1162,176,xDrive 30i
1163,176,xDrive 30i Mild-Hybrid
1164,176,xDrive 35d
1165,176,xDrive 35i
1166,176,xDrive 40d Mild-Hybrid
1167,177,M
1168,177,M40d
1169,177,M40d Mild-Hybrid
1170,177,M40i
1171,177,M40i Mild-Hybrid
1172,177,xDrive 20d
1173,177,xDrive 20d Mild-Hybrid
1174,177,xDrive 20i
1175,177,xDrive 20i Mild-Hybrid
1176,177,xDrive 28i
1177,177,xDrive 30d
1178,177,xDrive 30d Mild-Hybrid
1179,177,xDrive 30i
1180,177,xDrive 30i Mild-Hybrid
1181,177,xDrive 35d
1182,177,xDrive 35i
1183,178,3.0d
1184,178,3.0i
1185,178,4.4i
1186,178,4.6is
1187,178,4.8i
1188,178,4.8is
1189,178,M
1190,178,M50d
1191,178,M50i
1192,178,M Mild-Hybrid
1193,178,sDrive 25d
1194,178,xDrive 25d
1195,178,xDrive 30d
1196,178,xDrive 30d Mild-Hybrid
1197,178,xDrive 30i
1198,178,xDrive 35d
1199,178,xDrive 35i
1200,178,xDrive 40d
1201,178,xDrive 40d Mild-Hybrid
1202,178,xDrive 40e
1203,178,xDrive 40i
1204,178,xDrive 40i Mild-Hybrid
1205,178,xDrive 45e
1206,178,xDrive 48i
1207,178,xDrive 50e
1208,178,xDrive 50i
1209,178,xDrive M60i Mild-Hybrid
1210,179,ActiveHybrid
1211,179,M
1212,179,M50d
1213,179,M50i
1214,179,M Mild-Hybrid
1215,179,xDrive 30d
1216,179,xDrive 30d Mild-Hybrid
1217,179,xDrive 35d
1218,179,xDrive 35i
1219,179,xDrive 40d
1220,179,xDrive 40d Mild-Hybrid
1221,179,xDrive 40i
1222,179,xDrive 40i Mild-Hybrid
1223,179,xDrive 50i
1224,179,xDrive M60i Mild-Hybrid
1225,180,M50d
1226,180,M50i
1227,180,M60i Mild-Hybrid
1228,180,xDrive 30d
1229,180,xDrive 40d Mild-Hybrid
1230,180,xDrive 40i
1231,180,xDrive 40i Mild-Hybrid
1232,181,4.4 Plug-in Hybrid
1233,181,50e
1234,181,XM
1235,182,Z1
1236,183,1.8
1237,183,1.9
1238,183,2.0
1239,183,2.2
1240,183,2.8
1241,183,3.0
1242,183,M
1243,184,2.0i
1244,184,2.2i
1245,184,2.5i
1246,184,2.5si
1247,184,3.0i
1248,184,3.0si
1249,184,M
1250,184,M40i
1251,184,sDrive 18i
1252,184,sDrive 20i
1253,184,sDrive 23i
1254,184,sDrive 28i
1255,184,sDrive 30i
1256,184,sDrive 35i
1257,184,sDrive 35is
1258,185,4.9
1259,186,2.0 TGDI
1260,187,1.6
1261,187,1.8
1262,188,2.0
1263,188,2.4
1264,189,3.8 V6
1265,190,electric drive 130 kW
1266,190,electric drive 150 kW
1267,191,electric drive 150 kW
1268,192,electric drive 70 kW
1269,192,electric drive 130 kW
1270,192,electric drive 150 kW
1271,193,electric drive 65 kW
1272,193,electric drive 115 kW
1273,194,electric drive 100 kW
1274,195,electric drive 380 kW
1275,196,electric drive 170 kW
1276,196,electric drive 230 kW
1277,196,electric drive 390 kW
1278,197,1.5 PHEV
1279,198,1.5 PHEV DM-i
1280,198,electric drive 160 kW
1281,199,electric drive 230 kW
1282,199,electric drive 390 kW
1283,200,electric drive 380 kW
1284,201,2.0
1285,201,3.6 V6
1286,202,1.9 D PDF
1287,202,2.0 Turbo
1288,202,2.8 V6 Turbo
1289,203,3.0 V6
1290,204,2.0
1291,204,2.6 V6
1292,204,2.8 V6
1293,204,3.0 V6
1294,204,3.2 V6
1295,204,3.6 V6
1296,204,6.2 V8
1297,205,3.0 V6
1298,205,3.6 V6
1299,205,6.2 V8
1300,206,4.6 V8
1301,207,GMT800 6.0 V8
1302,207,GMT800 6.2 V8
1303,207,GMT900 6.0 V8
1304,207,GMT900 6.2 V8
1305,207,GMT926 6.2 V8
1306,208,electric drive 388 kW
1307,208,electric drive 452 kW
1308,209,electric drive 224 kW
1309,209,electric drive 225 kW
1310,210,4.6 V8
1311,211,3.0 V6
1312,211,3.6 V6
1313,211,4.6 V8
1314,212,3.6 V6
1315,212,4.6 V8
1316,213,electric drive 452 kW
1317,214,4.6 V8
1318,215,350D
1319,215,350T
1320,216,3.6 V6
1321,217,Active
1322,217,Avantgarde
1323,217,Business
1324,218,1.6
1325,218,1.8
1326,219,electric drive 200 kW
1327,219,electric drive 320 kW
1328,220,electric drive 160 kW
1329,221,Junior
1330,221,Junior+
1331,221,Sportline
1332,221,ST
1333,222,2.4
1334,222,3.4 V6
1335,223,4.3 V6
1336,224,1.2
1337,224,1.3 Diesel
1338,224,1.4
1339,224,1.6
1340,225,2.8 V6
1341,225,4.3 V6
1342,225,5.7 V8
1343,225,6.2 Diesel
1344,226,2.0 Turbo
1345,226,3.8 V6
1346,226,5.7 V8
1347,226,6.2 V8
1348,227,2.0 Diesel
1349,227,2.2 Diesel
1350,227,2.4
1351,227,3.0
1352,227,3.2
1353,228,5.7 V8
1354,228,6.0 V8
1355,228,6.2
1356,228,Z06 7.0 V8
1357,229,1.4
1358,229,1.4 TURBO
1359,229,1.6
1360,229,1.7 Diesel
1361,229,1.8
1362,229,2.0 Diesel
1363,230,2.0
1364,230,2.0 Diesel
1365,230,2.5
1366,231,2.0
1367,232,2.4
1368,233,1.2
1369,233,1.4
1370,234,1.4
1371,234,1.6
1372,234,1.8
1373,234,2.0 Diesel
1374,235,2.0 Diesel
1375,235,2.4
1376,236,0.8
1377,236,0.8 LPG
1378,236,1.0
1379,237,1.6
1380,237,1.8
1381,237,2.0 Diesel
1382,238,1.4 TURBO
1383,238,1.8
1384,238,2.0 Diesel
1385,239,1.6
1386,239,2.0
1387,240,1.0
1388,240,1.2
1389,241,5.3 V8
1390,241,5.7 V8
1391,241,6.5 V8
1392,242,4.2
1393,243,3.4 V6
1394,244,1.4 TURBO
1395,244,1.6
1396,244,1.7 Diesel
1397,245,electric drive 111 kW
1398,246,2.7
1399,246,3.0 CRD
1400,246,3.5
1401,246,5.7 V8
1402,246,6.1
1403,247,2.7
1404,247,3.5
1405,248,3.2
1406,248,3.2 V6
1407,249,2.5
1408,250,2.2
1409,250,2.5
1410,251,2.4
1411,251,2.5 CRD
1412,251,2.5 Turbodiesel
1413,251,2.8 CRD
1414,251,3.3
1415,251,3.3 V6
1416,251,3.8 V6
1417,252,2.2
1418,253,2.2
1419,253,2.5
1420,254,2.2
1421,254,2.5
1422,254,3.0
1423,255,1.6
1424,255,1.8
1425,255,2.0
1426,256,3.5
1427,257,1.6
1428,257,2.0
1429,257,2.2 CRD
1430,257,2.4
1431,257,2.4 Turbo
1432,258,2.5
1433,258,3.0
1434,259,2.0
1435,259,2.0 CRD
1436,259,2.4
1437,259,2.7
1438,259,2.7 V6
1439,260,2.0
1440,260,2.5
1441,261,8.0 V10
1442,262,3.5
1443,263,2.0
1444,263,2.4
1445,263,2.5
1446,263,2.5 CRD
1447,263,2.5 Turbodiesel
1448,263,2.8 CRD
1449,263,3.0
1450,263,3.3
1451,263,3.3 V6
1452,263,3.8 V6
1453,264,0.6
1454,265,electric drive 6 kW
1455,266,1.0
1456,266,1.1
1457,266,1.4
1458,266,1.4 Diesel
1459,266,1.5 Diesel
1460,267,1.1
1461,267,1.2
1462,267,1.2 PureTech
1463,267,1.4
1464,267,1.4 Bivalent
1465,267,1.5 Blue-HDi
1466,267,1.5 Diesel
1467,267,1.6
1468,267,1.6 Blue-HDi
1469,267,1.6 e-HDi
1470,267,1.6 HDi
1471,267,1.8
1472,267,1.8 Diesel
1473,267,1.9 Diesel
1474,267,2.0 HDi
1475,267,electric drive 49 kW
1476,267,electric drive 100 kW
1477,268,1.4
1478,268,1.6
1479,268,1.8 Turbodiesel
1480,268,1.9
1481,268,1.9 Diesel
1482,269,1.0
1483,269,1.0 e-VTi
1484,269,1.0 VTi
1485,269,1.2 VTi
1486,269,1.4 HDi
1487,270,1.1
1488,270,1.4
1489,270,1.4 HDi
1490,270,1.6
1491,270,1.6 HDi
1492,271,1.0 VTi
1493,271,1.1
1494,271,1.2 e-VTi
1495,271,1.2 Mild-Hybrid
1496,271,1.2 PureTech
1497,271,1.2 Turbo
1498,271,1.2 VTi
1499,271,1.4
1500,271,1.4 HDi
1501,271,1.4 VTi
1502,271,1.5 Blue-HDi
1503,271,1.6
1504,271,1.6 Blue-HDi
1505,271,1.6 e-HDi
1506,271,1.6 HDi
1507,271,1.6 VTi
1508,271,electric drive 83 kW
1509,272,1.2 Mild-Hybrid
1510,272,1.2 PureTech
1511,272,1.2 Turbo
1512,272,1.5 Blue-HDi
1513,272,1.6 Blue-HDi
1514,272,electric drive 83 kW
1515,273,1.2 PureTech
1516,273,1.4 VTi
1517,273,1.6 Blue-HDi
1518,273,1.6 HDi
1519,273,1.6 VTi
1520,274,1.4
1521,274,1.4 HDi
1522,274,1.6
1523,275,1.2 e-THP
1524,275,1.2 Mild-Hybrid
1525,275,1.2 PureTech
1526,275,1.2 PureTech Mild-Hybrid
1527,275,1.4
1528,275,1.4 VTi
1529,275,1.5 Blue-HDi
1530,275,1.6
1531,275,1.6 Blue-HDi
1532,275,1.6 e-HDi
1533,275,1.6 HDi
1534,275,1.6 THP
1535,275,1.6 VTi
1536,275,2.0
1537,275,2.0 Blue-HDi
1538,275,2.0 HDi
1539,275,electric drive 100 kW
1540,275,electric drive 115 kW
1541,276,1.6
1542,276,1.6 e-HDi
1543,276,1.6 HDi
1544,276,1.8 e-HDi
1545,276,1.8 HDi
1546,277,1.2 e-THP
1547,277,1.2 e-VTi
1548,277,1.2 PureTech
1549,277,1.2 VTi
1550,277,1.5 Blue-HDi
1551,277,1.6 Blue-HDi
1552,277,1.6 e-HDi
1553,278,1.2 e-THP
1554,278,1.2 PureTech
1555,278,1.6 Blue-HDi
1556,278,1.6 e-HDi
1557,278,1.6 HDi
1558,278,1.6 THP
1559,278,1.6 VTi
1560,278,1.8
1561,278,2.0
1562,278,2.0 Blue-HDi
1563,278,2.0 HDi
1564,279,1.2 PureTech
1565,279,1.5 Blue-HDi
1566,279,1.6 Blue-HDi
1567,279,1.6 PureTech
1568,279,2.0 Blue-HDi
1569,280,1.2 PureTech
1570,280,1.6
1571,280,1.6 Blue-HDi
1572,280,1.6 e-HDi
1573,280,1.6 HDi
1574,280,1.6 THP
1575,280,1.6 VTi
1576,280,1.8
1577,280,2.0
1578,280,2.0 Blue-HDi
1579,280,2.0 HDi
1580,281,1.2 PureTech
1581,281,1.5 Blue-HDi
1582,281,1.6 Blue-HDi
1583,281,2.0 Blue-HDi
1584,282,1.2 Mild-Hybrid
1585,282,1.2 PureTech
1586,282,1.2 PureTech Mild-Hybrid
1587,282,1.2 Turbo
1588,282,1.5 Blue-HDi
1589,282,electric drive 100 kW
1590,282,electric drive 115 kW
1591,283,1.6
1592,283,1.6 HDi
1593,283,1.6 THP
1594,283,1.6 VTi
1595,283,1.8
1596,283,2.0
1597,283,2.0 Blue-HDi
1598,283,2.0 HDi
1599,283,2.0 HPi
1600,283,2.2 HDi
1601,283,2.2 HDi BiTurbo
1602,283,2.7 V6 HDi BiTurbo
1603,283,3.0 V6
1604,283,3.0 V6 HDi BiTurbo
1605,284,1.2 Mild-Hybrid
1606,284,1.2 PureTech
1607,284,1.5 Blue-HDi
1608,284,1.6 Plug-in Hybrid
1609,284,1.6 Plug-in Hybrid ë-EAT8
1610,284,1.6 PureTech
1611,284,2.0 Blue-HDi
1612,284,electric drive 157 kW
1613,285,2.0 Blue-HDi
1614,285,2.0 HDi
1615,285,2.2 HDi
1616,286,1.2 Mild-Hybrid
1617,286,1.2 PureTech
1618,286,1.2 PureTech Mild-Hybrid
1619,286,1.6 Plug-in Hybrid
1620,286,1.6 PureTech
1621,287,2.2 HDi BiTurbo
1622,287,2.7 V6 HDi BiTurbo
1623,287,3.0 V6
1624,287,3.0 V6 HDi BiTurbo
1625,288,2.0
1626,288,2.0 HDi
1627,288,2.2
1628,288,2.2 HDi
1629,288,2.2 HDi BiTurbo
1630,288,3.0 V6
1631,289,1.1
1632,289,1.4
1633,289,1.8 Diesel
1634,290,1.8
1635,290,1.9 Diesel
1636,290,2.0
1637,290,2.5 Diesel
1638,290,2.5 Turbodiesel
1639,291,2.2 HDi
1640,291,2.4
1641,292,1.2
1642,292,1.2 PureTech
1643,292,1.6
1644,292,1.6 Blue-HDi
1645,292,1.6 HDi
1646,292,1.6 VTi
1647,293,electric drive 25 kW
1648,293,electric drive 47 kW
1649,293,electric drive 50 kW
1650,294,2.0
1651,294,2.2
1652,294,2.4
1653,294,2.5
1654,294,2.5 Diesel
1655,294,2.5 Turbo
1656,294,2.5 Turbodiesel
1657,295,1.2 e-VTi
1658,295,1.2 PureTech
1659,295,1.2 VTi
1660,295,1.4 HDi
1661,295,1.4 VTi
1662,295,1.6 Blue-HDi
1663,295,1.6 e-HDi
1664,295,1.6 HDi
1665,295,1.6 THP
1666,295,1.6 VTi
1667,296,1.2 PureTech
1668,296,1.2 VTi
1669,296,1.6 Blue-HDi
1670,296,1.6 e-HDi
1671,296,1.6 THP
1672,296,1.6 VTi
1673,297,1.2 PureTech
1674,297,1.6 Blue-HDi
1675,297,1.6 e-HDi
1676,297,1.6 HDi
1677,297,1.6 THP
1678,297,1.6 VTi
1679,297,2.0 Blue-HDi
1680,297,2.0 HDi
1681,298,1.6
1682,298,1.6 Blue-HDi
1683,298,1.6 HDi
1684,298,1.6 THP
1685,298,2.0 Blue-HDi
1686,298,2.0 HDi
1687,298,2.0 HDi Hybrid4
1688,299,2.0
1689,300,2.3
1690,301,0.6
1691,302,electric drive 50 kW
1692,303,1.9 Turbodiesel
1693,303,2.0
1694,303,2.0 HDi
1695,303,2.1 Turbodiesel
1696,304,1.2
1697,304,1.3
1698,305,2.0 Blue-HDi
1699,305,2.2 Blue-HDi
1700,306,1.9 Diesel
1701,306,1.9 Turbodiesel
1702,306,2.0
1703,306,2.0 Bivalent
1704,306,2.0 Blue-HDi
1705,306,2.0 HDi
1706,306,2.2 Blue-HDi
1707,306,2.2 e-HDi
1708,306,2.2 HDi
1709,306,2.5 Diesel
1710,306,2.5 TDI
1711,306,2.5 Turbodiesel
1712,306,2.8 HDi
1713,306,3.0 HDi
1714,306,electric drive 100 kW
1715,306,electric drive 198 kW
1716,306,electric drive 205 kW
1717,307,1.5 Blue-HDi
1718,307,1.5 Diesel
1719,307,1.6
1720,307,1.6 Blue-HDi
1721,307,1.6 HDi
1722,307,1.9 Diesel
1723,307,1.9 Turbodiesel
1724,307,2.0
1725,307,2.0 Blue-HDi
1726,307,2.0 HDi
1727,307,2.2 Diesel
1728,307,electric drive 100 kW
1729,308,0.65
1730,308,1.1
1731,309,1.3 HDi
1732,309,1.4
1733,309,1.4 HDi
1734,310,1.0
1735,310,1.1
1736,310,1.4
1737,310,1.5 Diesel
1738,310,1.6
1739,311,2.6 V6
1740,312,2.0 Blue-HDi
1741,312,2.2 Diesel
1742,312,electric drive 100 kW
1743,313,0.65
1744,313,1.1
1745,313,1.2
1746,313,1.4
1747,313,1.6
1748,313,1.8 Diesel
1749,314,1.6
1750,314,1.8
1751,314,1.9 Diesel
1752,314,1.9 Turbodiesel
1753,314,2.0
1754,314,2.0 HDi
1755,314,2.1 Turbodiesel
1756,314,3.0 V6
1757,315,2.0
1758,315,2.0 Turbo
1759,315,2.1 Diesel
1760,315,2.1 Turbodiesel
1761,315,2.5 Turbodiesel
1762,315,3.0 V6
1763,316,1.4
1764,316,1.4 HDi
1765,316,1.6
1766,316,1.8
1767,316,1.8 Diesel
1768,316,1.9 Diesel
1769,316,1.9 Turbodiesel
1770,316,2.0
1771,316,2.0 HDi
1772,317,1.6
1773,317,1.6 HDi
1774,317,1.8
1775,317,2.0
1776,317,2.0 HDi
1777,318,1.4
1778,318,1.6
1779,318,1.8
1780,318,1.9
1781,318,1.9 Diesel
1782,318,1.9 Turbodiesel
1783,318,2.0
1784,319,6.2 V8
1785,320,5.5 V8
1786,320,6.2 V8
1787,320,6.2 V8 E-Ray
1788,321,6.2 V8
1789,322,1.5 TSI ACT
1790,322,2.0 TSI
1791,323,electric drive 150 kW
1792,323,electric drive 170 kW
1793,323,electric drive 240 kW
1794,324,1.4 e-HYBRID
1795,324,1.5 e-HYBRID
1796,324,1.5 eTSI
1797,324,1.5 TSI ACT
1798,324,1.5 TSI eHybrid
1799,324,2.0 TDI
1800,324,2.0 TSI
1801,324,2.5 TSI
1802,325,1.4 e-HYBRID
1803,325,1.5 e-HYBRID
1804,325,1.5 eTSI
1805,325,1.5 TSI ACT
1806,325,2.0 TDI
1807,325,2.0 TSI
1808,326,1.5 e-HYBRID
1809,326,2.0 TDI
1810,326,2.0 TSI
1811,327,electric drive 210 kW
1812,327,electric drive 250 kW
1813,328,1.5 e-HYBRID
1814,328,1.5 eTSI
1815,328,2.0 TSI
1816,329,1.2
1817,330,1.3
1818,331,1.3
1819,332,1.3
1820,333,1.4
1821,333,1.6
1822,333,1.9 Diesel
1823,334,1.4
1824,334,1.6
1825,334,1.9 Diesel
1826,335,1.4
1827,335,1.6
1828,335,1.9 Diesel
1829,336,1.4
1830,336,1.6
1831,337,1.4
1832,338,1.4
1833,338,1.6
1834,339,1.4
1835,340,1.2 Hybrid-G
1836,340,1.2 TCe LPG
1837,340,1.2 TCe Mild-Hybrid
1838,340,1.8 Hybrid E-Tech
1839,341,1.2 TCe
1840,341,1.3 TCe
1841,341,1.5 Blue dCi
1842,341,1.5 dCi
1843,341,1.5 dCi Diesel
1844,341,1.6
1845,341,1.6 LPG
1846,341,1.6 SCe
1847,341,1.6 SCe LPG
1848,342,1.2 TCe
1849,342,1.3 TCe
1850,342,1.5 Blue dCi
1851,342,1.5 dCi
1852,342,1.5 dCi Diesel
1853,342,1.6
1854,342,1.6 LPG
1855,342,1.6 SCe
1856,342,1.6 SCe LPG
1857,343,1.0 TCe
1858,343,1.0 TCe ECO-G
1859,343,1.0 TCe LPG
1860,343,1.2 Hybrid-G
1861,343,1.2 TCe
1862,343,1.2 TCe ECO-G
1863,343,1.2 TCe Mild-Hybrid
1864,343,1.3 TCe
1865,343,1.5 Blue dCi
1866,343,1.5 dCi
1867,343,1.6
1868,343,1.6 Hybrid
1869,343,1.6 Hybrid E-Tech
1870,343,1.6 LPG
1871,343,1.6 SCe
1872,343,1.6 SCe LPG
1873,343,1.8 Hybrid E-Tech
1874,344,1.0 TCe
1875,344,1.0 TCe LPG
1876,344,1.6 Hybrid E-Tech
1877,345,1.2 TCe
1878,345,1.3 TCe
1879,345,1.5 Blue dCi
1880,345,1.5 dCi
1881,345,1.5 dCi Diesel
1882,345,1.6
1883,345,1.6 LPG
1884,345,1.6 SCe
1885,345,1.6 SCe LPG
1886,346,0.9 TCe
1887,346,0.9 TCe LPG
1888,346,1.0
1889,346,1.2
1890,346,1.2 LPG
1891,346,1.4
1892,346,1.5 dCi
1893,346,1.6
1894,347,1.4
1895,347,1.5 dCi
1896,347,1.6
1897,348,0.9 TCe
1898,348,0.9 TCe LPG
1899,348,1.0
1900,348,1.0 SCe
1901,348,1.0 TCe
1902,348,1.0 TCe LPG
1903,348,1.2
1904,348,1.2 LPG
1905,348,1.4
1906,348,1.5 dCi
1907,348,1.6
1908,348,1.6 E85
1909,348,1.6 LPG
1910,349,1.5 dCi
1911,349,1.6
1912,350,0.9 TCe
1913,350,0.9 TCe LPG
1914,350,1.0
1915,350,1.0 SCe
1916,350,1.0 TCe
1917,350,1.0 TCe LPG
1918,350,1.2
1919,350,1.2 LPG
1920,350,1.4
1921,350,1.4 LPG
1922,350,1.5 Blue dCi
1923,350,1.5 dCi
1924,350,1.6
1925,350,1.6 E85
1926,350,1.6 LPG
1927,351,1.4
1928,351,1.9 Diesel
1929,352,electric drive 33 kW
1930,352,electric drive 48 kW
1931,353,1.4
1932,354,1.5
1933,354,1.5 LPG
1934,355,0.8
1935,356,1.5
1936,356,1.8
1937,356,2.0
1938,357,2.0
1939,358,1.2
1940,358,1.4
1941,359,1.4
1942,359,1.6
1943,359,1.8
1944,360,1.4
1945,360,1.5
1946,360,1.6
1947,361,2.0
1948,361,2.2
1949,362,0.8
1950,362,1.0
1951,363,1.5
1952,364,1.6
1953,364,1.6 LPG
1954,364,1.8
1955,364,2.0
1956,365,1.6
1957,365,2.0
1958,366,1.6
1959,366,1.8
1960,366,2.0
1961,367,1.6
1962,368,1.0
1963,368,1.0 Turbo
1964,368,1.0 Turbodiesel
1965,368,1.3
1966,368,1.5
1967,368,1.6
1968,369,0.7
1969,369,1.3
1970,370,0.5
1971,370,0.6
1972,370,0.9
1973,370,1.0
1974,371,1.5
1975,371,1.6
1976,372,1.0
1977,372,1.2 Diesel
1978,372,1.3
1979,373,1.3
1980,373,1.5
1981,374,0.9
1982,374,1.0
1983,375,1.0
1984,375,1.3
1985,375,1.5
1986,376,1.0
1987,377,1.0
1988,378,1.3
1989,378,1.5
1990,379,1.0
1991,380,1.0
1992,380,1.3
1993,380,1.3 Turbo
1994,381,1.5 Plug-in Hybrid
1995,382,1.5 Turbo
1996,382,1.5 Turbo LPG
1997,383,1.5
1998,383,1.5 LPG
1999,384,1.5 Turbo
2000,384,1.5 Turbo LPG
2001,385,1.5 Turbo
2002,386,electric drive 120 kW
2003,387,2.0
2004,387,2.0 CRD
2005,388,1.8
2006,388,2.0
2007,388,2.0 CRD
2008,388,2.2 CRD
2009,388,2.4
2010,389,2.0 CRD
2011,389,2.4
2012,389,2.7
2013,390,2.8 CRD
2014,390,4.0 V6
2015,391,5.7 V8
2016,391,6.2 V8
2017,392,1.1
2018,392,1.3
2019,393,1.5
2020,393,1.5 LPG
2021,395,1.6
2022,397,1.5
2023,397,1.5 LPG
2024,397,1.6
2025,397,1.6 DVVT
2026,397,1.8
2027,397,1.9 Td
2028,397,2.0
2029,398,1.5
2030,398,1.5 LPG
2031,399,1.5
2032,400,1.5 LPG
2033,400,1.5 Plug-in Hybrid
2034,400,1.6 T-GDI
2035,400,1.6 T-GDI LPG
2036,401,1.5 Plug-in Hybrid
2037,402,1.3
2038,403,electric drive 85 kW
2039,404,1.6
2040,405,1.6 DVVT
2041,406,1.5
2042,409,1.0
2043,410,1.2 Mild-Hybrid
2044,410,1.2 PureTech
2045,410,1.2 PureTech Mild-Hybrid
2046,410,1.5 Blue-HDi
2047,410,1.6 Blue-HDi
2048,410,1.6 E-Tense Hybrid
2049,410,1.6 THP
2050,410,electric drive 115 kW
2051,411,1.2 PureTech
2052,411,1.6 Blue-HDi
2053,411,1.6 THP
2054,412,1.2 PureTech
2055,412,1.5 Blue-HDi
2056,412,electric drive 100 kW
2057,413,1.2 Mild-Hybrid
2058,413,1.2 PureTech
2059,413,1.2 PureTech Mild-Hybrid
2060,413,1.5 Blue-HDi
2061,413,1.6 Blue-HDi
2062,413,1.6 E-Tense Hybrid
2063,413,1.6 PureTech
2064,413,1.6 THP
2065,413,2.0 Blue-HDi
2066,414,1.2 PureTech
2067,414,1.6 Blue-HDi
2068,414,2.0 Blue-HDi
2069,415,1.6 Blue-HDi
2070,415,1.6 THP
2071,415,2.0 Blue-HDi
2072,415,2.0 HDi Hybrid4
2073,416,1.5 Blue-HDi
2074,416,1.6 E-Tense Hybrid
2075,417,1.2 PureTech
2076,417,1.5 Blue-HDi
2077,417,1.6 E-Tense Hybrid
2078,417,1.6 PureTech
2079,417,2.0 Blue-HDi
2080,418,1.6 E-Tense Hybrid
2081,418,1.6 PureTech
2082,419,1.2 Mild-Hybrid
2083,419,1.5 Blue-HDi
2084,419,1.6 Hybrid
2085,419,1.6 Plug-in Hybrid
2086,419,E-Tense 157 kW
2087,419,electric drive 157 kW
2088,420,electric drive 169 kW
2089,420,electric drive 180 kW
2090,420,electric drive 257 kW
2091,421,electric drive 86 kW
2092,422,electric drive 20 kW
2093,422,electric drive 40 kW
2094,422,electric drive 57 kW
2095,422,electric drive 60 kW
2096,423,1.5 HEV
2097,424,1.6 TGDI
2098,425,1.5 TGDI PHEV
2099,425,1.6 TGDI
2100,426,1.5
2101,426,1.5 LPG
2102,426,electric drive 85 kW
2103,427,1.6
2104,427,1.6 LPG
2105,427,2.0 TD
2106,428,1.5
2107,428,1.5 LPG
2108,428,1.6
2109,428,1.6 LPG
2110,429,1.5
2111,429,1.5 LPG
2112,429,1.5 Turbo
2113,429,1.5 Turbo LPG
2114,430,1.5
2115,430,1.5 LPG
2116,431,1.5
2117,431,1.5 LPG
2118,432,5.5 V12
2119,433,4.5 V8
2120,434,5.5 V12
2121,435,5.8 V12
2122,436,6.0 V12
2123,437,5.8 V12
2124,438,4.3 V8
2125,439,3.5 V8
2126,440,3.6 V8
2127,441,3.6 V8
2128,442,4.3 V8
2129,443,4.3 V8
2130,444,6.3 V12
2131,445,1.4 Turbo
2132,446,2.0
2133,447,0.9
2134,447,1.0
2135,447,1.3
2136,447,1.3 Diesel
2137,448,0.9
2138,448,1.0 FireFly Mild-Hybrid
2139,448,1.0 Mild-Hybrid
2140,448,1.2
2141,448,1.2 Benzin / LPG
2142,448,1.2 LPG
2143,448,1.3 JTD
2144,448,1.3 M-Jet
2145,448,1.4
2146,448,electric drive 20 kW
2147,449,0.9
2148,449,1.0 FireFly Mild-Hybrid
2149,449,1.0 Mild-Hybrid
2150,449,1.2
2151,449,1.3 JTD
2152,449,1.3 M-Jet
2153,449,1.4
2154,450,electric drive 70 kW
2155,450,electric drive 87 kW
2156,451,electric drive 70 kW
2157,451,electric drive 87 kW
2158,452,0.9
2159,452,0.9 Bi-Fuel CNG
2160,452,0.9 TwinAir Natural Power CNG
2161,452,1.3 JTD
2162,452,1.3 M-Jet
2163,452,1.4
2164,452,1.4 Turbo
2165,452,1.6 JTDM
2166,453,1.3 JTD
2167,453,1.4
2168,453,1.6 JTDM
2169,454,1.0 Turbo
2170,454,1.3 M-Jet
2171,454,1.3 Turbo
2172,454,1.4
2173,454,1.4 Turbo
2174,454,1.5 Mild-Hybrid
2175,454,1.6
2176,454,1.6 E-torQ
2177,454,1.6 JTDM
2178,454,1.6 M-Jet
2179,454,2.0 M-Jet
2180,454,2.0 Multijet
2181,455,1.2 Mild-Hybrid
2182,456,electric drive 115 kW
2183,457,0.9
2184,458,1.4
2185,459,1.6
2186,459,2.0
2187,459,2.5 Diesel
2188,459,2.5 Turbodiesel
2189,460,1.8
2190,461,1.2
2191,461,1.4
2192,461,1.6
2193,461,1.8
2194,461,1.9 Diesel
2195,461,1.9 JTD
2196,461,1.9 Turbodiesel
2197,462,1.2
2198,462,1.4
2199,462,1.4 Turbo
2200,462,1.6
2201,462,1.6 JTDM
2202,462,1.8
2203,462,1.9 Diesel
2204,462,1.9 JTD
2205,462,1.9 Turbodiesel
2206,462,2.0
2207,462,2.0 JTDM
2208,463,0.9
2209,463,1.1
2210,464,1.8
2211,464,2.0
2212,464,2.0 Turbo
2213,465,1.8
2214,465,1.9 JTD
2215,465,2.0
2216,465,2.2
2217,465,2.4 JTD
2218,465,2.5 TD
2219,465,2.5 Turbodiesel
2220,465,2.5 V6
2221,466,1.2
2222,466,1.2 PureTech
2223,466,1.3 JTD
2224,466,1.3 M-Jet
2225,466,1.4
2226,466,1.4 T-Jet Natural Power CNG
2227,466,1.4 Turbo
2228,466,1.5 Blue-HDi
2229,466,1.5 Diesel
2230,466,1.6
2231,466,1.6 JTDM
2232,466,1.6 Natural Power CNG
2233,466,1.9 Diesel
2234,466,1.9 JTD
2235,466,2.0 JTDM
2236,466,electric drive 100 kW
2237,467,1.8
2238,467,1.9 Diesel
2239,467,1.9 Turbodiesel
2240,467,1.9 Turbodiesel Eco
2241,467,2.0
2242,467,2.0 Benzin / Gas
2243,467,2.0 Bipower LPG
2244,467,2.0 JTD
2245,467,2.0 Vergaser
2246,467,2.2 JTD
2247,467,2.2 M-Jet
2248,467,2.3 JTD
2249,467,2.3 Multijet
2250,467,2.4 Diesel
2251,467,2.5 Diesel
2252,467,2.5 TDI
2253,467,2.5 Turbodiesel
2254,467,2.8 Diesel
2255,467,2.8 JTD
2256,467,2.8 TDI
2257,467,3.0 JTD
2258,467,3.0 Natural Power CNG
2259,467,electric drive 100 kW
2260,468,electric drive 90 kW
2261,468,electric drive 200 kW
2262,468,electric drive 205 kW
2263,469,1.1
2264,469,1.3
2265,469,1.3 JTD
2266,469,1.3 M-Jet
2267,469,1.4
2268,469,1.4 Natural Power CNG
2269,469,1.5
2270,469,1.6
2271,469,1.7 Diesel
2272,469,1.7 Turbodiesel
2273,470,2.0 Multijet
2274,470,2.4
2275,470,3.6 V6
2276,471,2.4 JTD
2277,472,1.2 Mild-Hybrid
2278,472,1.2 Turbo
2279,472,electric drive 83 kW
2280,473,1.2
2281,473,1.3 JTD
2282,473,1.4
2283,473,1.4 Natural Power CNG
2284,473,1.4 Turbo
2285,473,1.6 JTDM
2286,473,1.9 JTD
2287,474,1.2
2288,474,1.3 JTD
2289,474,1.4
2290,474,1.9 JTD
2291,475,1.3 JTD
2292,475,1.4
2293,475,1.4 Turbo
2294,475,1.6 JTDM
2295,476,1.6
2296,476,1.8
2297,476,1.9 JTD
2298,476,1.9 Turbodiesel
2299,476,2.0
2300,476,2.4 Turbodiesel
2301,477,1.6
2302,477,1.6 Natural Power CNG
2303,477,1.9 JTD
2304,478,1.2
2305,478,1.2 CEE Fase 2
2306,478,1.6
2307,478,1.7 Turbodiesel
2308,478,1.9 Diesel
2309,479,0.8
2310,479,0.9
2311,479,0.9 TwinAir Natural Power CNG
2312,479,1.0
2313,479,1.0 Mild-Hybrid
2314,479,1.1
2315,479,1.2
2316,479,1.2 Easy Power LPG
2317,479,1.2 LPG
2318,479,1.2 Natural Power CNG
2319,479,1.3 JTD
2320,479,1.3 M-Jet
2321,479,1.4
2322,479,1.4 Natural Power CNG
2323,480,1.0 GSE Mild-Hybrid
2324,481,0.9
2325,481,1.1
2326,481,1.2
2327,481,1.2 Natural Power CNG
2328,481,1.3 JTD
2329,481,1.3 M-Jet
2330,481,1.4
2331,481,1.4 Natural Power CNG
2332,481,1.4 Turbo
2333,481,1.6
2334,481,1.7 Turbodiesel
2335,481,1.8
2336,481,1.9 JTD
2337,482,1.2
2338,482,1.3 JTD
2339,482,1.3 M-Jet
2340,482,1.4
2341,482,1.4 Natural Power CNG
2342,482,1.4 Turbo
2343,482,1.6 JTDM
2344,483,1.3 JTD
2345,483,1.3 M-Jet
2346,483,1.4
2347,483,1.4 Natural Power CNG
2348,484,1.3
2349,484,1.5
2350,484,1.6
2351,484,1.6 CEE Fase 2
2352,484,1.7 Diesel
2353,484,1.9 Diesel
2354,484,1.9 JTD
2355,485,1.1
2356,485,1.3
2357,485,1.5
2358,485,1.6
2359,485,1.7 Diesel
2360,485,1.9 JTD
2361,485,2.0
2362,486,1.5 Blue-HDi
2363,486,1.5 Diesel
2364,486,1.5 M-Jet
2365,486,1.6
2366,486,1.6 JTDM
2367,486,1.9 Diesel
2368,486,1.9 Turbodiesel
2369,486,2.0
2370,486,2.0 Blue-HDi
2371,486,2.0 JTD
2372,486,2.0 JTDM
2373,486,2.0 M-Jet
2374,486,2.2 Diesel
2375,486,2.2 Turbodiesel
2376,486,electric drive 100 kW
2377,487,1.6
2378,487,1.9 JTD
2379,487,2.0 JTDM
2380,488,0.9
2381,488,1.1
2382,489,1.2
2383,489,1.4
2384,489,1.6
2385,489,1.8
2386,489,1.9 JTD
2387,489,2.4
2388,490,1.2
2389,490,1.3 JTD
2390,490,1.3 M-Jet
2391,490,1.7 Turbodiesel
2392,490,1.9 Diesel
2393,490,1.9 JTD
2394,491,1.6 Turbodiesel Ecojet
2395,491,1.6 Turbodiesel Multijet
2396,491,1.6 TwinTurbo Diesel Ecojet
2397,491,1.9 Diesel
2398,491,2.0
2399,491,2.0 Turbodiesel Ecojet
2400,491,2.0 TwinTurbo Diesel Ecojet
2401,492,1.4
2402,492,1.5
2403,492,1.6
2404,492,1.8
2405,492,1.9 Turbodiesel
2406,492,2.0
2407,493,1.0
2408,493,1.3 M-Jet
2409,493,1.4
2410,493,1.4 Turbo
2411,493,1.5
2412,493,1.5 Mild-Hybrid
2413,493,1.6
2414,493,1.6 JTDM
2415,493,1.6 M-Jet
2416,493,1.8
2417,493,1.9 Turbodiesel
2418,493,2.0
2419,494,electric drive 6 kW
2420,495,1.8
2421,495,1.9 Turbodiesel
2422,495,2.0
2423,495,2.0 Blue-HDi
2424,495,2.0 JTD
2425,495,2.0 JTDM
2426,495,2.0 Turbo
2427,495,2.1 Turbodiesel
2428,495,2.2 JTD
2429,495,2.2 Turbodiesel
2430,495,3.0 V6
2431,495,electric drive 100 kW
2432,496,0.9
2433,496,1.0
2434,496,1.1
2435,496,1.3
2436,496,1.3 Diesel
2437,496,1.3 Turbo
2438,496,1.4
2439,496,1.4 Turbo
2440,496,1.5
2441,496,1.7 Diesel
2442,497,1.3
2443,497,1.5
2444,498,electric drive 205 kW
2445,498,electric drive 400 kW
2446,498,electric drive 410 kW
2447,499,1.0 EcoBoost
2448,499,1.4
2449,499,1.4 LPG
2450,499,1.5 TDCi
2451,499,1.6 TDCi
2452,499,1.6 Ti-VCT
2453,500,2.7 EcoBoost
2454,501,1.0 EcoBoost
2455,501,1.5 EcoBoost
2456,501,1.5 TDCi
2457,501,1.6
2458,501,1.6 EcoBoost
2459,501,1.6 Flexifuel
2460,501,1.6 LPG
2461,501,1.6 TDCi
2462,501,1.6 Ti-VCT
2463,501,1.8
2464,501,1.8 Flexifuel
2465,501,1.8 TDCi
2466,501,2.0
2467,501,2.0 TDCi
2468,502,1.6
2469,502,2.0 V6
2470,502,2.0 Vergaser
2471,502,2.3 V6
2472,502,2.8 V6
2473,502,3.0 V6
2474,502,electric drive 125 kW
2475,502,electric drive 210 kW
2476,502,Extended Range
2477,502,Extended Range Dual-Motor
2478,502,Standard Range
2479,503,2.0
2480,503,2.5 V6
2481,504,1.4
2482,504,2.0 Diesel
2483,505,1.0 EcoBoost
2484,505,1.5 TDCi
2485,505,1.5 TDCi EcoBlue
2486,505,1.5 Ti-VCT
2487,506,2.0 TDCi
2488,506,2.0 TDCi Bi-Turbo
2489,506,2.0 TDCi EcoBlue
2490,506,2.0 TDCi EcoBlue Bi-Turbo
2491,507,1.1
2492,507,1.3
2493,507,1.4
2494,507,1.6
2495,507,1.6 Diesel
2496,507,1.6 Turbo
2497,507,1.8
2498,507,1.8 Diesel
2499,507,1.8 Turbodiesel
2500,507,2.0
2501,507,2.0 Turbo
2502,508,3.0 Plug-in Hybrid
2503,508,4.0 V6
2504,508,electric drive 125 kW
2505,508,electric drive 150 kW
2506,508,electric drive 210 kW
2507,508,electric drive 250 kW
2508,509,1.0
2509,509,1.0 EcoBoost
2510,509,1.0 EcoBoost Mild-Hybrid
2511,509,1.1
2512,509,1.1 Ti-VCT
2513,509,1.3
2514,509,1.4
2515,509,1.4 LPG
2516,509,1.4 TDCi
2517,509,1.5 EcoBoost
2518,509,1.5 TDCi
2519,509,1.6
2520,509,1.6 Diesel
2521,509,1.6 EcoBoost
2522,509,1.6 TDCi
2523,509,1.6 Ti-VCT
2524,509,1.8
2525,509,1.8 Diesel
2526,509,1.8 TDDI
2527,509,1.25
2528,509,2.0
2529,510,1.0 EcoBoost
2530,510,1.0 EcoBoost Mild-Hybrid
2531,510,1.4
2532,510,1.5 EcoBoost
2533,510,1.5 TDCi
2534,510,1.5 TDCi EcoBlue
2535,510,1.6
2536,510,1.6 EcoBoost
2537,510,1.6 EcoBoost Flexifuel
2538,510,1.6 Flexifuel
2539,510,1.6 LPG
2540,510,1.6 TDCi
2541,510,1.6 TDCi DPF
2542,510,1.6 Ti-VCT
2543,510,1.8
2544,510,1.8 Flexifuel
2545,510,1.8 TDCi
2546,510,1.8 TDDI
2547,510,2.0
2548,510,2.0 EcoBoost
2549,510,2.0 LPG
2550,510,2.0 TDCi
2551,510,2.0 TDCi EcoBlue
2552,510,2.0 TDCi TD
2553,510,2.0 Turbo
2554,510,2.3 EcoBoost
2555,510,2.5
2556,510,electric drive 107 kW
2557,511,1.4
2558,511,1.4 TDCi
2559,511,1.6
2560,511,1.6 TDCi
2561,511,1.25
2562,512,1.5 EcoBoost
2563,512,1.6 EcoBoost
2564,512,1.6 TDCi
2565,512,1.8 TDCi
2566,512,1.9 TDI
2567,512,2.0
2568,512,2.0 DOHC
2569,512,2.0 EcoBlue
2570,512,2.0 EcoBoost
2571,512,2.0 Flexifuel
2572,512,2.0 TDCi
2573,512,2.0 TDCi Bi-Turbo
2574,512,2.0 TDCi EcoBlue
2575,512,2.0 TDCi EcoBlue Bi-Turbo
2576,512,2.0 TDCi TD
2577,512,2.2 TDCi
2578,512,2.3
2579,512,2.5 Hybrid
2580,512,2.8 V6
2581,513,1.6
2582,513,1.7
2583,513,1.7 V4
2584,513,2.0
2585,513,2.0 V6
2586,513,2.0 Vergaser
2587,513,2.1 Diesel
2588,513,2.3 V6
2589,513,2.5 Diesel
2590,513,2.8 V6
2591,514,1.0 EcoBoost
2592,514,1.5 EcoBoost
2593,514,1.5 TDCi
2594,514,1.6 EcoBoost
2595,514,1.6 TDCi
2596,514,1.6 Ti-VCT
2597,514,2.0 TDCi
2598,515,1.5 EcoBoost
2599,515,1.5 EcoBoost Plug-in Hybrid
2600,515,1.5 TDCi
2601,515,1.5 TDCi EcoBlue
2602,515,1.6 EcoBoost
2603,515,1.6 TDCi
2604,515,2.0 TDCi EcoBlue
2605,516,1.2
2606,516,1.3
2607,516,1.3 Duratec
2608,516,1.3 TDCi
2609,516,1.6
2610,516,electric drive 20 kW
2611,517,1.2 Ti-VCT
2612,517,1.5 TDCi
2613,518,1.5 EcoBoost
2614,518,1.5 TDCi
2615,518,1.5 TDCi EcoBlue
2616,518,1.6 EcoBoost
2617,518,2.0 EcoBoost
2618,518,2.0 TDCi
2619,518,2.0 TDCi EcoBlue
2620,518,2.0 TDCi EcoBlue Mild-Hybrid
2621,518,2.5
2622,518,2.5 Hybrid
2623,518,2.5 Plug-in Hybrid
2624,519,2.0
2625,519,2.3
2626,519,2.4
2627,519,2.7 Turbodiesel
2628,519,3.0 V6
2629,520,1.0 EcoBoost
2630,520,1.5 EcoBoost
2631,520,1.5 TDCi
2632,520,1.6
2633,520,1.6 EcoBoost
2634,520,1.6 TDCi
2635,520,1.6 Ti-VCT
2636,520,1.8
2637,520,1.8 TDCi
2638,520,1.8 Turbodiesel
2639,520,2.0
2640,520,2.0 DI TD
2641,520,2.0 EcoBoost
2642,520,2.0 Flexifuel
2643,520,2.0 Hybrid
2644,520,2.0 LPG
2645,520,2.0 TDCi
2646,520,2.0 TDCi Bi-Turbo
2647,520,2.0 TDCi EcoBlue
2648,520,2.0 TDCi TD
2649,520,2.2 TDCi
2650,520,2.3
2651,520,2.5
2652,520,2.5 V6
2653,520,3.0 V6
2654,521,2.3 EcoBoost
2655,521,5.0 Ti-VCT
2656,521,5.0 Ti-VCT V8
2657,522,electric drive 197 kW
2658,522,electric drive 198 kW
2659,522,electric drive 203 kW
2660,522,electric drive 216 kW
2661,522,electric drive 232 kW
2662,522,electric drive 242 kW
2663,522,electric drive 258 kW
2664,522,electric drive 272 kW
2665,522,electric drive 276 kW
2666,522,electric drive 358 kW
2667,523,1.3
2668,523,1.4
2669,523,1.6
2670,523,1.6 Diesel
2671,523,1.8
2672,523,1.8 Diesel
2673,524,2.0
2674,524,2.2 Turbo
2675,524,2.5 V6
2676,525,1.0 EcoBoost
2677,525,1.0 EcoBoost Mild-Hybrid
2678,525,1.4
2679,525,1.5 EcoBoost
2680,525,1.5 TDCi EcoBlue
2681,525,1.6
2682,525,1.7
2683,525,electric drive 124 kW
2684,526,electric drive 124 kW
2685,527,2.0 TDCi
2686,527,2.0 TDCi EcoBlue
2687,527,2.2 TDCi
2688,527,2.3 Plug-in Hybrid
2689,527,2.5 Diesel
2690,527,2.5 TD
2691,527,2.5 TDCi
2692,527,3.0 EcoBlue
2693,527,3.0 TDCi
2694,527,3.2 TDCi
2695,528,2.0 TDCi EcoBlue Bi-Turbo
2696,528,3.0 EcoBoost
2697,529,1.5 EcoBoost
2698,529,1.6 EcoBoost
2699,529,1.6 TDCi
2700,529,2.0
2701,529,2.0 EcoBlue
2702,529,2.0 EcoBoost
2703,529,2.0 Flexifuel
2704,529,2.0 TDCi
2705,529,2.0 TDCi Bi-Turbo
2706,529,2.0 TDCi EcoBlue
2707,529,2.0 TDCi EcoBlue Bi-Turbo
2708,529,2.0 TDCi TD
2709,529,2.2 TDCi
2710,529,2.3
2711,529,2.5
2712,529,2.5 Hybrid
2713,530,1.8
2714,530,2.0
2715,530,2.0 DOHC
2716,530,2.0 Einspritzer
2717,530,2.0 Vergaser
2718,530,2.3 DOHC
2719,530,2.4 V6
2720,530,2.5 Diesel
2721,530,2.5 Turbodiesel
2722,530,2.8 V6
2723,530,2.9 V6
2724,531,1.3
2725,531,1.6
2726,531,1.6 Economy
2727,531,1.8
2728,531,1.8 Turbodiesel
2729,531,2.0
2730,531,2.0 DOHC
2731,531,2.0 Einspritzer
2732,531,2.0 Turbo
2733,531,2.0 V6
2734,531,2.0 Vergaser
2735,531,2.3 Diesel
2736,531,2.3 V6
2737,531,2.8 V6
2738,531,2.9 V6
2739,532,1.6
2740,533,1.3
2741,533,1.6
2742,533,2.0
2743,533,2.0 V6
2744,533,2.0 Vergaser
2745,533,2.3 V6
2746,534,1.0 EcoBoost
2747,534,1.5 TDCi
2748,534,1.6 TDCi
2749,535,1.0 EcoBoost
2750,535,1.5 EcoBoost
2751,535,1.5 EcoBoost Plug-in Hybrid
2752,535,1.5 TDCi
2753,535,1.5 TDCi EcoBlue
2754,535,1.6 EcoBoost
2755,535,1.6 TDCi
2756,535,1.8
2757,535,1.8 TDCi
2758,535,1.8 TDDI
2759,535,2.0 TDCi EcoBlue
2760,536,1.0 EcoBoost
2761,536,1.5 TDCi
2762,536,electric drive 100 kW
2763,537,1.0 Plug-in Hybrid
2764,537,2.0 TDCi
2765,537,2.0 TDCi EcoBlue
2766,537,2.0 TDCi Mild-Hybrid
2767,537,2.5 Plug-in Hybrid
2768,537,electric drive 160 kW
2769,537,electric drive 210 kW
2770,538,1.0 EcoBoost
2771,538,1.5 TDCi
2772,538,1.6
2773,538,1.6 EcoBoost
2774,538,1.6 TDCi
2775,538,1.8
2776,538,1.8 TDCi
2777,538,1.8 TDDI
2778,538,2.0
2779,538,2.0 EcoBlue
2780,538,2.0 TD
2781,538,2.0 TDCi
2782,538,2.0 TDCi EcoBlue
2783,538,2.0 TDCi Mild-Hybrid
2784,538,2.0 TDE
2785,538,2.2 TDCi
2786,538,2.3
2787,538,2.4 Diesel
2788,538,2.4 TD
2789,538,2.4 TDCi
2790,538,2.4 TDE
2791,538,2.5 Diesel
2792,538,2.5 TD
2793,538,2.5 TDE
2794,538,2.5 TDI
2795,538,3.0
2796,538,3.2 TDCi
2797,538,electric drive 135 kW
2798,538,electric drive 198 kW
2799,539,1.0 EcoBoost
2800,539,1.5 EcoBoost Plug-in Hybrid
2801,539,1.5 TDCi EcoBlue
2802,539,2.0 EcoBlue
2803,540,1.0 EcoBoost
2804,540,1.5 TDCi
2805,540,1.5 TDCi EcoBlue
2806,540,electric drive 100 kW
2807,541,1.0 Plug-in Hybrid
2808,541,2.0 EcoBlue
2809,541,2.0 TDCi
2810,541,2.0 TDCi EcoBlue
2811,541,2.0 TDCi Mild-Hybrid
2812,541,2.2 TDCi
2813,541,2.5 Plug-in Hybrid
2814,541,electric drive 100 kW
2815,541,electric drive 160 kW
2816,541,electric drive 210 kW
2817,542,3.0 V6
2818,543,1.5
2819,543,1.5 Hybrid
2820,543,1.5 LPG
2821,543,electric drive 150 kW
2822,544,1.5
2823,544,1.5 LPG
2824,545,2.0 TD
2825,546,2.0 T-GDI
2826,546,2.2 CRDi
2827,547,2.2 CRDi
2828,547,2.5 T-GDI
2829,547,electric drive 272 kW
2830,548,3.5 eSC Mild-Hybrid
2831,549,electric drive 168 kW
2832,549,electric drive 234 kW
2833,549,electric drive 360 kW
2834,550,2.2 CRDi
2835,550,2.5 T-GDI
2836,550,electric drive 360 kW
2837,551,2.5 T-GDI
2838,551,3.0 CRDi
2839,552,1.5 HEV
2840,553,2.4
2841,554,2.0 Turbodiesel
2842,555,electric drive 126 kW
2843,556,electric drive 150 kW
2844,556,electric drive 300 kW
2845,557,1.5
2846,558,2.0 PHEV
2847,559,2.0 PHEV
2848,560,1.5 LPG
2849,561,1.6
2850,561,1.8
2851,561,2.0
2852,561,2.0 TDI
2853,561,2.0 VTEC
2854,561,2.2
2855,561,2.2 CTDI
2856,561,2.2 DTEC
2857,561,2.2 VTEC
2858,561,2.3
2859,561,2.3 DOHC
2860,561,2.4 VTEC
2861,561,3.0 V6
2862,562,1.0 VTEC
2863,562,1.2
2864,562,1.3
2865,562,1.3 Hybrid
2866,562,1.4
2867,562,1.4 DSi
2868,562,1.5
2869,562,1.5 VTEC
2870,562,1.6
2871,562,1.6 DTEC
2872,562,1.6 SOHC VTEC
2873,562,1.6 VTEC
2874,562,1.7
2875,562,1.7 CDTI
2876,562,1.8 i-VTEC
2877,562,1.8 VTEC
2878,562,1.8 VTI
2879,562,2.0
2880,562,2.0 e:HEV
2881,562,2.0 TDI
2882,562,2.0 Turbodiesel
2883,562,2.0 VTEC
2884,562,2.2 CTDI
2885,562,2.2 DTEC
2886,563,1.5
2887,563,1.6
2888,564,1.5 Turbo
2889,564,1.6 DTEC
2890,564,2.0
2891,564,2.0 e:HEV
2892,564,2.0 e:PHEV
2893,564,2.0 i-MMD Hybrid
2894,564,2.0 i-VTEC
2895,564,2.0 VTEC
2896,564,2.2 CTDI
2897,564,2.2 DTEC
2898,564,2.4 VTEC
2899,565,1.5 Hybrid
2900,566,1.6 SOHC VTEC
2901,566,1.6 VTEC
2902,567,electric drive 100 kW
2903,567,electric drive 113 kW
2904,568,electric drive 150 kW
2905,569,2.0
2906,570,1.7
2907,570,1.8 VTEC
2908,570,2.0 VTEC
2909,570,2.2 CTDI
2910,571,1.5 i-MMD Hybrid
2911,571,1.5 i-VTEC
2912,571,1.5 VTEC
2913,571,1.6
2914,571,1.6 DTEC
2915,572,1.0 Hybrid
2916,572,1.3 Hybrid
2917,573,1.8 VTEC
2918,574,1.2
2919,574,1.2 DSi
2920,574,1.3 Hybrid
2921,574,1.3 i-VTEC
2922,574,1.4
2923,574,1.4 DSi
2924,574,1.5 i-MMD Hybrid
2925,574,1.5 i-VTEC
2926,575,2.5 V6
2927,575,2.7
2928,575,3.2
2929,575,3.5
2930,575,3.5 V6
2931,575,3.7 V6
2932,576,1.3
2933,577,3.0 V6
2934,577,3.2 V6
2935,577,3.5 Hybrid
2936,578,3.5 V6
2937,579,1.8
2938,579,2.0
2939,579,2.0 e:HEV
2940,579,2.2
2941,579,2.3
2942,580,2.0 VTEC
2943,581,2.2
2944,581,2.3 VTEC
2945,582,1.7
2946,582,2.0
2947,583,2.0 i-MMD Hybrid
2948,584,6.6
2949,585,6.0
2950,585,6.2
2951,586,3.5
2952,586,3.7
2953,586,5.3
2954,587,1.3
2955,587,1.4
2956,587,1.5
2957,587,1.5 CRDi
2958,587,1.6
2959,588,1.0
2960,588,1.1
2961,589,1.0 T-GDI
2962,589,1.0 T-GDI Mild-Hybrid
2963,589,1.0 TGDI
2964,589,1.2
2965,590,1.6
2966,590,2.0
2967,590,2.7 V6
2968,591,1.6
2969,591,1.8
2970,591,2.0
2971,591,2.0 CRDi
2972,592,2.0 TCI
2973,592,3.8
2974,592,3.8 GDI
2975,593,1.1
2976,593,1.3
2977,593,1.4
2978,593,1.5 CRDi
2979,593,1.6
2980,594,2.2 CRDi
2981,595,2.2 CRDi
2982,595,3.3 V6
2983,596,2.4
2984,596,2.5 CRDi
2985,596,2.5 Diesel
2986,596,2.5 Turbodiesel
2987,597,2.5 Diesel
2988,598,2.5 CRDi
2989,599,2.5 CRDi
2990,600,2.5 CRDi
2991,601,1.0
2992,601,1.0 LPG
2993,601,1.0 TGDI
2994,601,1.1
2995,601,1.1 CRDi
2996,601,1.2
2997,602,1.0
2998,602,1.0 T-GDI
2999,602,1.0 T-GDI Mild-Hybrid
3000,602,1.0 TDGI
3001,602,1.0 TGDI
3002,602,1.1 CRDi
3003,602,1.2
3004,602,1.4
3005,602,1.4 CRDi
3006,602,1.6
3007,602,1.6 CRDi
3008,602,1.6 LPG
3009,602,1.6 T-GDI
3010,603,1.0 TDGI
3011,603,1.0 TGDI
3012,603,1.4
3013,604,1.0 T-GDI
3014,604,1.0 T-GDI Mild-Hybrid
3015,604,1.0 TGDI
3016,604,1.4
3017,604,1.4 CRDi
3018,604,1.4 MPI
3019,604,1.4 TDGI
3020,604,1.4 TGDI
3021,604,1.5
3022,604,1.5 T-GDI Mild-Hybrid
3023,604,1.6
3024,604,1.6 CRDi
3025,604,1.6 CRDi Mild-Hybrid
3026,604,1.6 GDI
3027,604,1.6 TGDI
3028,604,2.0
3029,604,2.0 CRDi
3030,604,2.0 T-GDI
3031,604,2.0 TGDI
3032,605,1.5 T-GDI Mild-Hybrid
3033,605,1.6 CRDi Mild-Hybrid
3034,605,2.0 T-GDI
3035,606,1.6
3036,606,1.6 CRDi
3037,606,1.6 GDI
3038,606,1.7 CRDi
3039,606,2.0
3040,606,2.0 GDI
3041,607,electric drive 71 kW
3042,607,electric drive 85 kW
3043,608,1.6 Hybrid
3044,608,1.6 Plug-in Hybrid
3045,608,electric drive 88 kW
3046,608,electric drive 100 kW
3047,609,electric drive 125 kW
3048,609,electric drive 160 kW
3049,609,electric drive 168 kW
3050,609,electric drive 173 kW
3051,609,electric drive 225 kW
3052,609,electric drive 239 kW
3053,609,electric drive 448 kW
3054,610,electric drive 111 kW
3055,610,electric drive 125 kW
3056,610,electric drive 168 kW
3057,610,electric drive 239 kW
3058,611,electric drive 160 kW
3059,611,electric drive 226 kW
3060,611,electric drive 315 kW
3061,612,1.4
3062,612,1.4 CRDi
3063,612,1.6
3064,612,1.6 CRDi
3065,613,1.6
3066,613,1.7 CRDi
3067,613,2.0
3068,613,2.0 CRDi
3069,613,2.0 GDI
3070,614,3.0 V6 CRDi
3071,615,1.0 T-GDI
3072,615,1.0 T-GDI Mild-Hybrid
3073,615,1.0 TGDI
3074,615,1.6 CRDi
3075,615,1.6 CRDi Mild-Hybrid
3076,615,1.6 Hybrid
3077,615,1.6 T-GDI
3078,615,1.6 TGDI
3079,615,2.0 T-GDI
3080,615,electric drive 99 kW
3081,615,electric drive 100 kW
3082,615,electric drive 115 kW
3083,615,electric drive 150 kW
3084,615,electric drive 160 kW
3085,616,1.5
3086,616,1.6
3087,616,1.8
3088,616,2.0
3089,617,1.5 CRDi
3090,617,1.6
3091,617,1.8
3092,618,electric drive & Hydrogen 120 kW
3093,618,FCEV 150 kW
3094,619,1.3
3095,619,1.5
3096,620,1.5
3097,621,1.6 T-GDI Hybrid
3098,621,1.6 T-GDI Plug-in Hybrid
3099,621,2.0 CRDi
3100,621,2.2 CRDi
3101,621,2.4
3102,621,2.4 GDI
3103,621,2.7 V6
3104,622,2.0
3105,622,2.0 CRDi
3106,622,2.4
3107,622,2.5 V6
3108,622,2.7 V6
3109,622,3.0 V6
3110,622,3.3 V6
3111,623,1.6 Hybrid
3112,623,2.2 CRDi
3113,624,2.9 CRDi
3114,625,2.0
3115,625,2.0 CRDi
3116,625,2.7 V6
3117,626,1.6
3118,626,1.6 CRDi
3119,626,1.6 CRDi Mild-Hybrid
3120,626,1.6 T-GDI
3121,626,1.6 T-GDI Hybrid
3122,626,1.6 T-GDI Mild-Hybrid
3123,626,1.6 T-GDI Plug-in Hybrid
3124,626,1.6 TGDI
3125,626,1.7 CRDi
3126,626,2.0
3127,626,2.0 CRDi
3128,626,2.0 CRDi Mild-Hybrid
3129,626,2.7 V6
3130,627,1.6
3131,627,1.6 TGDI
3132,628,3.0
3133,628,3.5 V6
3134,629,2.0
3135,630,2.0 Turbo
3136,630,2.0 Turbo LPG
3137,631,3.0 Turbo
3138,631,3.0 TwinTurbo Diesel
3139,632,3.0 V6 Diesel
3140,632,3.7 V6
3141,633,3.0 V6 Diesel
3142,633,3.5 V6
3143,633,3.7 V6
3144,633,4.5 V8
3145,633,5.0 V8
3146,634,3.7 V6
3147,635,M30d
3148,635,M35h
3149,635,M37
3150,636,1.5 Diesel
3151,636,1.6
3152,636,2.0 Turbo
3153,636,2.2 Diesel
3154,637,2.0 Turbo
3155,637,2.2 Diesel
3156,637,3.0 V6
3157,637,3.5
3158,637,3.5 Hybrid
3159,638,2.0 Turbo
3160,638,3.0 V6
3161,638,3.7 V6
3162,639,2.2 Diesel
3163,639,3.0 V6 Diesel
3164,639,3.5 Hybrid
3165,639,3.7 V6
3166,640,2.0 Turbo
3167,640,2.2 Diesel
3168,641,3.0 V6 Diesel
3169,641,3.7 V6
3170,642,3.0 V6 Diesel
3171,642,3.7 V6
3172,642,5.0 V8
3173,643,2.2 Diesel
3174,643,2.3
3175,643,2.3 Diesel
3176,644,1.9 Turbodiesel
3177,644,2.5 Turbodiesel
3178,644,2.5 Twin Turbodiesel
3179,644,3.0 Turbodiesel
3180,645,1.5 Diesel
3181,645,1.5 Turbodiesel
3182,645,1.6
3183,646,1.9
3184,646,2.0
3185,646,2.2 Diesel
3186,646,2.2 Turbodiesel
3187,646,2.3
3188,646,2.6
3189,646,2.8 Turbodiesel
3190,646,3.0 DTI
3191,646,3.5 V6
3192,647,1.8
3193,647,2.0
3194,647,2.0 Diesel
3195,647,2.0 Turbodiesel
3196,647,2.2 Diesel
3197,647,2.4 Turbodiesel
3198,648,2.3 Diesel
3199,648,2.4 Diesel
3200,648,2.5 Diesel
3201,648,2.5 Turbodiesel
3202,648,2.8 CNG
3203,648,2.8 Diesel
3204,648,2.8 TDI
3205,648,3.0 CNG
3206,648,3.0 Diesel
3207,648,3.0 GNC
3208,648,electric drive 100 kW
3209,648,electric drive 140 kW
3210,649,3.0 HPI Diesel
3211,649,3.0 HPT Diesel
3212,650,1.6 TGDI
3213,651,1.5 TGDI Plug-in Hybrid
3214,651,1.6 Turbo
3215,652,3.6
3216,652,4.0
3217,652,4.0 V8
3218,652,4.2 V8
3219,652,5.3 V12
3220,652,6.0
3221,653,D150
3222,653,D165
3223,653,D165 Mild-Hybrid
3224,653,D180
3225,653,D200 Mild-Hybrid
3226,653,D240
3227,653,P160 Mild-Hybrid
3228,653,P200
3229,653,P200 Mild-Hybrid
3230,653,P250
3231,653,P250 Mild-Hybrid
3232,653,P270e Plug-in Hybrid
3233,653,P300
3234,653,P300 Mild-Hybrid
3235,653,P300e Plug-in Hybrid
3236,654,5.0 V8
3237,654,20d
3238,654,25d
3239,654,25t
3240,654,30d
3241,654,30t
3242,654,35t
3243,654,D165 Mild-Hybrid
3244,654,D200 Mild-Hybrid
3245,654,D300 Mild-Hybrid
3246,654,E-Performance
3247,654,P250
3248,654,P400 Mild-Hybrid
3249,654,P400e Plug-in Hybrid
3250,654,S
3251,654,SVR 575
3252,655,3.0 V6
3253,655,5.0 V8
3254,655,30t
3255,655,P300
3256,655,P450
3257,656,electric drive 294 kW
3258,656,EV320
3259,656,EV400
3260,657,2.5 V6
3261,657,2.7 D V6
3262,657,3.0 V6
3263,657,4.0 V8
3264,657,4.2 V8
3265,658,2.0 D
3266,658,2.1 V6
3267,658,2.2 D
3268,658,2.5 V6
3269,658,3.0 V6
3270,659,3.0 V6
3271,659,5.0 V8
3272,659,20d
3273,659,20t
3274,659,25d
3275,659,25t
3276,659,30t
3277,659,D200 Mild-Hybrid
3278,660,2.0 Turbo
3279,660,2.2 D
3280,660,2.7 D V6
3281,660,3.0 D
3282,660,3.0 D V6
3283,660,3.0 V6
3284,660,3.0 V6 Kompressor
3285,660,4.2 V8
3286,660,4.2 V8 Kompressor
3287,660,5.0 V8
3288,660,5.0 V8 Kompressor
3289,660,20d
3290,660,20t
3291,660,25d
3292,660,25t
3293,660,30d
3294,660,30t
3295,660,35t
3296,660,D200 Mild-Hybrid
3297,660,E-Performance
3298,660,S
3299,661,2.7 D V6
3300,661,3.0 D
3301,661,3.0 D V6
3302,661,3.0 V6
3303,661,3.0 V6 Kompressor
3304,661,3.2 V8
3305,661,3.5 V8
3306,661,4.0 V8
3307,661,4.2 V8
3308,661,5.0 V8
3309,661,5.0 V8 Kompressor
3310,662,3.2
3311,662,3.6
3312,662,4.0
3313,662,4.0 Kompressor
3314,663,6.0
3315,664,4.2
3316,664,5.3 V12
3317,665,3.4
3318,665,4.2
3319,665,5.3 V12
3320,666,3.6
3321,666,4.0
3322,666,5.3 HE V12
3323,666,6.0 V12
3324,667,3.5 V8
3325,667,4.2 V8
3326,667,4.2 V8 Kompressor
3327,667,5.0 V8
3328,667,5.0 V8 Kompressor
3329,668,4.0 V8
3330,668,4.2 V8
3331,669,4.0 V8
3332,669,4.2 V8
3333,670,1.2 4xe Mild-Hybrid
3334,670,1.2 Mild-Hybrid
3335,670,1.2 T3 Mild-Hybrid
3336,670,1.2 T-GDI
3337,670,electric drive 115 kW
3338,671,2.0
3339,671,2.0 M-Jet
3340,671,2.0 TGDi
3341,671,2.1 Turbodiesel
3342,671,2.2 M-Jet
3343,671,2.4
3344,671,2.5
3345,671,2.5 CRD
3346,671,2.5 Turbodiesel
3347,671,2.8 CRD
3348,671,3.2 V6
3349,671,3.7 V6
3350,671,4.0
3351,672,4.2
3352,672,5.8 V8
3353,672,5.9 V8
3354,673,2.4 Diesel
3355,673,2.5
3356,673,4.2
3357,673,5.0 V8
3358,674,3.0 CRD
3359,674,4.7 V8
3360,674,5.7 V8
3361,675,1.2 Mild-Hybrid
3362,675,1.3 4xe Plug-in Hybrid
3363,675,1.3 T4 4xe Plug-in Hybrid
3364,675,1.3 T-GDi
3365,675,1.4 M-Air
3366,675,1.5 GSE T4 e-Hybrid
3367,675,1.6 Hybrid
3368,675,1.6 M-Jet
3369,675,1.6 Plug-in Hybrid
3370,675,2.0
3371,675,2.0 CRD
3372,675,2.0 M-Jet
3373,675,2.2 CRD
3374,675,2.4
3375,675,electric drive 157 kW
3376,676,3.0 CRD
3377,677,2.0 4xe Plug-in Hybrid
3378,677,2.5 Turbodiesel
3379,677,2.7 CRD
3380,677,3.0 CRD
3381,677,3.1 TD
3382,677,3.6 V6
3383,677,4.0
3384,677,4.7 V8
3385,677,5.2 V8
3386,677,5.7 V8
3387,677,5.9
3388,677,6.1
3389,677,6.2 V8
3390,677,6.4 V8
3391,678,2.0 CRD
3392,678,2.2 CRD
3393,678,2.4
3394,679,1.0 T-GDi
3395,679,1.0 TGDi
3396,679,1.3 4xe Plug-in Hybrid
3397,679,1.3 T4 4xe Plug-in Hybrid
3398,679,1.3 T-GDi
3399,679,1.3 TGDi
3400,679,1.4 M-Air
3401,679,1.5 GSE T4 e-Hybrid
3402,679,1.6
3403,679,1.6 M-Jet
3404,679,2.0 M-Jet
3405,680,4.2
3406,680,5.9 V8
3407,681,2.0 T-GDI
3408,681,2.0 TGDi
3409,681,2.2 CRDi
3410,681,2.4
3411,681,2.5
3412,681,2.8 CRD
3413,681,3.6 V6
3414,681,4.0
3415,682,2.0 4xe Plug-in Hybrid
3416,682,2.0 T-GDI
3417,682,2.0 TGDi
3418,682,2.2 CRDi
3419,682,2.8 CRD
3420,682,3.6 V6
3421,682,3.8 V6
3422,683,1.5 T-GDi
3423,684,1.5 T-GDi
3424,685,2.2 e-Xdi
3425,685,electric drive 152 kW
3426,685,electric drive 304 kW
3427,686,2.2 e-Xdi
3428,687,2.2 e-Xdi
3429,688,1.5 T-GDi
3430,689,1.5 T-GDi
3431,689,1.5 T-GDI Hybrid
3432,690,electric drive 152 kW
3433,691,2.2 Diesel
3434,692,1.6
3435,692,1.6 CRDi
3436,692,1.6 GDI
3437,692,1.7 CRDi
3438,692,1.8
3439,692,2.0
3440,692,2.0 CRDi
3441,692,2.0 GDI
3442,692,2.0 Turbodiesel
3443,693,2.2 CRDi
3444,693,2.5
3445,693,2.5 V6
3446,693,2.7
3447,693,2.9 CRDi
3448,693,2.9 Turbodiesel
3449,694,1.0
3450,694,1.0 TGDI
3451,694,1.0 TGDI Mild-Hybrid
3452,694,1.4
3453,694,1.4 CRDi
3454,694,1.4 TGDI
3455,694,1.5 TGDI
3456,694,1.5 TGDI Mild-Hybrid
3457,694,1.6
3458,694,1.6 CRDi
3459,694,1.6 CRDi Mild-Hybrid
3460,694,1.6 GDI
3461,694,1.6 Plug-in Hybrid
3462,694,1.6 TGDI
3463,694,2.0
3464,694,2.0 CRDi
3465,695,1.5 CRDi
3466,695,1.6
3467,695,2.0
3468,695,2.0 Turbodiesel
3469,696,1.8
3470,696,2.0
3471,697,electric drive 150 kW
3472,698,electric drive 150 kW
3473,699,electric drive 150 kW
3474,700,electric drive 160 kW
3475,701,electric drive 125 kW
3476,701,electric drive 168 kW
3477,701,electric drive 239 kW
3478,701,electric drive 430 kW
3479,701,electric drive 478 kW
3480,702,electric drive 150 kW
3481,702,electric drive 160 kW
3482,702,electric drive 283 kW
3483,702,electric drive 374 kW
3484,703,2.0
3485,704,1.0 TGDI
3486,704,1.0 TGDI Mild-Hybrid
3487,704,1.6 TGDI
3488,705,2.5
3489,706,2.7 Diesel
3490,707,2.0
3491,707,2.0 CRDi
3492,707,2.5 V6
3493,707,2.7
3494,708,1.6 Hybrid
3495,708,1.6 Plug-in Hybrid
3496,708,electric drive 100 kW
3497,708,electric drive 150 kW
3498,709,3.5 V6
3499,709,3.8 V6
3500,710,1.6 CRDi
3501,710,1.6 TGDI
3502,710,1.7 CRDi
3503,710,2.0
3504,710,2.0 Hybrid
3505,710,2.0 TGDI
3506,711,1.0
3507,711,1.0 LPG
3508,711,1.0 TGDI
3509,711,1.1
3510,711,1.1 CRDi
3511,711,1.2
3512,712,2.5
3513,712,2.7 Diesel
3514,713,1.3
3515,714,1.0 TGDI
3516,714,1.4
3517,714,1.4 TGDI
3518,714,1.5 TGDI
3519,714,1.5 TGDI Mild-Hybrid
3520,714,1.6
3521,714,1.6 CRDi
3522,714,1.6 CRDi Mild-Hybrid
3523,714,1.6 GDI
3524,714,1.6 TGDI
3525,714,2.0
3526,714,2.0 CRDi
3527,715,electric drive 89 kW
3528,715,electric drive 120 kW
3529,716,electric drive 89 kW
3530,716,electric drive 120 kW
3531,717,2.0
3532,717,2.0 Turbodiesel
3533,718,1.0 TGDI
3534,718,1.0 TGDI Mild-Hybrid
3535,718,1.1 CRDi
3536,718,1.2
3537,718,1.3
3538,718,1.4
3539,718,1.4 CRDi
3540,718,1.5
3541,718,1.5 CRDi
3542,718,1.6
3543,719,1.8
3544,720,1.8
3545,720,2.2 Diesel
3546,721,1.5
3547,721,1.6
3548,721,1.8
3549,722,1.5
3550,722,1.6
3551,722,1.8
3552,723,1.6 Plug-in Hybrid
3553,723,1.6 TGDI Hybrid
3554,723,1.6 TGDI Plug-in Hybrid
3555,723,2.2 CRDi
3556,723,2.4
3557,723,2.4 GDI
3558,723,2.5 CRDi
3559,723,3.3 V6
3560,723,3.5 V6
3561,724,1.6
3562,724,1.6 CRDi
3563,724,1.6 GDI
3564,724,1.6 TGDI
3565,724,electric drive 81 kW
3566,724,electric drive 100 kW
3567,724,electric drive 150 kW
3568,725,1.6 CRDi
3569,725,1.6 CRDi Mild-Hybrid
3570,725,1.6 GDI
3571,725,1.6 Hybrid
3572,725,1.6 Plug-in Hybrid
3573,725,1.6 TGDI
3574,725,1.6 TGDI Hybrid
3575,725,1.6 TGDI Mild-Hybrid
3576,725,1.6 TGDI Plug-in Hybrid
3577,725,1.7 CRDi
3578,725,2.0
3579,725,2.0 CRDi
3580,725,2.0 GDI
3581,725,2.0 Mild-Hybrid
3582,725,2.0 Turbodiesel
3583,725,2.7
3584,726,2.0 TGDI
3585,726,2.2 CRDi
3586,726,3.3 TGDI
3587,726,3.3 V6 TGDI
3588,727,1.0 TGDI
3589,727,1.0 TGDI Mild-Hybrid
3590,727,1.2
3591,727,1.4
3592,727,1.6 CRDi
3593,728,1.4
3594,728,1.4 CRDi
3595,728,1.6
3596,728,1.6 CRDi
3597,729,1.0 TGDI
3598,729,1.0 TGDI Mild-Hybrid
3599,729,1.4 TGDI
3600,729,1.5 TGDI
3601,729,1.5 TGDI Mild-Hybrid
3602,729,1.6 CRDi
3603,729,1.6 CRDi Mild-Hybrid
3604,729,1.6 Plug-in Hybrid
3605,729,1.6 TGDI
3606,730,1.3
3607,730,1.5
3608,731,1.6
3609,732,1.6
3610,733,1.6
3611,733,1.7
3612,733,1.9 Diesel
3613,734,1.1
3614,734,1.3
3615,734,1.5
3616,735,1.7
3617,736,1.6
3618,737,5.0
3619,737,5.2
3620,738,5.0
3621,738,5.2
3622,739,6.2
3623,739,6.5
3624,740,6.2
3625,740,6.5
3626,741,1.4
3627,741,1.6
3628,741,2.0
3629,742,1.6
3630,742,1.8
3631,742,1.9 Turbodiesel
3632,742,2.0
3633,743,1.3
3634,743,1.4
3635,743,1.4 Turbo
3636,743,1.4 Turbo LPG
3637,743,1.5
3638,743,1.6
3639,743,1.6 Diesel
3640,743,1.6 JTD
3641,743,1.6 Turbo
3642,743,1.8
3643,743,1.8 Turbo
3644,743,1.9 Turbodiesel
3645,743,1.9 TwinTurbo Diesel
3646,743,2.0
3647,743,2.0 Diesel
3648,743,2.0 Turbo
3649,744,2.4
3650,745,2.5
3651,746,2.0
3652,746,2.0 Turbo
3653,746,2.4
3654,746,2.4 Turbodiesel
3655,746,3.0 V6
3656,747,0.9
3657,747,1.0
3658,748,1.1
3659,748,1.2
3660,748,1.4
3661,749,1.6
3662,749,1.8
3663,749,1.9 JTD
3664,749,1.9 Turbodiesel
3665,749,2.0
3666,749,2.4 JTD
3667,749,2.4 Turbodiesel
3668,750,1.3 JTD
3669,750,1.4
3670,750,1.6 Diesel
3671,750,1.9 JTD
3672,751,2.0
3673,751,2.0 JTD
3674,751,2.2 JTD
3675,751,3.0 V6
3676,752,1.5
3677,752,1.6
3678,752,1.9 Turbodiesel
3679,752,2.0
3680,753,2.0
3681,753,2.0 Turbo
3682,753,2.4 Turbodiesel
3683,753,2.5 Turbodiesel
3684,753,2.8 V6
3685,753,2.9 V8
3686,753,3.0 V6
3687,753,3.0 V6 CRD
3688,753,3.6 V6
3689,754,2.0 Turbo
3690,754,2.4
3691,754,2.4 JTD
3692,754,3.0 V6
3693,754,3.2 V6
3694,755,2.0
3695,756,2.8 JTDM
3696,756,3.6 V6
3697,757,1.0
3698,757,1.1
3699,757,1.3
3700,757,1.05 Turbo
3701,758,0.9 TwinAir
3702,758,0.9 TwinAir CNG
3703,758,1.2
3704,758,1.3 JTD
3705,758,1.4
3706,759,2.0
3707,759,2.0 JTD
3708,759,2.0 Turbo
3709,759,2.1 Turbodiesel
3710,760,2.2 Td4
3711,760,2.4 Td4
3712,760,2.5 Td5
3713,760,2.5 TDI
3714,760,4.0 V8
3715,760,D200
3716,760,D200 Mild-Hybrid
3717,760,D240
3718,760,D250 Mild-Hybrid
3719,760,D300 Mild-Hybrid
3720,760,D350 Mild-Hybrid
3721,760,P300
3722,760,P400 Mild-Hybrid
3723,760,P400e Plug-in Hybrid
3724,760,P425
3725,760,P525
3726,760,P635 Mild-Hybrid
3727,761,2.5 TDI
3728,761,2.5 Turbodiesel
3729,761,2.7 Td V6
3730,761,3.5
3731,761,3.9
3732,761,4.0 V8
3733,761,4.4 V8
3734,762,2.7 Td V6
3735,762,3.0 TD V6
3736,762,3.0 V6
3737,762,5.0 V8
3738,763,2.0 Si4
3739,763,2.0 Si4 TwinTurbo
3740,763,2.0 Td4
3741,763,2.0 TD Sd4
3742,763,3.0 SD V6
3743,763,3.0 SDV6
3744,763,3.0 Td6
3745,763,3.0 V6
3746,763,D250 Mild-Hybrid
3747,763,D300 Mild-Hybrid
3748,763,D350 Mild-Hybrid
3749,763,P300
3750,763,P360 Mild-Hybrid
3751,764,2.0
3752,764,2.0 ed4
3753,764,2.0 Td4
3754,764,2.0 Td4 Mild-Hybrid
3755,764,2.0 TD Sd4
3756,764,2.0 Turbo
3757,764,2.2 Sd4
3758,764,2.2 Td4
3759,764,D150
3760,764,D165
3761,764,D165 Mild-Hybrid
3762,764,D180
3763,764,D200 Mild-Hybrid
3764,764,D240
3765,764,D240 Mild-Hybrid
3766,764,P200
3767,764,P200 Mild-Hybrid
3768,764,P250
3769,764,P250 Mild-Hybrid
3770,764,P270e Hybrid
3771,764,P290 Mild-Hybrid
3772,764,P300e Hybrid
3773,765,2.0
3774,765,2.0 ed4
3775,765,2.0 Sd4
3776,765,2.0 Td4
3777,765,2.0 TD Sd4
3778,765,2.0 Turbo
3779,765,2.2 Sd4
3780,765,2.2 Td4
3781,765,D150
3782,765,D150 Mild-Hybrid
3783,765,D165
3784,765,D165 Mild-Hybrid
3785,765,D180 Mild-Hybrid
3786,765,D200 Mild-Hybrid
3787,765,D240 Mild-Hybrid
3788,765,P160 Mild-Hybrid
3789,765,P200 Mild-Hybrid
3790,765,P250 Mild-Hybrid
3791,765,P270e Hybrid
3792,765,P300 Mild-Hybrid
3793,765,P300e Hybrid
3794,766,2.0 Td4
3795,766,2.0 TD Sd4
3796,766,2.0 Turbo
3797,767,1.8
3798,767,2.0 Td4
3799,767,2.0 Turbo
3800,767,2.0 Turbodiesel
3801,767,2.2 Td4
3802,767,2.5 V6
3803,767,3.2
3804,768,2.0 Hybrid
3805,768,2.4 Turbodiesel
3806,768,2.5 Turbodiesel
3807,768,3.0 SD V6
3808,768,3.0 SD V6 Hybrid
3809,768,3.0 Td6
3810,768,3.0 TD V6
3811,768,3.5
3812,768,3.6 TD V8
3813,768,3.9
3814,768,4.0
3815,768,4.0 V8
3816,768,4.2
3817,768,4.2 V8
3818,768,4.4 SDI
3819,768,4.4 TD V8
3820,768,4.4 V8
3821,768,4.6
3822,768,5.0 V8
3823,768,5.0 V8 Kompressor
3824,768,5.0 V8 Supercharged
3825,768,D250 Mild-Hybrid
3826,768,D300 Mild-Hybrid
3827,768,D350 Mild-Hybrid
3828,768,P400 Mild-Hybrid
3829,768,P400e Plug-in Hybrid
3830,768,P460e Plug-in Hybrid
3831,768,P510e Plug-in Hybrid
3832,768,P530
3833,768,P530 Mild-Hybrid
3834,768,P550e Plug-in Hybrid
3835,768,P615 Mild-Hybrid
3836,769,2.0 Hybrid
3837,769,2.0 Si4 TwinTurbo
3838,769,2.0 TD Sd4
3839,769,2.7 Td V6
3840,769,3.0 SD V6
3841,769,3.0 SD V6 Hybrid
3842,769,3.0 TD V6
3843,769,3.0 V6
3844,769,3.0 V6 Kompressor
3845,769,3.6 TD V8
3846,769,4.2 V8
3847,769,4.4 SDI
3848,769,4.4 V8
3849,769,5.0 V8
3850,769,5.0 V8 Kompressor
3851,769,5.0 V8 Supercharged
3852,769,D250 Mild-Hybrid
3853,769,D300 Mild-Hybrid
3854,769,D350 Mild-Hybrid
3855,769,P400 Mild-Hybrid
3856,769,P400e Plug-in Hybrid
3857,769,P460e Hybrid
3858,769,P510e Plug-in Hybrid
3859,769,P530
3860,769,P530 Mild-Hybrid
3861,769,P550e Hybrid
3862,769,P635 Mild-Hybrid
3863,770,2.0 Diesel
3864,770,2.0 Si4 TwinTurbo
3865,770,2.0 Turbo
3866,770,3.0 SD V6
3867,770,3.0 V6 Diesel
3868,770,3.0 V6 Kompressor
3869,770,D200 Mild-Hybrid
3870,770,D300
3871,770,D300 Mild-Hybrid
3872,770,P250
3873,770,P400 Mild-Hybrid
3874,770,P400e Plug-in Hybrid
3875,770,P550
3876,771,electric drive 160 kW
3877,772,1.5 REEV
3878,772,electric drive 160 kW
3879,772,electric drive 220 kW
3880,772,electric drive 440 kW
3881,773,electric drive 70 kW
3882,774,electric drive 110 kW
3883,775,1.5 REX
3884,776,CT 200h
3885,777,ES 300h
3886,778,GS 200t
3887,778,GS 250
3888,778,GS 300
3889,778,GS 300h
3890,778,GS 430
3891,778,GS 450h
3892,778,GS 460
3893,778,GS-F
3894,779,IS 200
3895,779,IS 200t
3896,779,IS 220d
3897,779,IS 250
3898,779,IS 250C
3899,779,IS 300
3900,779,IS 300h
3901,779,IS-F
3902,780,1.5 Hybrid
3903,781,LC 500
3904,781,LC 500h
3905,782,LM 350h
3906,783,LS 400
3907,783,LS 430
3908,783,LS 460
3909,783,LS 500
3910,783,LS 500h
3911,783,LS 600h
3912,784,NX 200t
3913,784,NX 300h
3914,784,NX 300t
3915,784,NX 350h
3916,784,NX 450h+
3917,785,RC 200t
3918,785,RC 300
3919,785,RC 300h
3920,785,RC-F
3921,786,RX 200t
3922,786,RX 300
3923,786,RX 350
3924,786,RX 350h
3925,786,RX 400h
3926,786,RX 450h
3927,786,RX 450h+
3928,786,RX 450hL
3929,786,RX 500h
3930,787,RZ 300e
3931,787,RZ 350e
3932,787,RZ 450e
3933,787,RZ 500e
3934,787,RZ 550e
3935,788,SC 430
3936,789,UX 200
3937,789,UX 250h
3938,789,UX 300e
3939,789,UX 300h
3940,790,0.5 Diesel
3941,790,0.5d
3942,790,0.48 DCI
3943,790,0.48 Diesel
3944,791,0.48 Diesel
3945,792,0.5 Diesel
3946,792,0.48 Diesel
3947,793,electric drive 450 kW
3948,793,electric drive 675 kW
3949,794,1.6
3950,794,1.8
3951,795,electric drive 450 kW
3952,795,electric drive 675 kW
3953,796,2.0 Turbo
3954,796,3.5 V6
3955,797,2.0
3956,797,2.0 Turbo
3957,797,3.5 Turbo
3958,798,2.0 Turbo
3959,799,3.5
3960,800,1.8
3961,800,1.8 Turbo
3962,800,3.5
3963,801,Dual-Motor 358 kW
3964,801,Dual-Motor 462 kW
3965,801,Dual-Motor 611 kW
3966,801,Dual-Motor 696 kW
3967,801,Dual-Motor 828 kW
3968,801,Single-Motor 325 kW
3969,801,Three-Motor 920 kW
3970,802,Dual-Motor 418 kW
3971,802,Dual-Motor 617 kW
3972,803,1.5 Hybrid
3973,803,1.5 Plug-in Hybrid
3974,803,1.5 TD Plug-in Hybrid
3975,804,electric drive 200 kW
3976,805,1.5 Plug-in Hybrid
3977,807,1.2
3978,807,1.2 LPG
3979,808,2.2
3980,809,2.2
3981,810,electric drive 100 kW
3982,811,3.8 Diesel
3983,811,5.7 Diesel
3984,812,4.6 Diesel
3985,812,6.9 Diesel
3986,813,2.0 TDI
3987,814,4.2 V8
3988,815,4.2 V8
3989,816,4.2 V8
3990,817,2.0 Turbo Mild-Hybrid
3991,817,3.0 V6 Diesel
3992,817,3.0 V6 TwinTurbo
3993,817,3.8 V8 TwinTurbo
3994,818,3.0 V6
3995,818,3.0 V6 TwinTurbo
3996,818,4.7 V8
3997,818,electric drive 560 kW
3998,819,3.0 V6 TwinTurbo
3999,819,4.2 V8
4000,819,4.7 V8
4001,819,electric drive 560 kW
4002,820,2.0 Turbo Mild-Hybrid
4003,820,3.0 V6 TwinTurbo
4004,820,electric drive 410 kW
4005,821,2.0 Turbo Mild-Hybrid
4006,821,3.0 V6 Diesel
4007,821,3.0 V6 TwinTurbo
4008,821,3.8 V8
4009,822,3.0 V6 TwinTurbo
4010,823,3.0 V6 TwinTurbo
4011,824,3.0 V6 TwinTurbo
4012,825,2.8 V6
4013,825,3.0 V6 Diesel
4014,825,3.0 V6 TwinTurbo
4015,825,3.2 V8
4016,825,3.8 V8
4017,825,4.2 V8
4018,825,4.7 V8
4019,826,4.2 V8
4020,827,electric drive 90 kW
4021,827,electric drive 118 kW
4022,828,electric drive 120 kW
4023,829,2.0 TDCi
4024,829,electric drive 150 kW
4025,829,electric drive 260 kW
4026,830,2.0 TDCi
4027,830,electric drive 150 kW
4028,831,electric drive 130 kW
4029,832,electric drive 130 kW
4030,833,electric drive 92 kW
4031,834,electric drive 180 kW
4032,835,2.0 TDCi
4033,836,electric drive 130 kW
4034,837,electric drive 325 kW
4035,838,1.3
4036,838,1.4
4037,838,1.4 Diesel
4038,838,1.5
4039,838,1.5 Diesel
4040,838,1.5 e-Skyactiv-G Mild-Hybrid
4041,838,1.5 Hybrid
4042,838,1.5 Skyactiv-G
4043,838,1.5 Skyactiv-G Mild-Hybrid
4044,838,1.6
4045,838,1.6 CD Diesel
4046,838,1.25
4047,839,1.4
4048,839,1.5
4049,839,1.5 Diesel
4050,839,1.6
4051,839,1.6 CD Diesel
4052,839,1.8 D
4053,839,2.0
4054,839,2.0 Diesel
4055,839,2.0 e-Skyactiv-X Mild-Hybrid
4056,839,2.0 Skyactiv-G Mild-Hybrid
4057,839,2.0 Skyactiv-X Mild-Hybrid
4058,839,2.2 Turbodiesel
4059,839,2.3
4060,839,2.5 e-Skyactiv-G Mild-Hybrid
4061,840,1.6 CD Diesel
4062,840,1.8
4063,840,2.0
4064,840,2.0 Diesel
4065,840,2.0 Turbodiesel
4066,841,1.8
4067,841,2.0
4068,841,2.0 Diesel
4069,841,2.0 Skyactiv-G
4070,841,2.0 Turbodiesel
4071,841,2.2 SKYACTIV-D
4072,841,2.2 Turbodiesel
4073,841,2.3
4074,841,2.5
4075,841,2.5 SKYACTIV-G
4076,841,electric drive 180 kW
4077,841,electric drive 190 kW
4078,842,1.2
4079,842,1.3
4080,842,1.4
4081,842,1.8 Diesel
4082,843,1.0
4083,843,1.1
4084,843,1.3
4085,843,1.4
4086,843,1.5
4087,843,1.6
4088,843,1.6 Turbo
4089,843,1.7 Diesel
4090,843,1.7 Turbodiesel
4091,843,1.8 Diesel
4092,843,1.9
4093,843,1.9 Turbo
4094,843,2.0
4095,843,2.0 Diesel
4096,843,2.0 Turbodiesel
4097,843,2.0 V6
4098,844,1.6
4099,844,1.9
4100,844,2.0
4101,844,2.0 Comprex Diesel
4102,844,2.0 Diesel
4103,844,2.0 Turbodiesel
4104,844,2.2
4105,844,2.5 V6
4106,845,2.0
4107,845,2.2
4108,845,3.0 V6
4109,846,2.0
4110,847,2.5 Diesel
4111,847,2.5 Turbodiesel
4112,848,2.5 Turbodiesel
4113,849,1.5 Diesel
4114,849,1.8 Skyactiv-D
4115,849,2.0
4116,849,2.0 Skyactiv-G
4117,850,2.0
4118,850,2.0 Skyactiv-G
4119,850,2.0 Skyactiv-G Mild-Hybrid
4120,850,2.2 SKYACTIV-D
4121,850,2.2 Turbodiesel
4122,850,2.5
4123,850,2.5 e-Skyactiv-G Mild-Hybrid
4124,850,2.5 SKYACTIV-G
4125,850,2.5 SKYACTIV-G Mild-Hybrid
4126,851,2.2 Turbodiesel
4127,851,2.3
4128,852,3.7 V6
4129,853,1.8 D
4130,853,2.0 e-Skyactiv-X Mild-Hybrid
4131,853,2.0 Skyactiv-G Mild-Hybrid
4132,853,2.0 Skyactiv-X Mild-Hybrid
4133,853,2.5 e-Skyactiv-G Mild-Hybrid
4134,854,2.5 e-Skyactiv Plug-in Hybrid
4135,854,3.3 e-Skyactiv-D
4136,855,2.5 e-Skyactiv Plug-in Hybrid
4137,855,3.3 e-Skyactiv-D
4138,856,1.4
4139,856,1.5
4140,857,2.0
4141,858,2.2 Diesel
4142,859,2.0
4143,859,2.0 Diesel
4144,859,2.3
4145,859,2.5
4146,859,3.0
4147,859,3.0 V6
4148,860,1.6
4149,860,1.9 V6
4150,861,1.5
4151,861,1.5 Skyactiv-G
4152,861,1.6
4153,861,1.8
4154,861,1.9
4155,861,2.0
4156,861,2.0 Skyactiv-G
4157,862,2.0
4158,862,2.5 V6
4159,863,e-Skyactiv 107 kW
4160,863,e-SKYACTIV 125 kW
4161,863,electric drive 107 kW
4162,863,electric drive 125 kW
4163,864,1.9
4164,864,2.0
4165,864,2.0 Turbodiesel
4166,865,1.1 Wankel
4167,865,1.3 Wankel
4168,866,1.3 Wankel
4169,867,2.0
4170,867,2.3
4171,867,3.0 V6
4172,868,1.6
4173,868,2.0 V6
4174,869,2.0 V6
4175,869,2.3
4176,869,2.5 V6
4177,870,200
4178,870,230
4179,870,250
4180,870,280
4181,870,C 230
4182,870,C 280
4183,870,CE 230
4184,870,CE 280
4185,870,D 200
4186,870,D 220
4187,870,D 240
4188,870,D 300
4189,870,E 230
4190,870,E 280
4191,870,T 200
4192,870,T 230
4193,870,T 250
4194,870,TD 240
4195,870,TD 300
4196,870,TD Turbo 300
4197,870,TE 230
4198,870,TE 280
4199,871,1.8
4200,871,2.3
4201,871,2.3 16V
4202,871,2.3 E
4203,871,2.5 16V
4204,871,2.5 D
4205,871,2.5 Turbodiesel
4206,871,2.6
4207,871,190
4208,871,D 190
4209,871,E 190
4210,872,A 35 AMG
4211,872,A 35 AMG Mild-Hybrid
4212,872,A 45 AMG
4213,872,A 45 S AMG
4214,872,A 140
4215,872,A 150
4216,872,A 160
4217,872,A 160 CDI
4218,872,A 160 d
4219,872,A 160d
4220,872,A 170
4221,872,A 170 CDI
4222,872,A 180
4223,872,A 180 CDI
4224,872,A 180 d
4225,872,A 180 Mild-Hybrid
4226,872,A 190
4227,872,A 200
4228,872,A 200 CDI
4229,872,A 200 d
4230,872,A 200 Mild-Hybrid
4231,872,A 200 Turbo
4232,872,A 210
4233,872,A 220
4234,872,A 220 CDI
4235,872,A 220 d
4236,872,A 220 Mild-Hybrid
4237,872,A 250
4238,872,A 250 Mild-Hybrid
4239,872,A 250e
4240,873,A 35 AMG
4241,873,A 35 AMG Mild-Hybrid
4242,873,A 160 d
4243,873,A 160d
4244,873,A 180
4245,873,A 180 d
4246,873,A 180 Mild-Hybrid
4247,873,A 200
4248,873,A 200 d
4249,873,A 200 Mild-Hybrid
4250,873,A 220
4251,873,A 220 d
4252,873,A 220 Mild-Hybrid
4253,873,A 250
4254,873,A 250 Mild-Hybrid
4255,873,A 250e
4256,874,AMG GT 43 Mild-Hybrid
4257,874,AMG GT 55
4258,874,AMG GT 63
4259,874,AMG GT 63 Hybrid
4260,874,AMG GT 63 PRO
4261,874,C Coupe
4262,874,C Roadster
4263,874,Coupe
4264,874,GT
4265,874,GT Black Series
4266,874,R Coupe
4267,874,R Roadster
4268,874,Roadster
4269,874,S
4270,874,S Coupe
4271,874,S Roadster
4272,875,AMG GT 43 Mild-Hybrid
4273,875,AMG GT 53 Mild-Hybrid
4274,875,AMG GT 63
4275,876,B 150
4276,876,B 160
4277,876,B 160 CDI
4278,876,B 160 d
4279,876,B 160d
4280,876,B 170
4281,876,B 170 NGT
4282,876,B 180
4283,876,B 180 CDI
4284,876,B 180 d
4285,876,B 180 Mild-Hybrid
4286,876,B 180 NGT
4287,876,B 200
4288,876,B 200 CDI
4289,876,B 200 d
4290,876,B 200 Mild-Hybrid
4291,876,B 200 NGT
4292,876,B 200 Turbo
4293,876,B 220
4294,876,B 220 CDI
4295,876,B 220 d
4296,876,B 220 Mild-Hybrid
4297,876,B 250
4298,876,B 250 Mild-Hybrid
4299,876,B 250e
4300,876,B 250e Electric Drive
4301,877,C300e
4302,877,C400e
4303,877,C 30 CDI AMG
4304,877,C 32 AMG
4305,877,C 36 AMG
4306,877,C 43 AMG
4307,877,C 43 AMG Mild-Hybrid
4308,877,C 55 AMG
4309,877,C 63 AMG
4310,877,C 160
4311,877,C 180
4312,877,C 180 CDI
4313,877,C 180 CGI
4314,877,C 180 d
4315,877,C 180 Kompressor
4316,877,C 180 Mild-Hybrid
4317,877,C 200
4318,877,C 200 CDI
4319,877,C 200 CGI
4320,877,C 200 d
4321,877,C 200 d Mild-Hybrid
4322,877,C 200 Diesel
4323,877,C 200 Kompressor
4324,877,C 200 Mild-Hybrid
4325,877,C 220
4326,877,C 220 CDI
4327,877,C 220 d
4328,877,C 220 d Mild-Hybrid
4329,877,C 220 Diesel
4330,877,C 230
4331,877,C 230 Kompressor
4332,877,C 240
4333,877,C 250
4334,877,C 250 CDI
4335,877,C 250 CGI
4336,877,C 250 d
4337,877,C 250 Diesel
4338,877,C 250 TD
4339,877,C 270 CDI
4340,877,C 280
4341,877,C 300
4342,877,C 300 CDI
4343,877,C 300 d
4344,877,C 300 d Mild-Hybrid
4345,877,C 300 de
4346,877,C 300 Hybrid
4347,877,C 300 Mild-Hybrid
4348,877,C 300e
4349,877,C 320
4350,877,C 320 CDI
4351,877,C 350
4352,877,C 350 CDI
4353,877,C 350 CGI
4354,877,C 350e
4355,877,C 400
4356,877,C 400e
4357,877,C 450
4358,878,C 200 Mild-Hybrid
4359,878,C 220 d Mild-Hybrid
4360,879,108 CDI
4361,879,109 CDI
4362,879,110
4363,879,110 CDI
4364,879,111 CDI
4365,879,112
4366,879,112 CDI
4367,879,113
4368,879,electric drive 90 kW
4369,880,CL 55 AMG
4370,880,CL 63 AMG
4371,880,CL 65 AMG
4372,880,CL 500
4373,880,CL 600
4374,881,CLA 35 AMG
4375,881,CLA 35 AMG Mild-Hybrid
4376,881,CLA 35 AMG Shooting Brake
4377,881,CLA 35 AMG Shooting Brake Mild-Hybrid
4378,881,CLA 45 AMG
4379,881,CLA 45 AMG Shooting Brake
4380,881,CLA 180
4381,881,CLA 180 d
4382,881,CLA 180 d Shooting Brake
4383,881,CLA 180 Mild-Hybrid
4384,881,CLA 180 Shooting Brake
4385,881,CLA 180 Shooting Brake Mild-Hybrid
4386,881,CLA 200
4387,881,CLA 200 d
4388,881,CLA 200 d Shooting Brake
4389,881,CLA 200 Mild-Hybrid
4390,881,CLA 200 Shooting Brake
4391,881,CLA 200 Shooting Brake Mild-Hybrid
4392,881,CLA 220
4393,881,CLA 220 d
4394,881,CLA 220 d Shooting Brake
4395,881,CLA 220 Mild-Hybrid
4396,881,CLA 220 Shooting Brake
4397,881,CLA 250
4398,881,CLA 250 Mild-Hybrid
4399,881,CLA 250 Shooting Brake
4400,881,CLA 250 Shooting Brake Mild-Hybrid
4401,881,CLA 250+
4402,881,CLA 250+ Shooting Brake
4403,881,CLA 250e
4404,881,CLA 250e Shooting Brake
4405,881,CLA 350
4406,881,CLA 350 Shooting Brake
4407,882,CLC 160
4408,882,CLC 180 Kompressor
4409,882,CLC 200 CDI
4410,882,CLC 200 Kompressor
4411,882,CLC 220 CDI
4412,882,CLC 230
4413,882,CLC 250
4414,882,CLC 350
4415,883,CLE 53 AMG
4416,883,CLE 53 AMG Mild-Hybrid
4417,883,CLE 63 AMG
4418,883,CLE 180 Mild-Hybrid
4419,883,CLE 200 Mild-Hybrid
4420,883,CLE 220 d Mild-Hybrid
4421,883,CLE 300 Mild-Hybrid
4422,883,CLE 300e
4423,883,CLE 450 Mild-Hybrid
4424,884,CLK 55 AMG
4425,884,CLK 63 AMG
4426,884,CLK 200
4427,884,CLK 200 CGI
4428,884,CLK 200 Kompressor
4429,884,CLK 220 CDI
4430,884,CLK 230 Kompressor
4431,884,CLK 240
4432,884,CLK 270 CDI
4433,884,CLK 280
4434,884,CLK 320
4435,884,CLK 320 CDI
4436,884,CLK 350
4437,884,CLK 430
4438,884,CLK 500
4439,885,CLS 53 AMG Mild-Hybrid
4440,885,CLS 55 AMG
4441,885,CLS 63 AMG
4442,885,CLS 63 AMG Shooting Brake
4443,885,CLS 220 d
4444,885,CLS 220 d Shooting Brake
4445,885,CLS 250 d
4446,885,CLS 250 d Shooting Brake
4447,885,CLS 280
4448,885,CLS 300 d
4449,885,CLS 300 d Mild-Hybrid
4450,885,CLS 320 CDI
4451,885,CLS 350
4452,885,CLS 350 CGI
4453,885,CLS 350 CGI Shooting Brake
4454,885,CLS 350 d
4455,885,CLS 350 d Shooting Brake
4456,885,CLS 350 Mild-Hybrid
4457,885,CLS 400 CGI
4458,885,CLS 400 CGI Shooting Brake
4459,885,CLS 400 d
4460,885,CLS 450 Mild-Hybrid
4461,885,CLS 500
4462,885,CLS 500 CGI
4463,885,CLS 500 CGI Shooting Brake
4464,886,200
4465,886,200 D
4466,886,200 E
4467,886,200 T
4468,886,200 TD
4469,886,200 TE
4470,886,220 CE
4471,886,220 E
4472,886,220 TE
4473,886,230 TE
4474,886,250 D
4475,886,250 TD
4476,886,250 Turbodiesel
4477,886,280 E
4478,886,280 TE
4479,886,300 CE
4480,886,300 D
4481,886,300 E
4482,886,300 TD
4483,886,300 TD Turbodiesel
4484,886,300 TE
4485,886,300 Turbodiesel
4486,886,320 CE
4487,886,320 E
4488,886,320 TE
4489,886,500 E
4490,886,CE 230
4491,886,CE 300
4492,886,D 200
4493,886,D 250
4494,886,D 250 Turbodiesel
4495,886,D 300
4496,886,D 300 Turbodiesel
4497,886,E 43 AMG
4498,886,E 50 AMG
4499,886,E 53 AMG
4500,886,E 53 AMG Hybrid
4501,886,E 53 AMG Mild-Hybrid
4502,886,E 55 AMG
4503,886,E 63 AMG
4504,886,E 200
4505,886,E 200 CDI
4506,886,E 200 CGI
4507,886,E 200 d
4508,886,E 200 d Mild-Hybrid
4509,886,E 200 Kompressor
4510,886,E 200 Kompressor NGT
4511,886,E 200 Mild-Hybrid
4512,886,E 200 NGT
4513,886,E 220 CDI
4514,886,E 220 d
4515,886,E 220 d Mild-Hybrid
4516,886,E 220 Diesel
4517,886,E 230
4518,886,E 240
4519,886,E 250
4520,886,E 250 CDI
4521,886,E 250 CGI
4522,886,E 250 d
4523,886,E 250 Diesel
4524,886,E 260
4525,886,E 270 CDI
4526,886,E 280
4527,886,E 280 CDI
4528,886,E 290 Turbodiesel
4529,886,E 300
4530,886,E 300 CDI
4531,886,E 300 CGI
4532,886,E 300 d
4533,886,E 300 d Mild-Hybrid
4534,886,E 300 de
4535,886,E 300 Diesel
4536,886,E 300 Hybrid
4537,886,E 300 Mild-Hybrid
4538,886,E 300 Turbodiesel
4539,886,E 300e
4540,886,E 320
4541,886,E 320 CDI
4542,886,E 320 CGI
4543,886,E 350
4544,886,E 350 CDI
4545,886,E 350 CGI
4546,886,E 350 d
4547,886,E 350 d Mild-Hybrid
4548,886,E 350 Mild-Hybrid
4549,886,E 350e
4550,886,E 400
4551,886,E 400 CDI
4552,886,E 400 CGI
4553,886,E 400 d
4554,886,E 400e
4555,886,E 420
4556,886,E 420 CDI
4557,886,E 430
4558,886,E 450
4559,886,E 450 d
4560,886,E 450 d Mild-Hybrid
4561,886,E 450 Mild-Hybrid
4562,886,E 500
4563,886,E 500 CGI
4564,887,E 200 Mild-Hybrid
4565,887,E 220 d All-Terrain
4566,887,E 220 d Mild-Hybrid
4567,887,E 300 de
4568,887,E 400 d
4569,887,E 450 d Mild-Hybrid
4570,887,E 450 Mild-Hybrid
4571,888,250
4572,888,300
4573,888,350
4574,889,250
4575,889,300
4576,889,350
4577,890,electric drive 300 kW
4578,891,43 AMG
4579,891,53 AMG
4580,891,300
4581,891,350
4582,891,350+
4583,891,500
4584,892,350
4585,892,450
4586,892,450+
4587,892,500
4588,892,580
4589,892,680
4590,892,680 Maybach
4591,892,AMG 53
4592,893,200
4593,894,250
4594,894,300
4595,895,electric drive 85 kW
4596,895,electric drive 150 kW
4597,896,500 GE
4598,896,G 55 AMG
4599,896,G 63 AMG
4600,896,G 63 AMG Mild-Hybrid
4601,896,G 65 AMG
4602,896,G 230
4603,896,G 240
4604,896,G 250
4605,896,G 270 CDI
4606,896,G 280
4607,896,G 280 CDI
4608,896,G 290
4609,896,G 300
4610,896,G 300 CDI
4611,896,G 320
4612,896,G 320 CDI
4613,896,G 350
4614,896,G 350 CDI
4615,896,G 350 d
4616,896,G 400 CDI
4617,896,G 400 d
4618,896,G 450 d Mild-Hybrid
4619,896,G 500
4620,896,G 500 Mild-Hybrid
4621,896,G 580
4622,897,GL 63 AMG
4623,897,GL 320 CDI
4624,897,GL 350 CDI
4625,897,GL 400
4626,897,GL 420 CDI
4627,897,GL 450
4628,897,GL 450 CDI
4629,897,GL 500
4630,898,CLA 200 d
4631,898,GLA 35 AMG
4632,898,GLA 35 AMG Mild-Hybrid
4633,898,GLA 45 AMG
4634,898,GLA 180
4635,898,GLA 180 d
4636,898,GLA 180 Mild-Hybrid
4637,898,GLA 200
4638,898,GLA 200 d
4639,898,GLA 200 Mild-Hybrid
4640,898,GLA 220
4641,898,GLA 220 d
4642,898,GLA 220 Mild-Hybrid
4643,898,GLA 250
4644,898,GLA 250 Mild-Hybrid
4645,898,GLA 250e
4646,899,GLB 35 AMG
4647,899,GLB 35 AMG Mild-Hybrid
4648,899,GLB 180
4649,899,GLB 180 d
4650,899,GLB 180 Mild-Hybrid
4651,899,GLB 200
4652,899,GLB 200 d
4653,899,GLB 200 Mild-Hybrid
4654,899,GLB 220 d
4655,899,GLB 220 Mild-Hybrid
4656,899,GLB 250
4657,899,GLB 250 Mild-Hybrid
4658,899,GLB 250+
4659,899,GLB 350
4660,900,GLC 43 AMG
4661,900,GLC 43 AMG Mild-Hybrid
4662,900,GLC 63 AMG
4663,900,GLC 200 d
4664,900,GLC 200 d Mild-Hybrid
4665,900,GLC 200 Mild-Hybrid
4666,900,GLC 220
4667,900,GLC 220 d
4668,900,GLC 220 d Mild-Hybrid
4669,900,GLC 250
4670,900,GLC 250 d
4671,900,GLC 300
4672,900,GLC 300 d
4673,900,GLC 300 d Mild-Hybrid
4674,900,GLC 300 de
4675,900,GLC 300 Mild-Hybrid
4676,900,GLC 300e
4677,900,GLC 350
4678,900,GLC 350 d
4679,900,GLC 350e
4680,900,GLC 400
4681,900,GLC 400 d
4682,900,GLC 400e
4683,900,GLC 450 d Mild-Hybrid
4684,901,GLE 43 AMG
4685,901,GLE 53 AMG Mild-Hybrid
4686,901,GLE 53e AMG
4687,901,GLE 63 AMG
4688,901,GLE 63 AMG Mild-Hybrid
4689,901,GLE 250 d
4690,901,GLE 300 d
4691,901,GLE 300 d Mild-Hybrid
4692,901,GLE 350 d
4693,901,GLE 350 de
4694,901,GLE 350e
4695,901,GLE 400
4696,901,GLE 400 d
4697,901,GLE 400e
4698,901,GLE 450
4699,901,GLE 450 d Mild-Hybrid
4700,901,GLE 450 Mild-Hybrid
4701,901,GLE 500
4702,901,GLE 500e
4703,901,GLE 580 Mild-Hybrid
4704,902,GLK 200
4705,902,GLK 200 CDI
4706,902,GLK 220 CDI
4707,902,GLK 250
4708,902,GLK 250 CDI
4709,902,GLK 280
4710,902,GLK 300
4711,902,GLK 320 CDI
4712,902,GLK 350
4713,902,GLK 350 CDI
4714,903,GLS 63 AMG
4715,903,GLS 63 AMG Mild-Hybrid
4716,903,GLS 350
4717,903,GLS 350 d
4718,903,GLS 350 d Mild-Hybrid
4719,903,GLS 400
4720,903,GLS 400 d
4721,903,GLS 400 Mild-Hybrid
4722,903,GLS 450 d Mild-Hybrid
4723,903,GLS 450 Mild-Hybrid
4724,903,GLS 500
4725,903,GLS 580 Mild-Hybrid
4726,903,GLS 600 Maybach Mild-Hybrid
4727,904,ML 55 AMG
4728,904,ML 63 AMG
4729,904,ML 230
4730,904,ML 250 CDI
4731,904,ML 270 CDI
4732,904,ML 280 CDI
4733,904,ML 300 CDI
4734,904,ML 320
4735,904,ML 320 CDI
4736,904,ML 350
4737,904,ML 350 CDI
4738,904,ML 400
4739,904,ML 400 CDI
4740,904,ML 420 CDI
4741,904,ML 430
4742,904,ML 450 CDI
4743,904,ML 500
4744,905,Basis
4745,905,Kasten
4746,905,Kombi
4747,905,Pritsche
4748,906,R 63 AMG
4749,906,R 280
4750,906,R 280 CDI
4751,906,R 300
4752,906,R 300 CDI
4753,906,R 320 CDI
4754,906,R 350
4755,906,R 350 CDI
4756,906,R 500
4757,907,300 SE
4758,907,300 SEL
4759,907,300/350 SD
4760,907,400 SE
4761,907,500 SE
4762,907,500 SEC
4763,907,600 SE
4764,907,600 SEC
4765,907,Maybach S 580 Mild-Hybrid
4766,907,Maybach S 580e
4767,907,Maybach S 680
4768,907,Maybach S 680 Mild-Hybrid
4769,907,S 55 AMG
4770,907,S 63 AMG
4771,907,S 63e AMG
4772,907,S 65
4773,907,S 65 AMG
4774,907,S 250 CDI
4775,907,S 280
4776,907,S 300
4777,907,S 300 Hybrid
4778,907,S 300 Turbodiesel
4779,907,S 320
4780,907,S 320 CDI
4781,907,S 350
4782,907,S 350 CDI
4783,907,S 350 CGI
4784,907,S 350 d
4785,907,S 350 d Mild-Hybrid
4786,907,S 400
4787,907,S 400 CDI
4788,907,S 400 d
4789,907,S 400 Hybrid
4790,907,S 420
4791,907,S 420 CDI
4792,907,S 430
4793,907,S 450
4794,907,S 450 CDI
4795,907,S 450 d Mild-Hybrid
4796,907,S 450 Mild-Hybrid
4797,907,S 450e
4798,907,S 500
4799,907,S 500 CGI
4800,907,S 500 Maybach
4801,907,S 500 Mild-Hybrid
4802,907,S 500e Plug-in Hybrid
4803,907,S 560
4804,907,S 560 Maybach
4805,907,S 560e
4806,907,S 580 Mild-Hybrid
4807,907,S 580e
4808,907,S 600
4809,907,S 600 Maybach
4810,907,SE 260
4811,907,SE 280
4812,907,SE 300
4813,907,SE 350
4814,907,SE 380
4815,907,SE 420
4816,907,SE 450
4817,907,SE 500
4818,907,SE 560
4819,907,SEC 380
4820,907,SEC 420
4821,907,SEC 500
4822,907,SEC 560
4823,907,SEL 280
4824,907,SEL 300
4825,907,SEL 350
4826,907,SEL 380
4827,907,SEL 420
4828,907,SEL 450
4829,907,SEL 500
4830,907,SEL 560
4831,908,Maybach SL 680
4832,908,SL 43 AMG Mild-Hybrid
4833,908,SL 55 AMG
4834,908,SL 63 AMG
4835,908,SL 65 AMG
4836,908,SL 280
4837,908,SL 300
4838,908,SL 320
4839,908,SL 350
4840,908,SL 380
4841,908,SL 400
4842,908,SL 420
4843,908,SL 450
4844,908,SL 500
4845,908,SL 600
4846,908,SLC 280
4847,908,SLC 350
4848,908,SLC 380
4849,908,SLC 450
4850,908,SLC 500
4851,909,SLC 43 AMG
4852,909,SLC 180
4853,909,SLC 200
4854,909,SLC 200 CGI
4855,909,SLC 250 d
4856,909,SLC 300
4857,910,SLK 32 AMG
4858,910,SLK 55 AMG
4859,910,SLK 200
4860,910,SLK 200 Kompressor
4861,910,SLK 230 Kompressor
4862,910,SLK 250
4863,910,SLK 250 CDI
4864,910,SLK 280
4865,910,SLK 300
4866,910,SLK 320 Kompressor
4867,910,SLK 350
4868,911,Coupe
4869,911,Roadster
4870,911,Stirling Moss
4871,912,Coupe
4872,912,Coupe GT
4873,912,Roadster
4874,912,Roadster GT
4875,913,208 CDI
4876,913,208 D
4877,913,209 CDI
4878,913,210 CDI
4879,913,210 D
4880,913,211 CDI
4881,913,212 D
4882,913,213 CDI
4883,913,214
4884,913,214 CDI
4885,913,215 CDI
4886,913,216
4887,913,216 CDI
4888,913,216 LGT
4889,913,217 CDI
4890,913,218 CDI
4891,913,219 CDI
4892,913,224 CDI
4893,913,224 V6
4894,913,308 CDI
4895,913,308 D
4896,913,309 CDI
4897,913,310 CDI
4898,913,310 D
4899,913,311 CDI
4900,913,312 D
4901,913,313 CDI
4902,913,314
4903,913,314 CDI
4904,913,315 CDI
4905,913,316 CDI
4906,913,316 NGT
4907,913,316 NGT/LGT
4908,913,317 CDI
4909,913,318 CDI
4910,913,319 CDI
4911,913,324 CDI
4912,913,324 V6
4913,913,408 CDI
4914,913,408 D
4915,913,409 CDI
4916,913,410 D
4917,913,411 CDI
4918,913,412 D
4919,913,413 CDI
4920,913,414
4921,913,414 CDI
4922,913,415 CDI
4923,913,416 CDI
4924,913,417 CDI
4925,913,418 CDI
4926,913,419 CDI
4927,913,424 V6
4928,913,509 CDI
4929,913,510 CDI
4930,913,511 CDI
4931,913,513 CDI
4932,913,514 CDI
4933,913,515 CDI
4934,913,516
4935,913,516 CDI
4936,913,516 NGT
4937,913,517 CDI
4938,913,518 CDI
4939,913,519 CDI
4940,913,616 CDI
4941,913,electric drive 100 kW
4942,913,electric drive 150 kW
4943,913,eSprinter 312
4944,913,eSprinter 314
4945,913,eSprinter 320
4946,913,eSprinter 414
4947,913,eSprinter 420
4948,914,200
4949,914,230-4
4950,914,230-6
4951,914,250
4952,914,280
4953,914,D 200
4954,914,D 220
4955,914,D 240
4956,914,E 280
4957,915,207 D / 307 D / 407 D
4958,915,208 / 308
4959,915,208 D / 308 D / 408 D
4960,915,209 D / 309 D / 409 D
4961,915,210 / 310 / 410
4962,915,210 D / 310 D / 410 D
4963,916,T 160
4964,916,T 160 d
4965,916,T 180
4966,916,T 180 d
4967,917,V 200 CDI
4968,917,V 200 d
4969,917,V 220 CDI
4970,917,V 220 d
4971,917,V 230
4972,917,V 230 Turbodiesel
4973,917,V 250 d
4974,917,V 280
4975,917,V 300 d
4976,917,V 300 Mild-Hybrid
4977,918,108 CDI
4978,918,108 D
4979,918,110 CDI
4980,918,110 D
4981,918,112 CDI
4982,918,113
4983,918,114
4984,918,V 160 d
4985,918,V 170 d
4986,918,V 180 d
4987,918,V 200 d
4988,918,V 220 d
4989,918,V 250 d
4990,918,V 300 d
4991,919,1.6
4992,919,1.7 CDI
4993,919,1.9
4994,920,2.1 CDI
4995,920,3.0 CDI
4996,920,3.2 V6
4997,920,3.5 V6
4998,920,3.7 V6
4999,921,108 CDI
5000,921,108 D
5001,921,109 CDI
5002,921,110 CDI
5003,921,110 D
5004,921,111 CDI
5005,921,112 CDI
5006,921,113
5007,921,113 CDI
5008,921,113 D3
5009,921,114
5010,921,114 CDI
5011,921,114 D3
5012,921,115 CDI
5013,921,116 CDI
5014,921,119 CDI
5015,921,119 V6
5016,921,120 CDI
5017,921,122 CDI
5018,921,122 V6
5019,921,123 V6
5020,921,124 CDI
5021,921,124 Mild-Hybrid
5022,921,126 V6
5023,921,E-Cell
5024,921,eVito
5025,922,109 CDI
5026,922,110 CDI
5027,922,111 CDI
5028,922,114 CDI
5029,922,116 CDI
5030,922,119 CDI
5031,922,124 CDI
5032,922,124 Mild-Hybrid
5033,922,eVito
5034,923,X 220 d
5035,923,X 250 d
5036,923,X 350 d
5037,924,1.5 Hybrid+
5038,924,1.5 Turbo
5039,925,electric drive 125 kW
5040,925,electric drive 150 kW
5041,925,electric drive 180 kW
5042,925,electric drive 320 kW
5043,926,electric drive 115 kW
5044,926,electric drive 130 kW
5045,927,electric drive 250 kW
5046,927,electric drive 375 kW
5047,928,1.5 T-GDI Plug-in Hybrid
5048,929,1.5
5049,929,1.5 Hybrid+
5050,929,1.5 T-GDI
5051,929,1.5 T-GDI Plug-in Hybrid
5052,930,electric drive 132 kW
5053,930,electric drive 212 kW
5054,931,electric drive 125 kW
5055,931,electric drive 170 kW
5056,932,1.0 T-GDI
5057,932,1.5 T-GDI Plug-in Hybrid
5058,932,1.5 Turbo
5059,932,1.5 VTi
5060,932,electric drive 105 kW
5061,932,electric drive 115 kW
5062,932,electric drive 130 kW
5063,933,1.4
5064,933,1.6
5065,933,1.8
5066,933,2.0 iDT
5067,934,1.4
5068,934,1.6
5069,934,1.8
5070,934,2.0 iDT
5071,934,2.0 V6
5072,935,1.8
5073,935,2.0 CDT
5074,935,2.0 CDTI
5075,935,2.0 V6
5076,935,2.5 V6
5077,936,1.1
5078,936,1.4
5079,937,1.3
5080,937,1.4
5081,937,1.6
5082,937,1.8
5083,937,2.0
5084,937,2.0 Turbodiesel
5085,938,1.4
5086,938,1.6
5087,938,2.0
5088,938,2.0 Turbodiesel
5089,939,1.8
5090,939,2.0
5091,939,2.0 Turbodiesel
5092,939,2.3
5093,940,2.0
5094,940,2.5
5095,940,2.5 Diesel
5096,940,2.5 V6
5097,940,2.7
5098,941,1.6
5099,941,1.8
5100,942,1.4
5101,942,1.8
5102,943,2.5 V6
5103,944,2.0 CDTI
5104,944,2.5 V6
5105,944,4.6
5106,945,2.0 CDTI
5107,945,2.5 V6
5108,945,4.6
5109,946,1.8
5110,947,1.0
5111,947,1.1
5112,947,1.3
5113,947,1.3 MPI
5114,947,1.3 Spi
5115,948,1.4
5116,948,1.6
5117,948,2.0 iDT
5118,949,electric drive 9 kW
5119,949,electric drive 12.5 kW
5120,950,"electric drive 12,5 kW"
5121,951,0.48
5122,951,Access
5123,951,Cross
5124,951,GT
5125,952,Cooper E
5126,952,Cooper SE
5127,952,electric drive 135 kW
5128,952,John Cooper Works E
5129,953,Cooper
5130,953,Cooper C
5131,953,Cooper D
5132,953,Cooper S
5133,953,Cooper SD
5134,953,Cooper SE
5135,953,John Cooper Works
5136,953,One
5137,954,Cooper
5138,954,Cooper D
5139,954,Cooper S
5140,954,Cooper SD
5141,954,John Cooper Works
5142,954,One
5143,954,One D
5144,955,Cooper
5145,955,Cooper D
5146,955,One
5147,956,1.5 Mild-Hybrid
5148,956,Cooper
5149,956,Cooper C Mild-Hybrid
5150,956,Cooper D
5151,956,Cooper D Mild-Hybrid
5152,956,Cooper E
5153,956,Cooper S
5154,956,Cooper S E Hybrid
5155,956,Cooper S Mild-Hybrid
5156,956,Cooper SD
5157,956,Cooper SE
5158,956,electric drive 150 kW
5159,956,John Cooper Works
5160,956,One
5161,956,One D
5162,957,Cooper
5163,957,Cooper S
5164,957,Cooper SD
5165,957,John Cooper Works
5166,958,Cooper
5167,958,Cooper C
5168,958,Cooper D
5169,958,Cooper E
5170,958,Cooper S
5171,958,Cooper SD
5172,958,Cooper SE
5173,958,John Cooper Works
5174,958,John Cooper Works E
5175,958,One
5176,958,One D
5177,958,One First
5178,959,Cooper
5179,959,Cooper D
5180,959,Cooper S
5181,959,Cooper SD
5182,959,John Cooper Works
5183,960,Cooper
5184,960,Cooper S
5185,960,Cooper SD
5186,960,John Cooper Works
5187,961,3.0 Biturbo
5188,962,1.0 TCE
5189,962,1.2 Turbo
5190,962,1.3 Mild-Hybrid
5191,962,1.3 TCE Mild-Hybrid
5192,962,1.6
5193,962,1.6 DI-D
5194,962,1.6 Hybrid
5195,962,1.6 Plug-in Hybrid
5196,962,1.8 DI-D
5197,962,1.8 Hybrid E-Tech
5198,962,2.0 MIVEC
5199,962,2.2 DI-D
5200,963,1.2
5201,964,1.6
5202,964,1.8
5203,964,1.8 GDI
5204,964,1.9 DI-D
5205,964,1.9 Turbodiesel
5206,964,2.0
5207,965,1.6
5208,965,2.0
5209,966,1.0
5210,966,1.0 TCE
5211,966,1.1
5212,966,1.2
5213,966,1.3
5214,966,1.4
5215,966,1.5
5216,966,1.5 DI-D
5217,966,1.5 Turbo
5218,966,1.6
5219,966,1.6 Hybrid
5220,966,1.6 Turbo
5221,966,1.8
5222,966,1.8 Diesel
5223,967,1.5
5224,967,1.6
5225,967,1.6 Turbo
5226,967,1.8
5227,968,2.0
5228,969,1.5 T-MIVEC
5229,969,2.2 DI-D
5230,969,2.4 Plug-in Hybrid
5231,969,electric drive 160 kW
5232,970,1.5
5233,970,1.6
5234,970,1.8
5235,970,1.8 Turbodiesel
5236,970,2.0
5237,970,2.0 Turbo
5238,970,2.0 Turbodiesel
5239,970,2.0 V6
5240,970,2.3 Turbodiesel
5241,970,2.4
5242,970,2.4 GDI
5243,970,2.5 V6
5244,971,2.5 Turbodiesel
5245,971,3.0 V6
5246,972,1.3 TCE Mild-Hybrid
5247,972,1.8 Hybrid E-Tech
5248,972,2.0 DI-D
5249,972,2.4
5250,973,electric drive 49 kW
5251,974,2.2 DI-D
5252,974,2.4
5253,974,2.4 DI-D
5254,974,2.4 DI-D+
5255,974,2.5 DI-D
5256,974,2.5 Diesel
5257,974,2.5 TD
5258,974,2.5 Turbodiesel
5259,975,1.6
5260,975,1.8
5261,975,2.0
5262,975,2.4
5263,975,2.4 Diesel
5264,975,2.5 Diesel
5265,975,2.5 Turbodiesel
5266,976,2.5 Turbodiesel
5267,977,1.2
5268,977,1.3
5269,977,1.4
5270,977,1.5
5271,977,1.6
5272,977,1.8
5273,977,1.8 DI-D
5274,977,1.8 Diesel
5275,977,1.8 DOHC
5276,977,1.8 SOHC
5277,977,2.0
5278,977,2.0 DI-D
5279,977,2.0 Diesel
5280,977,2.0 Turbo
5281,978,2.0
5282,978,2.0 DI-D
5283,978,2.0 MIVEC
5284,978,2.0 PHEV
5285,978,2.0 Turbo
5286,978,2.2 DI-D
5287,978,2.4
5288,978,2.4 MIVEC
5289,978,2.4 PHEV
5290,978,Top 4WD
5291,979,1.8
5292,979,1.8 GDI
5293,979,2.0 GDI
5294,979,2.3 Turbodiesel
5295,979,2.5 Turbodiesel
5296,979,2.6
5297,979,2.8 Turbodiesel
5298,979,3.0 V6
5299,979,3.2 DI-D
5300,979,3.5 GDI
5301,979,3.5 V6
5302,979,3.8 V6
5303,980,2.0
5304,981,1.5
5305,981,1.6
5306,981,2.0
5307,981,2.4
5308,982,3.0
5309,982,3.0 V6
5310,983,1.8
5311,983,1.8 Turbodiesel
5312,983,2.0
5313,983,2.0 MPI
5314,983,2.0 Turbodiesel
5315,983,2.4
5316,983,2.4 GDI
5317,983,2.5 Turbodiesel
5318,984,1.0
5319,984,1.2
5320,984,1.3
5321,984,1.6
5322,984,1.8 GDI
5323,984,1.8 MPI
5324,984,1.9 DI-D
5325,985,2.0 Turbo
5326,985,2.6 Turbo
5327,986,1.4
5328,986,1.5
5329,986,1.6
5330,986,1.6 Turbo
5331,986,1.8
5332,987,electric drive 360 kW
5333,988,electric drive 480 kW
5334,989,electric drive 480 kW
5335,990,electric drive 360 kW
5336,991,1.6
5337,991,2.0
5338,992,1.8 Turbo
5339,992,2.0 Turbo
5340,993,2.8
5341,994,3.0
5342,994,3.0 V6
5343,995,3.5 V6
5344,996,3.7 V6
5345,997,1.4
5346,997,1.5
5347,997,1.5 dCi
5348,997,1.6
5349,997,1.8
5350,997,2.0
5351,997,2.0 Diesel
5352,997,2.2 dCi
5353,997,2.2 Turbodiesel
5354,998,1.8
5355,998,2.0
5356,998,2.2 dCi
5357,998,2.2 Turbodiesel
5358,999,electric drive 160 kW
5359,999,electric drive 178 kW
5360,999,electric drive 225 kW
5361,999,electric drive 290 kW
5362,999,electric drive 320 kW
5363,1000,1.8
5364,1000,2.0
5365,1000,2.0 Diesel
5366,1000,2.0 Einspritzer
5367,1000,2.0 Vergaser
5368,1001,1.2
5369,1001,1.3
5370,1001,1.5
5371,1001,1.6
5372,1001,1.7 Diesel
5373,1002,1.5 Turbodiesel
5374,1002,1.6
5375,1003,3.8 V6
5376,1004,1.9 dCi
5377,1004,2.0 dCi
5378,1004,2.2 dCi
5379,1004,2.3 dCi
5380,1004,2.5 dCi
5381,1004,3.0 dCi
5382,1004,electric drive 96 kW
5383,1004,electric drive 105 kW
5384,1005,1.0 DIG-T
5385,1005,1.2
5386,1005,1.5 Turbodiesel
5387,1005,1.6
5388,1005,1.6 Hybrid
5389,1005,1.6 Turbo
5390,1006,1.2
5391,1006,1.5 dCi
5392,1006,1.6
5393,1007,2.0
5394,1007,2.4
5395,1007,2.8 Diesel
5396,1008,electric drive 80 kW
5397,1008,electric drive 110 kW
5398,1008,electric drive 160 kW
5399,1009,2.0 V6
5400,1009,3.0 V6
5401,1010,0.9
5402,1010,0.9 Turbo
5403,1010,1.0
5404,1010,1.0 DIG-T
5405,1010,1.0 IG
5406,1010,1.0 IG-T
5407,1010,1.2
5408,1010,1.3
5409,1010,1.4
5410,1010,1.5 dCi
5411,1010,1.5 Diesel
5412,1010,1.6
5413,1010,electric drive 90 kW
5414,1010,electric drive 110 kW
5415,1011,2.5 dCi
5416,1011,3.5 V6
5417,1012,2.3 dCi
5418,1013,2.5 dCi
5419,1013,3.0 V6 dCi
5420,1014,1.2
5421,1014,1.4
5422,1014,1.5 dCi
5423,1014,1.6
5424,1015,2.3 dCi
5425,1015,2.5 Turbodiesel
5426,1016,electric drive 80 kW
5427,1017,1.5 dCi
5428,1017,1.6
5429,1017,e-Evalia
5430,1017,electric drive 80 kW
5431,1018,1.5 dCi
5432,1019,1.6 dCi
5433,1019,2.0 dCi
5434,1020,2.3 dCi
5435,1021,2.5 dCi
5436,1021,3.0 V6 dCi
5437,1021,3.3 V6
5438,1021,3.5 V6
5439,1021,4.0 V6
5440,1022,2.8
5441,1022,2.8 Turbodiesel
5442,1022,3.0 Turbodiesel
5443,1022,3.3 Diesel
5444,1022,3.3 Turbodiesel
5445,1023,2.2
5446,1023,2.3 Diesel
5447,1023,2.4
5448,1023,2.5 Diesel
5449,1023,2.5 Turbodiesel
5450,1024,1.0
5451,1025,1.8
5452,1025,2.0
5453,1025,2.0 Einspritzer
5454,1025,2.4
5455,1026,1.9 dCi
5456,1026,2.0
5457,1026,2.0 dCi
5458,1026,2.5 dCi
5459,1027,1.6
5460,1027,1.8
5461,1027,1.9 Turbodiesel
5462,1027,2.0
5463,1027,2.0 Diesel
5464,1027,2.0 Turbodiesel
5465,1027,2.2 Turbodiesel
5466,1028,1.2
5467,1028,1.5 Turbodiesel
5468,1028,1.6
5469,1028,1.6 Turbo
5470,1029,1.2
5471,1029,1.3 DIG-T
5472,1029,1.3 DIG-T Mild-Hybrid
5473,1029,1.5 dCi
5474,1029,1.5 Turbodiesel
5475,1029,1.5 VC-T e-POWER
5476,1029,1.6
5477,1029,1.6 dCi
5478,1029,1.7 dCi
5479,1029,2.0
5480,1029,2.0 dCi
5481,1030,1.5 dCi
5482,1030,1.5 Turbodiesel
5483,1030,1.6
5484,1030,1.6 dCi
5485,1030,2.0
5486,1030,2.0 dCi
5487,1031,1.6
5488,1031,2.0
5489,1031,2.0 Diesel
5490,1031,2.3 Diesel
5491,1032,1.8
5492,1032,2.0
5493,1033,2.4
5494,1034,1.6
5495,1034,1.8
5496,1035,1.3
5497,1035,1.4
5498,1035,1.5
5499,1035,1.6
5500,1035,1.7 Diesel
5501,1035,1.8
5502,1035,2.0
5503,1035,2.0 Diesel
5504,1035,2.0 Turbo
5505,1036,1.7 Diesel
5506,1037,2.5
5507,1037,2.5 V6
5508,1037,3.5 V6
5509,1038,2.4
5510,1038,2.7 Turbodiesel
5511,1038,3.0 TD
5512,1038,3.0 V6
5513,1039,1.5 dCi
5514,1039,1.6
5515,1039,1.8
5516,1040,1.3 DIG-T
5517,1040,electric drive 90 kW
5518,1041,3.0 Diesel
5519,1042,3.0 Turbodiesel
5520,1043,1.9
5521,1043,2.0
5522,1043,2.0 Diesel
5523,1043,2.2 Diesel
5524,1043,2.3 Diesel
5525,1043,2.4
5526,1043,2.5 Diesel
5527,1044,1.5
5528,1044,1.9 Diesel
5529,1044,2.0 Diesel
5530,1044,2.4
5531,1045,2.3 Diesel
5532,1046,1.3 DIG-T
5533,1046,1.5 VC-T e-POWER
5534,1046,1.5 VC-T Mild-Hybrid
5535,1046,1.6
5536,1046,1.6 dCi
5537,1046,1.7 dCi
5538,1046,2.0
5539,1046,2.0 dCi
5540,1046,2.2 dCi
5541,1046,2.2 Turbodiesel
5542,1046,2.5
5543,1047,1.6 Turbo
5544,1048,1.0 Turbo
5545,1048,1.2
5546,1048,1.4
5547,1048,1.4 LPG
5548,1048,1.4 Turbo
5549,1049,1.0
5550,1049,1.0 LPG
5551,1049,1.2
5552,1049,1.2 LPG
5553,1049,1.3 CDTI
5554,1050,electric drive 111 kW
5555,1051,electric drive 150 kW
5556,1052,2.0 CDTI
5557,1052,2.2 CDTI
5558,1052,2.4
5559,1052,3.2 V6
5560,1053,1.9 Diesel
5561,1053,2.5 Diesel
5562,1054,1.2
5563,1054,1.3
5564,1054,1.6
5565,1054,1.6 Diesel
5566,1054,1.8
5567,1054,1.9
5568,1054,2.0
5569,1054,2.0 Diesel
5570,1055,1.0 Turbo
5571,1055,1.2
5572,1055,1.2 Mild-Hybrid
5573,1055,1.2 Turbo
5574,1055,1.2 Turbo Mild-Hybrid
5575,1055,1.3 CDTI
5576,1055,1.4
5577,1055,1.4 LPG
5578,1055,1.4 SIDI Turbo
5579,1055,1.4 Turbo
5580,1055,1.4 Turbo Benzin / CNG
5581,1055,1.4 Turbo CNG
5582,1055,1.4 Turbo LPG
5583,1055,1.5 CDTI
5584,1055,1.6
5585,1055,1.6 CDTI
5586,1055,1.6 CDTI Biturbo
5587,1055,1.6 CDTI DPF
5588,1055,1.6 LPG
5589,1055,1.6 Plug-in Hybrid
5590,1055,1.6 SIDI Turbo
5591,1055,1.6 Turbo
5592,1055,1.7 CDTI
5593,1055,1.7 Diesel
5594,1055,1.7 DTI
5595,1055,1.7 Turbodiesel
5596,1055,1.8
5597,1055,1.9 CDTI
5598,1055,2.0
5599,1055,2.0 CDTI
5600,1055,2.0 CDTI Biturbo
5601,1055,2.0 DI
5602,1055,2.0 DTI
5603,1055,2.0 Turbo
5604,1055,2.2
5605,1055,2.2 DTI
5606,1055,electric drive 115 kW
5607,1056,1.3 CDTI
5608,1056,1.4
5609,1056,1.4 Turbo
5610,1056,1.6
5611,1056,1.6 CDTI DPF
5612,1056,1.6 SIDI Turbo
5613,1056,1.6 Turbo
5614,1056,1.7 CDTI
5615,1056,1.8
5616,1056,1.9 CDTI
5617,1056,2.0 CDTI
5618,1056,2.0 CDTI Biturbo
5619,1056,2.0 Turbo
5620,1058,2.0
5621,1058,2.0 Turbo
5622,1058,2.5 V6
5623,1059,2.3
5624,1059,2.5 Diesel
5625,1059,2.5 DTI
5626,1059,3.1 Turbodiesel
5627,1060,1.4 Turbo
5628,1060,1.6 SIDI Turbo
5629,1060,2.0 CDTI
5630,1060,2.0 CDTI Biturbo
5631,1061,1.3
5632,1062,1.2 Turbo
5633,1062,1.3 CDTI
5634,1062,1.4
5635,1062,1.4 Turbo
5636,1062,1.4 Turbo Benzin / CNG
5637,1062,1.5 CDTI
5638,1062,1.6
5639,1062,1.6 CDTI
5640,1062,1.6 CDTI DPF
5641,1062,1.7 CDTI
5642,1062,1.7 DI
5643,1062,1.7 Diesel
5644,1062,1.7 DTI
5645,1062,2.0 CDTI
5646,1062,electric drive 100 kW
5647,1063,1.2 Turbo
5648,1063,1.5 CDTI
5649,1063,electric drive 100 kW
5650,1064,2.5
5651,1065,1.0
5652,1065,1.0 Turbo
5653,1065,1.2
5654,1065,1.2 LPG
5655,1065,1.2 Mild-Hybrid
5656,1065,1.2 Turbo
5657,1065,1.2 Turbo Mild-Hybrid
5658,1065,1.3
5659,1065,1.3 CDTI
5660,1065,1.4
5661,1065,1.4 LPG
5662,1065,1.4 Turbo
5663,1065,1.5 CDTI
5664,1065,1.5 Diesel
5665,1065,1.5 Turbodiesel
5666,1065,1.6
5667,1065,1.6 Turbo
5668,1065,1.7 CDTI
5669,1065,1.7 DI
5670,1065,1.7 Diesel
5671,1065,1.7 DTI
5672,1065,1.8
5673,1065,electric drive 100 kW
5674,1065,electric drive 115 kW
5675,1066,1.2
5676,1066,1.2 LPG
5677,1066,1.2 Turbo
5678,1066,1.5 CDTI
5679,1066,1.6 CDTI DPF
5680,1067,1.2 Mild-Hybrid
5681,1067,1.2 Turbo Mild-Hybrid
5682,1067,2.0
5683,1067,2.2
5684,1067,2.2 DTI
5685,1067,2.3 Turbodiesel
5686,1067,2.4
5687,1067,2.5 Turbodiesel
5688,1067,2.8 Turbodiesel
5689,1067,3.2 V6
5690,1067,electric drive 83 kW
5691,1068,1.2 Mild-Hybrid
5692,1068,1.6 Plug-in Hybrid
5693,1068,electric drive 150 kW
5694,1068,electric drive 157 kW
5695,1068,electric drive 170 kW
5696,1068,electric drive 239 kW
5697,1069,1.2 Mild-Hybrid
5698,1069,1.2 Turbo
5699,1069,1.5 CDTI
5700,1069,1.6 CDTI DPF
5701,1069,1.6 Plug-in Hybrid
5702,1069,1.6 Plug-in Hybrid 4
5703,1069,1.6 Turbo
5704,1069,2.0 CDTI
5705,1070,2.0 Turbo
5706,1071,1.4 Turbo
5707,1071,1.4 Turbo LPG
5708,1071,1.5 CDTI
5709,1071,1.6
5710,1071,1.6 CDTI
5711,1071,1.6 CDTI DPF
5712,1071,1.6 SIDI Turbo
5713,1071,1.6 Turbo
5714,1071,1.8
5715,1071,2.0 CDTI
5716,1071,2.0 CDTI Biturbo
5717,1071,2.0 SIDI Turbo
5718,1071,2.0 Turbo
5719,1071,2.0 Turbo E85
5720,1071,2.8 V6 Turbo
5721,1072,1.5 SIDI Turbo
5722,1072,1.6 SIDI Turbo
5723,1072,2.0 CDTI
5724,1072,2.0 CDTI Biturbo
5725,1072,2.0 SIDI Turbo
5726,1073,1.4 Turbo
5727,1073,1.5 CDTI
5728,1073,1.5 SIDI Turbo
5729,1073,1.6 CDTI
5730,1073,1.6 CDTI DPF
5731,1073,1.6 SIDI Turbo
5732,1073,2.0 CDTI
5733,1073,2.0 SIDI Turbo
5734,1073,2.0 Turbo
5735,1074,1.4 Turbo
5736,1074,1.4 Turbo LPG
5737,1074,1.5 SIDI Turbo
5738,1074,1.6
5739,1074,1.6 CDTI DPF
5740,1074,1.6 SIDI Turbo
5741,1074,1.6 Turbo
5742,1074,1.8
5743,1074,2.0 CDTI
5744,1074,2.0 CDTI Biturbo
5745,1074,2.0 SIDI Turbo
5746,1074,2.0 Turbo
5747,1074,2.0 Turbo E85
5748,1074,2.8 V6 Turbo
5749,1075,1.0
5750,1075,1.2
5751,1075,1.3
5752,1075,1.4
5753,1075,1.6
5754,1075,1.6 Diesel
5755,1075,1.7 Diesel
5756,1075,1.8
5757,1075,1.9
5758,1075,2.0
5759,1076,1.0
5760,1076,1.0 LPG
5761,1077,1.2
5762,1077,1.3
5763,1077,1.6
5764,1077,1.8
5765,1077,1.9
5766,1077,2.0
5767,1078,1.3 CDTI
5768,1078,1.4
5769,1078,1.4 LPG
5770,1078,1.4 Turbo
5771,1078,1.4 Turbo LPG
5772,1078,1.6
5773,1078,1.6 CDTI DPF
5774,1078,1.6 Turbo
5775,1078,1.7 CDTI
5776,1078,1.7 DTI
5777,1078,1.8
5778,1079,1.2 Mild-Hybrid
5779,1079,1.2 Turbo
5780,1079,1.4 Turbo
5781,1079,1.4 Turbo LPG
5782,1079,1.6
5783,1079,1.6 CDTI DPF
5784,1079,1.7 CDTI
5785,1079,electric drive 115 kW
5786,1079,electric drive 207 kW
5787,1080,1.2 Turbo
5788,1080,1.4 LPG
5789,1080,1.4 SIDI Turbo
5790,1080,1.4 Turbo
5791,1080,1.4 Turbo LPG
5792,1080,1.5 CDTI
5793,1080,1.6
5794,1080,1.6 CDTI
5795,1080,1.6 CDTI DPF
5796,1080,electric drive 100 kW
5797,1081,3.0 DTI
5798,1081,3.1 Turbodiesel
5799,1081,3.2 V6
5800,1081,3.5 V6
5801,1082,2.0
5802,1082,2.2
5803,1082,2.5
5804,1082,2.8
5805,1082,3.0
5806,1083,1.9 CDTI
5807,1083,1.9 DTI
5808,1083,2.2 Blue-HDi
5809,1083,2.2 CDTI
5810,1083,2.2 DTI
5811,1083,2.3 CDTI
5812,1083,2.3 CDTI Biturbo
5813,1083,2.5 CDTI
5814,1083,2.5 Diesel
5815,1083,2.5 DTI
5816,1083,2.8 DTI
5817,1083,3.0 CDTI
5818,1083,electric drive 100 kW
5819,1083,electric drive 200 kW
5820,1083,electric drive 205 kW
5821,1084,1.8
5822,1084,2.0
5823,1084,2.0 DTI
5824,1084,2.2
5825,1084,2.2 DTI
5826,1084,2.3 Diesel
5827,1084,2.3 Turbodiesel
5828,1084,2.4
5829,1084,2.5 DTI
5830,1084,2.5 Turbodiesel
5831,1084,2.5 V6
5832,1084,2.6
5833,1084,2.6 V6
5834,1084,3.0
5835,1084,3.0 V6
5836,1084,3.2 V6
5837,1085,1.7
5838,1085,1.8
5839,1085,1.9
5840,1085,2.0
5841,1085,2.1 Diesel
5842,1085,2.2
5843,1085,2.3 Diesel
5844,1085,2.3 Turbodiesel
5845,1086,electric drive 6 kW
5846,1087,2.0
5847,1087,2.2
5848,1087,2.3 Diesel
5849,1087,2.3 Turbodiesel
5850,1087,2.5
5851,1087,2.6
5852,1087,2.8
5853,1087,3.0
5854,1088,1.6
5855,1088,1.8
5856,1088,1.9 CDTI
5857,1088,2.0 DTI
5858,1088,2.0 Turbo
5859,1088,2.2
5860,1088,2.2 DTI
5861,1088,2.8 V6 Turbo
5862,1088,3.0 V6 CDTI
5863,1088,3.2 V6
5864,1089,2.2
5865,1089,2.2 DTI
5866,1089,3.0 V6
5867,1090,2.0 Turbo
5868,1090,2.2
5869,1091,1.3 CDTI
5870,1091,1.4
5871,1091,1.6
5872,1091,1.8
5873,1092,1.6
5874,1092,1.7 Diesel
5875,1092,1.7 Turbodiesel
5876,1092,1.8
5877,1092,1.9 CDTI
5878,1092,2.0
5879,1092,2.0 DI
5880,1092,2.0 DTI
5881,1092,2.0 Turbo
5882,1092,2.2
5883,1092,2.2 DTI
5884,1092,2.5 V6
5885,1092,2.6 V6
5886,1092,2.8 V6 Turbo
5887,1092,3.0 V6 CDTI
5888,1092,3.2 V6
5889,1093,1.5 CDTI
5890,1093,1.6 CDTI
5891,1093,1.6 CDTI Biturbo
5892,1093,1.9 CDTI
5893,1093,2.0
5894,1093,2.0 CDTI
5895,1093,2.0 Diesel
5896,1093,2.2 Blue-HDi
5897,1093,2.5 CDTI
5898,1093,2.5 DTI / CDTI
5899,1093,electric drive 100 kW
5900,1093,electric drive 100 kW Hydrogen
5901,1094,1.6
5902,1094,1.6 Turbo
5903,1094,1.7 CDTI
5904,1094,1.8
5905,1094,1.8 LPG
5906,1094,1.9 CDTI
5907,1094,2.0 DI
5908,1094,2.0 DTI
5909,1094,2.0 Turbo
5910,1094,2.2
5911,1094,2.2 DTI
5912,1095,1.5 CDTI
5913,1095,2.0 CDTI
5914,1095,2.0 Diesel
5915,1095,2.2 Blue-HDi
5916,1095,electric drive 100 kW
5917,1096,1.4 Turbo
5918,1096,1.4 Turbo LPG
5919,1096,1.6 CDTI
5920,1096,1.6 CDTI DPF
5921,1096,1.6 SIDI Turbo
5922,1096,1.6 Turbo
5923,1096,1.6 Turbo CNG
5924,1096,1.8
5925,1096,2.0 CDTI
5926,1096,2.0 CDTI Biturbo
5927,1097,electric drive 126 kW
5928,1098,1.0
5929,1098,1.1
5930,1098,1.2
5931,1098,1.4
5932,1099,1.0
5933,1099,1.1
5934,1099,1.3
5935,1099,1.4
5936,1099,1.4 Diesel
5937,1099,1.5 Diesel
5938,1099,1.6
5939,1100,1.0
5940,1100,1.4 HDi
5941,1101,1.0 e-VTi
5942,1101,1.0 VTi
5943,1101,1.2 VTi
5944,1102,1.0
5945,1102,1.1
5946,1102,1.4
5947,1102,1.6
5948,1102,1.8 Diesel
5949,1102,1.8 Turbodiesel
5950,1102,1.9
5951,1102,1.9 Diesel
5952,1102,2.5 Turbodiesel
5953,1103,1.1
5954,1103,1.4
5955,1103,1.4 HDi
5956,1103,1.6
5957,1103,1.6 HDi
5958,1103,1.9 Diesel
5959,1103,2.0
5960,1103,2.0 HDi
5961,1104,1.1
5962,1104,1.4
5963,1104,1.4 HDi
5964,1105,1.4
5965,1105,1.4 HDi
5966,1105,1.4 VTi
5967,1105,1.6
5968,1105,1.6 HDi
5969,1105,1.6 THP
5970,1105,1.6 Turbo
5971,1106,1.0 VTi
5972,1106,1.2
5973,1106,1.2 e-VTi
5974,1106,1.2 Mild-Hybrid
5975,1106,1.2 PureTech
5976,1106,1.2 VTi
5977,1106,1.4 HDi
5978,1106,1.4 VTi
5979,1106,1.5 Blue-HDi
5980,1106,1.6
5981,1106,1.6 Blue-HDi
5982,1106,1.6 e-HDi
5983,1106,1.6 HDi
5984,1106,1.6 THP
5985,1106,electric drive 100 kW
5986,1106,electric drive 115 kW
5987,1107,1.2 VTi
5988,1107,1.6 Blue-HDi
5989,1108,1.3
5990,1108,1.5
5991,1108,1.6
5992,1108,1.6 Diesel
5993,1108,1.9
5994,1108,1.9 Diesel
5995,1108,2.5 Turbodiesel
5996,1109,1.1
5997,1109,1.4
5998,1109,1.6
5999,1109,1.8
6000,1109,1.9 Diesel
6001,1109,1.9 Turbodiesel
6002,1109,2.0
6003,1109,2.0 HDi
6004,1110,1.4
6005,1110,1.4 HDi
6006,1110,1.6
6007,1110,1.6 HDi
6008,1110,2.0
6009,1110,2.0 HDi
6010,1111,1.2 e-THP
6011,1111,1.2 Mild-Hybrid
6012,1111,1.2 PureTech
6013,1111,1.2 VTi
6014,1111,1.4 VTi
6015,1111,1.5 Blue-HDi
6016,1111,1.5 Diesel
6017,1111,1.6
6018,1111,1.6 Blue-HDi
6019,1111,1.6 e-HDi
6020,1111,1.6 GTi
6021,1111,1.6 HDi
6022,1111,1.6 Hybrid
6023,1111,1.6 Plug-in Hybrid
6024,1111,1.6 PureTech
6025,1111,1.6 THP
6026,1111,1.6 Turbo
6027,1111,2.0 Blue-HDi
6028,1111,2.0 HDi
6029,1111,electric drive 115 kW
6030,1112,1.1
6031,1112,1.3
6032,1112,1.4
6033,1112,1.6
6034,1112,1.8 Diesel
6035,1112,1.9
6036,1112,1.9 Diesel
6037,1113,1.4
6038,1113,1.6
6039,1113,1.8
6040,1113,1.8 Diesel
6041,1113,1.8 Turbodiesel
6042,1113,1.9
6043,1113,1.9 Diesel
6044,1113,1.9 Turbodiesel
6045,1113,2.0
6046,1113,2.0 Turbo
6047,1114,1.6
6048,1114,1.8
6049,1114,1.9 Turbodiesel
6050,1114,2.0
6051,1114,2.0 HDi
6052,1114,2.0 HPi
6053,1114,2.0 Turbo
6054,1114,2.1 Turbodiesel
6055,1114,2.2
6056,1114,2.2 HDi
6057,1114,3.0 V6
6058,1115,1.6 HDi
6059,1115,1.8
6060,1115,2.0
6061,1115,2.0 HDi
6062,1115,2.2
6063,1115,2.2 HDi Bi-Turbo
6064,1115,2.7 HDi
6065,1115,2.7 HDi Bi-Turbo
6066,1115,3.0 V6
6067,1115,3.0 V6 HDi
6068,1116,1.2 Mild-Hybrid
6069,1116,1.2 PureTech
6070,1116,1.6
6071,1116,1.6 HDi
6072,1116,1.6 Hybrid
6073,1116,1.6 Turbo
6074,1116,1.6 VTi
6075,1116,electric drive 115 kW
6076,1116,electric drive 157 kW
6077,1117,1.6
6078,1117,1.8
6079,1117,1.9 Diesel
6080,1117,2.0
6081,1117,2.1 Diesel
6082,1117,2.3 Diesel
6083,1117,2.7
6084,1118,1.4
6085,1118,1.8
6086,1118,2.0
6087,1118,2.2
6088,1118,2.2 Turbo
6089,1118,2.3 Diesel
6090,1118,2.3 Turbodiesel
6091,1118,2.5 Diesel
6092,1118,2.5 Turbodiesel
6093,1118,2.8 V6
6094,1119,1.2 PureTech
6095,1119,1.5 Blue-HDi
6096,1119,1.6
6097,1119,1.6 Blue-HDi
6098,1119,1.6 e-HDi
6099,1119,1.6 HDi
6100,1119,1.6 Hybrid
6101,1119,1.6 PureTech
6102,1119,1.6 THP
6103,1119,2.0 Blue-HDi
6104,1119,2.0 HDi
6105,1119,2.0 HDi Hybrid4
6106,1119,2.2 HDi
6107,1120,2.3 Turbodiesel
6108,1120,2.5 Turbodiesel
6109,1120,2.7
6110,1120,2.8
6111,1121,2.0
6112,1121,2.0 Turbo
6113,1121,2.1 Turbodiesel
6114,1121,2.5 Turbodiesel
6115,1121,3.0 V6
6116,1122,2.0 HDi
6117,1122,2.2
6118,1122,2.2 HDi
6119,1122,2.7 HDi
6120,1122,3.0 V6
6121,1123,1.9 Turbodiesel
6122,1123,2.0
6123,1123,2.0 HDi
6124,1123,2.0 Turbo
6125,1123,2.1 Turbodiesel
6126,1124,2.0
6127,1124,2.0 HDi
6128,1124,2.2
6129,1124,2.2 HDi
6130,1124,3.0 V6
6131,1125,1.4
6132,1125,1.4 HDi
6133,1125,1.6
6134,1125,1.6 HDi
6135,1126,1.2
6136,1126,1.2 e-VTi
6137,1126,1.2 Mild-Hybrid
6138,1126,1.2 PureTech
6139,1126,1.2 VTi
6140,1126,1.5 Blue-HDi
6141,1126,1.6
6142,1126,1.6 Blue-HDi
6143,1126,1.6 e-HDi
6144,1126,electric drive 100 kW
6145,1126,electric drive 115 kW
6146,1127,1.2 e-THP
6147,1127,1.2 Mild-Hybrid
6148,1127,1.2 PureTech
6149,1127,1.5 Blue-HDi
6150,1127,1.6
6151,1127,1.6 Blue-HDi
6152,1127,1.6 e-HDi
6153,1127,1.6 HDi
6154,1127,1.6 Hybrid
6155,1127,1.6 Plug-in Hybrid
6156,1127,1.6 PureTech
6157,1127,1.6 THP
6158,1127,1.6 Turbo
6159,1127,2.0 Blue-HDi
6160,1127,2.0 HDi
6161,1127,2.0 HDi Hybrid4
6162,1127,electric drive 157 kW
6163,1127,electric drive 170 kW
6164,1127,electric drive 239 kW
6165,1128,2.2 HDi
6166,1128,2.4
6167,1129,1.6 HDi
6168,1129,1.8 HDi
6169,1130,1.2 e-THP
6170,1130,1.2 Mild-Hybrid
6171,1130,1.2 PureTech
6172,1130,1.5 Blue-HDi
6173,1130,1.6
6174,1130,1.6 Blue-HDi
6175,1130,1.6 e-HDi
6176,1130,1.6 HDi
6177,1130,1.6 Plug-in Hybrid
6178,1130,1.6 PureTech
6179,1130,1.6 THP
6180,1130,2.0 Blue-HDi
6181,1130,2.0 HDi
6182,1130,electric drive 157 kW
6183,1130,electric drive 170 kW
6184,1130,electric drive 239 kW
6185,1131,1.3 HDi
6186,1131,1.4
6187,1131,1.4 HDi
6188,1132,1.9 Diesel
6189,1132,1.9 Turbodiesel
6190,1132,2.0
6191,1132,2.0 Blue-HDi
6192,1132,2.0 HDi
6193,1132,2.2 Blue-HDi
6194,1132,2.2 HDi
6195,1132,2.5 Diesel
6196,1132,2.5 Turbodiesel
6197,1132,2.8 Diesel
6198,1132,2.8 HDi
6199,1132,3.0 HDi
6200,1132,electric drive 100 kW
6201,1132,electric drive 198 kW
6202,1133,1.5 Blue-HDi
6203,1133,1.5 Diesel
6204,1133,1.6
6205,1133,1.6 Blue-HDi
6206,1133,1.6 HDi
6207,1133,1.9 Diesel
6208,1133,1.9 Turbodiesel
6209,1133,2.0
6210,1133,2.0 Blue-HDi
6211,1133,2.0 HDi
6212,1133,2.2 Diesel
6213,1133,electric drive 100 kW
6214,1134,electric drive 35 kW
6215,1135,1.8
6216,1135,1.9 Diesel
6217,1135,1.9 Turbodiesel
6218,1135,2.0
6219,1135,2.0 Diesel
6220,1135,2.5 Diesel
6221,1135,2.5 Turbodiesel
6222,1136,1.1
6223,1136,1.2
6224,1136,1.2 PureTech
6225,1136,1.4
6226,1136,1.5 Blue-HDi
6227,1136,1.5 Diesel
6228,1136,1.6
6229,1136,1.6 Blue-HDi
6230,1136,1.6 e-HDi
6231,1136,1.6 HDi
6232,1136,1.8
6233,1136,1.8 Diesel
6234,1136,1.9 Diesel
6235,1136,2.0 HDi
6236,1136,electric drive 49 kW
6237,1136,electric drive 100 kW
6238,1137,1.6
6239,1137,1.6 THP
6240,1137,2.0 HDi
6241,1138,1.2 PureTech
6242,1138,1.5 Blue-HDi
6243,1138,1.5 Diesel
6244,1138,electric drive 100 kW
6245,1139,1.2
6246,1140,1.5 Blue-HDi
6247,1140,2.0 Blue-HDi
6248,1140,2.2 Diesel
6249,1140,electric drive 100 kW
6250,1141,1.0
6251,1141,1.2 Diesel
6252,1142,Long Range Dual
6253,1142,Long Range Dual Performance
6254,1142,Long Range Single
6255,1142,Standard Range Single
6256,1143,Dual Motor 400 kW
6257,1143,Dual Motor 500 kW
6258,1143,electric drive 220 kW
6259,1143,Long Range Dual
6260,1143,Long Range Dual Performance
6261,1143,Rear Motor 245 kW
6262,1144,Long Range Dual
6263,1144,Long Range Single
6264,1145,Dual Motor 550 kW
6265,1145,electric drive 650 kW
6266,1146,2.3
6267,1146,3.8 V6
6268,1147,2.0
6269,1147,25 Jahre
6270,1147,718 Basis
6271,1147,GTS
6272,1147,S
6273,1147,Spyder
6274,1147,Spyder RS
6275,1147,T
6276,1148,2.0
6277,1148,GT4
6278,1148,GT4 RS
6279,1148,GTS
6280,1148,S
6281,1148,T
6282,1149,964
6283,1149,991
6284,1149,992
6285,1149,993
6286,1149,996
6287,1149,997
6288,1149,G-Modell
6289,1149,S/T
6290,1150,mit Weissach-Paket
6291,1150,Spyder
6292,1151,Basis
6293,1151,S
6294,1151,Turbo
6295,1152,Basis
6296,1152,CS
6297,1152,GT
6298,1152,GTS
6299,1152,S
6300,1152,S4
6301,1153,Coupe
6302,1153,S2 Cabrio
6303,1153,S2 Coupe
6304,1153,S Coupe
6305,1153,Turbo Cabrio
6306,1153,Turbo Coupe
6307,1153,Turbo S Coupe
6308,1154,Cabrio
6309,1154,Coupe
6310,1154,CS Coupe
6311,1155,2.5
6312,1155,2.7
6313,1155,2.9
6314,1155,GTS
6315,1155,RS 60 Spyder
6316,1155,S
6317,1155,S Black Edition
6318,1155,S Jubiläumsmodell
6319,1155,S Porsche Design Edition 2
6320,1155,Spyder
6321,1156,3.0
6322,1156,3.2
6323,1156,3.6
6324,1156,Diesel
6325,1156,E-Hybrid
6326,1156,Electric 325 kW
6327,1156,GTS
6328,1156,S
6329,1156,S Diesel
6330,1156,S E-Hybrid
6331,1156,Turbo
6332,1156,Turbo E-Hybrid
6333,1156,Turbo Electric 850 kW
6334,1156,Turbo GT
6335,1156,Turbo S
6336,1156,Turbo S E-Hybrid
6337,1157,2.7
6338,1157,2.9
6339,1157,GT4
6340,1157,GTS
6341,1157,R
6342,1157,S
6343,1158,2.0
6344,1158,4 Electric
6345,1158,4S
6346,1158,Basis
6347,1158,Electric
6348,1158,GTS
6349,1158,GTS Electric 420 kW
6350,1158,S
6351,1158,S Diesel
6352,1158,Turbo
6353,1158,Turbo Electric
6354,1159,2.9 Turbo
6355,1159,3.0
6356,1159,3.6
6357,1159,4
6358,1159,4 E-Hybrid
6359,1159,4 E-Hybrid Executive
6360,1159,4.8
6361,1159,4S
6362,1159,4S Diesel
6363,1159,4S E-Hybrid
6364,1159,Diesel
6365,1159,E-Hybrid
6366,1159,GTS
6367,1159,S
6368,1159,S E-Hybrid
6369,1159,S Hybrid
6370,1159,Turbo
6371,1159,Turbo E-Hybrid
6372,1159,Turbo S
6373,1159,Turbo S E-Hybrid
6374,1160,3.0
6375,1160,4
6376,1160,4 E-Hybrid
6377,1160,4S
6378,1160,4S Diesel
6379,1160,4S E-Hybrid
6380,1160,E-Hybrid
6381,1160,GTS
6382,1160,Turbo
6383,1160,Turbo S
6384,1160,Turbo S E-Hybrid
6385,1161,4
6386,1161,4S
6387,1161,Basis
6388,1161,GTS
6389,1161,Turbo
6390,1161,Turbo GT
6391,1161,Turbo S
6392,1162,4
6393,1162,4S
6394,1162,Turbo
6395,1162,Turbo S
6396,1163,4S
6397,1163,4S Plus
6398,1163,Basis
6399,1163,Basis Plus
6400,1163,GTS
6401,1163,Turbo
6402,1163,Turbo S
6403,1164,0.9
6404,1164,1.1
6405,1165,electric drive 90 kW
6406,1165,electric drive 110 kW
6407,1166,0.9
6408,1166,1.0
6409,1166,1.1
6410,1166,1.3
6411,1166,1.4
6412,1166,1.6 Diesel
6413,1166,1.8
6414,1167,electric drive 90 kW
6415,1167,electric drive 110 kW
6416,1168,1.8
6417,1168,2.0
6418,1168,2.0 Turbo
6419,1168,2.1 Diesel
6420,1168,2.1 Turbodiesel
6421,1168,2.2
6422,1169,2.0
6423,1169,2.1 Diesel
6424,1169,2.2
6425,1169,2.5
6426,1169,2.7
6427,1169,2.9
6428,1170,2.3 dCi
6429,1170,2.3 dCi Diesel
6430,1171,1.3 TCe
6431,1171,1.3 TCe Mild-Hybrid
6432,1171,1.6 Hybrid E-Tech
6433,1172,1.2 Hybrid E-Tech
6434,1172,1.3 Mild-Hybrid
6435,1172,1.3 TCe Mild-Hybrid
6436,1173,2.0 Turbo
6437,1173,2.2 dCi
6438,1173,3.0 V6
6439,1174,0.9 Energy
6440,1174,0.9 TCe
6441,1174,1.0 TCe
6442,1174,1.0 TCe LPG
6443,1174,1.2 TCe
6444,1174,1.2 TCe Energy
6445,1174,1.3 TCe
6446,1174,1.3 TCe Mild-Hybrid
6447,1174,1.5 BLUE dCi
6448,1174,1.5 dCi
6449,1174,1.5 dCi Energy
6450,1174,1.6 Hybrid E-Tech
6451,1174,1.8 Hybrid E-Tech
6452,1175,0.9
6453,1175,0.9 Energy
6454,1175,0.9 TCe
6455,1175,1.0 SCe
6456,1175,1.0 TCe
6457,1175,1.0 TCe LPG
6458,1175,1.2
6459,1175,1.2 LPG
6460,1175,1.2 TCe
6461,1175,1.2 TCe Energy
6462,1175,1.3 TCe
6463,1175,1.4
6464,1175,1.5 BLUE dCi
6465,1175,1.5 dCi
6466,1175,1.5 dCi Energy
6467,1175,1.6
6468,1175,1.6 Hybrid E-Tech
6469,1175,1.6 TCe
6470,1175,1.6 TCe Energy
6471,1175,1.6 Turbo
6472,1175,1.8
6473,1175,1.8 Hybrid E-Tech
6474,1175,1.9 Diesel
6475,1175,1.9 dTi
6476,1175,2.0
6477,1175,3.0 V6
6478,1176,1.2 Hybrid E-Tech
6479,1176,1.6 dCi
6480,1176,1.6 dCi Energy
6481,1176,1.6 TCe Energy
6482,1176,1.8 TCe
6483,1176,1.8 TCe Energy
6484,1176,1.9 dCi
6485,1176,1.9 dTi
6486,1176,2.0
6487,1176,2.0 BLUE dCi
6488,1176,2.0 dCi
6489,1176,2.0 IDE
6490,1176,2.0 Turbo
6491,1176,2.1 Diesel
6492,1176,2.1 Turbodiesel
6493,1176,2.2
6494,1176,2.2 dCi
6495,1176,2.2 Turbodiesel
6496,1176,2.9
6497,1176,2.9 V6
6498,1176,3.0 dCi
6499,1176,3.0 V6
6500,1176,3.0 V6 dCi
6501,1176,3.5 V6
6502,1177,1.3 TCe
6503,1177,1.5 BLUE dCi
6504,1178,1.5 dCi
6505,1178,1.6
6506,1178,2.0
6507,1178,electric drive 70 kW
6508,1179,1.6
6509,1179,1.7
6510,1179,2.0
6511,1179,2.2
6512,1180,1.9 dCi
6513,1180,2.0
6514,1180,2.0 dCi
6515,1180,2.0 IDE
6516,1180,2.0 Turbo
6517,1180,2.2 dCi
6518,1180,2.2 Turbodiesel
6519,1180,3.0 dCi
6520,1180,3.0 V6
6521,1180,3.0 V6 dCi
6522,1180,3.5 V6
6523,1181,1.2
6524,1181,1.2 TCe
6525,1181,1.5 dCi
6526,1181,1.6
6527,1182,1.2
6528,1182,1.2 TCe Energy
6529,1182,1.3 TCe
6530,1182,1.3 TCe Energy
6531,1182,1.4
6532,1182,1.4 TCe
6533,1182,1.5 dCi
6534,1182,1.5 dCi Energy
6535,1182,1.5 dCi Energy Mild-Hybrid
6536,1182,1.6
6537,1182,1.6 dCi
6538,1182,1.6 dCi Energy
6539,1182,1.6 E85
6540,1182,1.7 BLUE dCi
6541,1182,1.9 dCi
6542,1182,2.0
6543,1182,2.0 dCi
6544,1182,2.0 Turbo
6545,1183,1.2 TCe
6546,1183,1.2 TCe Energy
6547,1183,1.3 TCe
6548,1183,1.5 BLUE dCi
6549,1183,1.5 dCi
6550,1183,1.5 dCi Energy
6551,1183,1.6 dCi
6552,1183,1.6 dCi Energy
6553,1183,1.6 TCe
6554,1183,1.6 TCe Energy
6555,1183,1.7 BLUE dCi
6556,1184,1.2
6557,1184,1.2 TCe
6558,1184,1.2 TCe Energy
6559,1184,1.3 TCe
6560,1184,1.4
6561,1184,1.5 BLUE dCi
6562,1184,1.5 dCi
6563,1184,1.5 dCi Energy
6564,1184,1.6
6565,1184,1.6 LPG
6566,1184,1.9 dCi
6567,1184,1.9 Diesel
6568,1184,1.9 dTi
6569,1184,electric drive 44 kW
6570,1184,electric drive 90 kW
6571,1184,Z.E. 33 Fuel Cell
6572,1185,1.3 TCe
6573,1185,1.6 dCi Energy
6574,1185,1.7 BLUE dCi
6575,1185,2.0 BLUE dCi
6576,1185,2.0 dCi
6577,1185,2.0 dCi Energy
6578,1185,2.5
6579,1186,1.5 dCi
6580,1186,1.6
6581,1186,1.8
6582,1186,1.9 dCi
6583,1186,1.9 dTi
6584,1186,2.0
6585,1186,2.0 dCi
6586,1186,2.0 dCi Energy
6587,1186,2.0 E85
6588,1186,2.0 IDE
6589,1186,2.0 TCe
6590,1186,2.0 Turbo
6591,1186,2.2 dCi
6592,1186,2.2 Diesel
6593,1186,2.2 Turbodiesel
6594,1186,3.0 dCi
6595,1186,3.0 V6
6596,1186,3.5 V6
6597,1187,2.0 dCi
6598,1187,2.0 E85
6599,1187,3.0 dCi
6600,1188,1.5 BLUE dCi
6601,1188,1.9 D
6602,1188,1.9 Diesel
6603,1188,2.0 BLUE dCi
6604,1188,2.0 dCi
6605,1188,2.2
6606,1188,2.2 Diesel
6607,1188,2.3 BLUE dCi
6608,1188,2.3 dCi
6609,1188,2.3 dCi Energy
6610,1188,2.4 Diesel
6611,1188,2.5 dCi
6612,1188,2.5 Diesel
6613,1188,2.5 Turbodiesel
6614,1188,2.8 Diesel
6615,1188,2.8 TDI
6616,1188,3.0 dCi
6617,1188,3.0 Diesel
6618,1188,electric drive 57 kW
6619,1188,electric drive 105 kW
6620,1189,electric drive 96 kW
6621,1189,electric drive 105 kW
6622,1190,2.5 Diesel
6623,1190,2.9 Diesel
6624,1191,1.2
6625,1191,1.2 TCe
6626,1191,1.2 TCe Energy
6627,1191,1.3 TCe
6628,1191,1.4
6629,1191,1.4 TCe
6630,1191,1.5
6631,1191,1.5 BLUE dCi
6632,1191,1.5 dCi
6633,1191,1.5 dCi Energy
6634,1191,1.6
6635,1191,1.6 dCi
6636,1191,1.6 dCi Energy
6637,1191,1.6 E85
6638,1191,1.6 Hybrid E-Tech
6639,1191,1.6 TCe Energy
6640,1191,1.7 BLUE dCi
6641,1191,1.8
6642,1191,1.8 TCe
6643,1191,1.9 dCi
6644,1191,1.9 Diesel
6645,1191,1.9 dTi Diesel
6646,1191,1.9 Turbodiesel
6647,1191,2.0
6648,1191,2.0 dCi
6649,1191,2.0 IDE
6650,1191,2.0 TCe
6651,1191,2.0 Turbo
6652,1192,electric drive 96 kW
6653,1192,electric drive 160 kW
6654,1192,EV60
6655,1193,1.2
6656,1193,1.2 TCe
6657,1193,1.4
6658,1193,1.5 dCi
6659,1193,1.6
6660,1194,1.1
6661,1194,1.2
6662,1194,1.4
6663,1194,1.6 Diesel
6664,1194,1.7
6665,1194,1.8
6666,1195,1.4
6667,1195,1.6
6668,1195,1.7
6669,1195,2.0
6670,1195,2.1 Diesel
6671,1195,2.1 Turbodiesel
6672,1195,2.2
6673,1196,1.4
6674,1196,1.8
6675,1196,1.9 Diesel
6676,1196,1.9 Turbodiesel
6677,1197,2.1 Diesel
6678,1197,2.7
6679,1198,1.2 E-Tech Plug-in Hybrid
6680,1198,1.2 Hybrid E-Tech
6681,1199,1.0
6682,1199,1.1
6683,1199,1.3
6684,1199,1.4
6685,1199,1.6 Diesel
6686,1199,1.9 Diesel
6687,1200,2.0
6688,1201,2.0
6689,1201,2.1 Turbodiesel
6690,1201,2.2
6691,1201,2.2 Turbodiesel
6692,1201,2.5
6693,1201,2.5 Turbodiesel
6694,1201,3.0 V6
6695,1201,3.0 V6 Biturbo
6696,1202,1.2
6697,1202,1.2 TCe Energy
6698,1202,1.3 TCe
6699,1202,1.3 TCe Energy
6700,1202,1.4
6701,1202,1.4 TCe
6702,1202,1.5 dCi
6703,1202,1.5 dCi Energy
6704,1202,1.5 dCi Energy Mild-Hybrid
6705,1202,1.6
6706,1202,1.6 dCi
6707,1202,1.6 dCi Energy
6708,1202,1.6 E85
6709,1202,1.7 BLUE dCi
6710,1202,1.8
6711,1202,1.9 dCi
6712,1202,1.9 dTi
6713,1202,2.0
6714,1202,2.0 dCi
6715,1202,2.0 Turbo
6716,1202,electric drive 125 kW
6717,1202,electric drive 160 kW
6718,1203,1.3 Mild-Hybrid
6719,1203,1.3 TCe Mild-Hybrid
6720,1203,1.6 E-Tech Full Hybrid
6721,1203,1.8 E-Tech Full Hybrid
6722,1203,2.0 BLUE dCi
6723,1204,1.3 TCe
6724,1204,1.5 dCi Energy
6725,1204,1.6 dCi
6726,1204,1.6 dCi Energy
6727,1204,1.6 TCe
6728,1204,1.6 TCe Energy
6729,1204,1.7 BLUE dCi
6730,1204,1.8 TCe
6731,1204,2.0 BLUE dCi
6732,1205,1.4
6733,1205,1.6
6734,1205,1.6 dCi
6735,1205,1.6 dCi Energy
6736,1205,1.7
6737,1205,1.9 Diesel
6738,1205,2.0
6739,1205,2.0 BLUE dCi
6740,1205,2.0 dCi
6741,1205,2.1 Diesel
6742,1205,2.2
6743,1205,2.4 Diesel
6744,1205,2.5 dCi
6745,1205,2.5 Diesel
6746,1205,electric drive 90 kW
6747,1206,0.9 Energy
6748,1206,0.9 TCe
6749,1206,1.0 SCe
6750,1206,1.0 SCe Energy
6751,1206,1.2
6752,1206,1.2 TCe
6753,1206,1.3
6754,1206,1.5 dCi
6755,1206,1.6
6756,1206,electric drive 60 kW
6757,1207,"electric drive 7,6 kW"
6758,1207,"electric drive 12,6 kW"
6759,1208,2.0 dCi
6760,1208,2.0 Turbo
6761,1208,2.2 dCi
6762,1208,3.0 dCi
6763,1208,3.0 V6 dCi
6764,1208,3.5 V6
6765,1209,1.2
6766,1209,1.2 TCe
6767,1209,1.6
6768,1210,electric drive 43 kW
6769,1210,electric drive 51 kW
6770,1210,electric drive 80 kW
6771,1211,6.8 V8
6772,1212,6.7 V12
6773,1213,5.4 V12
6774,1214,1.4
6775,1214,1.6
6776,1214,1.8
6777,1214,2.0 iDT
6778,1215,1.8
6779,1216,1.8
6780,1216,1.9 TiD
6781,1216,1.9 TTiD
6782,1216,2.0
6783,1216,2.2 TiD
6784,1216,2.3
6785,1216,2.3 Turbo
6786,1216,2.8 V6
6787,1216,2.8 V6 Turbo
6788,1217,1.9 TTiD
6789,1217,2.0
6790,1218,1.6
6791,1218,1.9 TiD
6792,1218,2.0
6793,1218,2.0 TiD
6794,1218,2.0 TTiD
6795,1218,2.0 Turbo
6796,1218,2.2 TiD
6797,1218,2.3
6798,1218,2.3 Turbo
6799,1218,2.8 V6
6800,1218,3.0 V6
6801,1218,3.0 V6 TiD
6802,1219,4.2
6803,1219,5.3 V8
6804,1220,2.0
6805,1221,2.0
6806,1222,2.0
6807,1222,2.1
6808,1222,2.3
6809,1222,2.5
6810,1223,2.0
6811,1223,2.3
6812,1223,3.0
6813,1224,1.4 TSI
6814,1224,1.4 TSI ACT
6815,1224,1.8 Turbo
6816,1224,1.9 TDI
6817,1224,2.0
6818,1224,2.0 TDI
6819,1224,2.0 TSI
6820,1224,2.8 V6
6821,1225,1.2 TSI
6822,1225,1.4
6823,1225,1.4 TSI
6824,1225,1.6
6825,1225,1.6 LPG
6826,1225,1.6 TDI
6827,1225,1.8 TSI
6828,1225,1.9 TDI
6829,1225,2.0 FSI
6830,1225,2.0 TDI
6831,1225,2.0 TFSI
6832,1226,1.9 TDI
6833,1227,1.0 TGI
6834,1227,1.0 TSI
6835,1227,1.5 TSI ACT
6836,1227,1.6 TDI
6837,1228,1.0
6838,1228,1.4
6839,1228,1.4 TDI
6840,1228,1.7 SDI
6841,1229,1.0 TSI
6842,1229,1.4 TSI ACT
6843,1229,1.5 TSI ACT
6844,1229,1.6 TDI
6845,1229,2.0 TDI
6846,1229,2.0 TSI
6847,1230,1.2
6848,1230,1.4
6849,1230,1.4 TDI
6850,1230,1.6
6851,1230,1.8
6852,1230,1.8 Turbo
6853,1230,1.9 Diesel
6854,1230,1.9 SDI
6855,1230,1.9 TDI
6856,1230,1.9 Turbodiesel
6857,1230,2.0
6858,1231,1.6
6859,1231,1.8 TSI
6860,1231,1.8 Turbo
6861,1231,2.0 TDI
6862,1231,2.0 TFSI
6863,1232,0.9
6864,1233,0.9
6865,1233,1.0
6866,1233,1.0 MPI
6867,1233,1.0 TGI
6868,1233,1.0 TGI Benzin / CNG
6869,1233,1.0 TSI
6870,1233,1.2
6871,1233,1.2 TDI
6872,1233,1.2 TSI
6873,1233,1.3
6874,1233,1.4
6875,1233,1.4 TDI
6876,1233,1.4 TSI
6877,1233,1.4 TSI ACT
6878,1233,1.5
6879,1233,1.5 TSI ACT
6880,1233,1.6
6881,1233,1.6 LPG
6882,1233,1.6 TDI
6883,1233,1.7
6884,1233,1.7 Diesel
6885,1233,1.8
6886,1233,1.8 TSI
6887,1233,1.8 Turbo
6888,1233,1.9 Diesel
6889,1233,1.9 SDI
6890,1233,1.9 TDI
6891,1233,1.9 Turbodiesel
6892,1233,1.05
6893,1233,2.0
6894,1233,2.0 TDI
6895,1233,Beats
6896,1233,Reference
6897,1234,1.4
6898,1234,1.6
6899,1234,1.9 Diesel
6900,1234,1.9 SDI
6901,1235,1.0 eTSI
6902,1235,1.0 TSI
6903,1235,1.2 TSI
6904,1235,1.4
6905,1235,1.4 TGI
6906,1235,1.4 TSI
6907,1235,1.4 TSI ACT
6908,1235,1.4 TSI e-HYBRID
6909,1235,1.5 e-Hybrid
6910,1235,1.5 eTSI
6911,1235,1.5 eTSI ACT
6912,1235,1.5 TGI
6913,1235,1.5 TSI
6914,1235,1.5 TSI ACT
6915,1235,1.6
6916,1235,1.6 LPG
6917,1235,1.6 TDI
6918,1235,1.8
6919,1235,1.8 TSI
6920,1235,1.8 Turbo
6921,1235,1.9 SDI
6922,1235,1.9 TDI
6923,1235,2.0 FSI
6924,1235,2.0 TDI
6925,1235,2.0 TFSI
6926,1235,2.0 TSI
6927,1235,2.8 V6
6928,1236,1.2
6929,1236,1.5
6930,1236,1.7 Diesel
6931,1237,0.8
6932,1237,0.9
6933,1238,1.0
6934,1238,1.0 EcoFuel
6935,1238,electric drive 61 kW
6936,1239,1.2
6937,1239,1.5
6938,1239,1.6
6939,1239,1.7 Diesel
6940,1240,1.4 TSI e-HYBRID
6941,1240,1.5 TSI ACT
6942,1240,2.0 TDI
6943,1240,2.0 TSI
6944,1241,0.9
6945,1241,1.3 Diesel
6946,1241,1.4 Diesel
6947,1242,1.0 TSI
6948,1242,1.2 TSI
6949,1242,1.4 TDI
6950,1242,1.4 TSI
6951,1242,1.6 TDI
6952,1243,1.0 TSI
6953,1243,1.2
6954,1243,1.2 TSI
6955,1243,1.4 TDI
6956,1243,1.4 TSI
6957,1243,1.6
6958,1243,1.6 TDI
6959,1243,1.8
6960,1243,1.8 TSI
6961,1243,1.8 Turbo
6962,1243,1.9 Diesel
6963,1243,1.9 TDI
6964,1243,1.9 Turbodiesel
6965,1243,2.0
6966,1243,2.0 FSI
6967,1243,2.0 TDI
6968,1243,2.3 VR5
6969,1244,electric drive 120 kW
6970,1245,electric drive 4 kW
6971,1245,electric drive 6 kW
6972,1245,electric drive 7 kW
6973,1245,electric drive 14 kW
6974,1246,1.0
6975,1247,1.2
6976,1248,1.3
6977,1249,1.0 EcoFuel
6978,1249,1.0 MPI
6979,1249,electric drive 61 kW
6980,1250,50
6981,1250,60
6982,1250,85
6983,1250,85x
6984,1250,electric drive 125 kW
6985,1250,electric drive 150 kW
6986,1250,electric drive 210 kW
6987,1250,electric drive 250 kW
6988,1251,60
6989,1251,85
6990,1251,85x
6991,1251,iV 50
6992,1251,iV 60
6993,1251,iV 80
6994,1251,iV 80X
6995,1251,RS
6996,1252,1.0
6997,1252,1.0 MPI
6998,1252,1.0 TSI
6999,1252,1.2
7000,1252,1.2 TDI
7001,1252,1.2 TSI
7002,1252,1.4
7003,1252,1.4 TDI
7004,1252,1.4 TSI
7005,1252,1.5 TSI
7006,1252,1.5 TSI ACT
7007,1252,1.6
7008,1252,1.6 TDI
7009,1252,1.9 SDI
7010,1252,1.9 TDI
7011,1252,2.0
7012,1253,1.3
7013,1254,1.3
7014,1254,1.6
7015,1254,1.9 Diesel
7016,1255,1.3
7017,1256,1.0 TGI
7018,1256,1.0 TSI
7019,1256,1.5 TSI ACT
7020,1256,1.6 TDI
7021,1257,1.0 TSI
7022,1257,1.5 TSI ACT
7023,1257,1.6 TDI
7024,1257,2.0 TDI
7025,1257,2.0 TSI
7026,1258,1.4 TSI
7027,1258,1.4 TSI ACT
7028,1258,1.5 TSI ACT
7029,1258,1.5 TSI iV
7030,1258,1.5 TSI mHEV
7031,1258,2.0 BiTDI
7032,1258,2.0 TDI
7033,1258,2.0 TSI
7034,1259,1.0 TSI
7035,1259,1.0 TSI e-TEC
7036,1259,1.2 TSI
7037,1259,1.4
7038,1259,1.4 TGI
7039,1259,1.4 TSI
7040,1259,1.4 TSI iV
7041,1259,1.5 TGI
7042,1259,1.5 TSI ACT
7043,1259,1.5 TSI ACT e-TEC
7044,1259,1.5 TSI mHEV
7045,1259,1.6
7046,1259,1.6 FSI
7047,1259,1.6 LPG
7048,1259,1.6 TDI
7049,1259,1.8
7050,1259,1.8 TSI
7051,1259,1.8 Turbo
7052,1259,1.9 SDI
7053,1259,1.9 TDI
7054,1259,2.0
7055,1259,2.0 FSI
7056,1259,2.0 TDI
7057,1259,2.0 TFSI
7058,1259,2.0 TSI
7059,1260,1.3
7060,1261,1.0 TSI
7061,1261,1.2 MPI
7062,1261,1.2 TSI
7063,1261,1.4 TDI
7064,1261,1.4 TSI
7065,1261,1.6 TDI
7066,1262,1.0 TSI
7067,1262,1.2 TSI
7068,1262,1.4 TDI
7069,1262,1.4 TSI
7070,1262,1.6 TDI
7071,1263,1.2
7072,1263,1.2 TDI
7073,1263,1.2 TSI
7074,1263,1.4
7075,1263,1.4 TDI
7076,1263,1.6
7077,1263,1.6 TDI
7078,1263,1.9 TDI
7079,1264,1.0 TGI
7080,1264,1.0 TSI
7081,1264,1.5 TSI ACT
7082,1264,1.6 TDI
7083,1265,1.4 Plug-in Hybrid
7084,1265,1.4 TSI
7085,1265,1.4 TSI ACT
7086,1265,1.5 TSI ACT
7087,1265,1.5 TSI iV
7088,1265,1.5 TSI mHEV
7089,1265,1.6 TDI
7090,1265,1.8 TSI
7091,1265,1.8 Turbo
7092,1265,1.9 TDI
7093,1265,2.0
7094,1265,2.0 TDI
7095,1265,2.0 TSI
7096,1265,2.5 V6 TDI
7097,1265,2.8 V6
7098,1265,3.6 V6 FSI
7099,1266,1.2 TSI
7100,1266,1.4 TSI
7101,1266,1.6 TDI
7102,1266,1.8 TSI
7103,1266,2.0 TDI
7104,1267,electric drive 200 kW
7105,1267,electric drive 271 kW
7106,1267,electric drive 315 kW
7107,1268,electric drive 200 kW
7108,1268,electric drive 315 kW
7109,1269,electric drive 250 kW
7110,1269,electric drive 267 kW
7111,1269,electric drive 432 kW
7112,1269,electric drive 475 kW
7113,1271,Crossblade
7114,1272,0.9 Turbo
7115,1272,1.0
7116,1272,1.1
7117,1272,1.3
7118,1272,1.5
7119,1272,1.5 CDI
7120,1272,electric drive 60 kW
7121,1273,0.6 Turbo
7122,1273,0.7 Turbo
7123,1273,0.8 CDI
7124,1273,0.9 Turbo
7125,1273,1.0
7126,1273,1.0 Turbo
7127,1273,electric drive 55 kW
7128,1273,electric drive 60 kW
7129,1274,Coupe
7130,1274,Coupe BRABUS
7131,1274,Roadster
7132,1275,1.5
7133,1275,1.5 LPG
7134,1276,1.5
7135,1276,1.5 LPG
7136,1276,1.5 Plug-in Hybrid
7137,1277,1.5 Turbo
7138,1277,1.5 Turbo LPG
7139,1277,1.6 T-GDI
7140,1277,1.6 T-GDI LPG
7141,1278,1.5
7142,1278,1.5 LPG
7143,1279,1.5 Turbo
7144,1279,1.5 Turbo LPG
7145,1279,1.6 T-GDI
7146,1279,1.6 T-GDI LPG
7147,1280,1.5 Plug-in Hybrid
7148,1281,1.6 T-GDI
7149,1281,1.6 T-GDI LPG
7150,1282,2.0 TD
7151,1282,2.2 TD
7152,1282,2.3
7153,1283,1.5 T-GDI
7154,1283,1.6 TD
7155,1283,2.0
7156,1283,2.0 TD
7157,1283,2.2 TD
7158,1283,2.3
7159,1283,2.9
7160,1283,2.9 Diesel
7161,1283,2.9 Turbodiesel
7162,1283,3.2
7163,1283,electric drive 140 kW
7164,1284,2.0
7165,1284,2.7 Turbodiesel
7166,1285,2.2 Diesel
7167,1285,2.2 e-Xdi
7168,1285,2.2 TD
7169,1285,2.3
7170,1285,2.9
7171,1285,2.9 Turbodiesel
7172,1285,3.2
7173,1286,2.2 e-Xdi
7174,1286,2.2 TD
7175,1287,2.0 TD
7176,1287,2.2 e-Xdi
7177,1287,2.2 TD
7178,1287,2.9 Turbodiesel
7179,1287,3.2
7180,1287,RX 270 Xdi
7181,1287,RX 270 XVT
7182,1288,2.2 TD
7183,1289,2.0 TD
7184,1289,2.2 TD
7185,1289,270 Xdi
7186,1290,1.2 GDI
7187,1290,1.5
7188,1290,1.5 T-GDI
7189,1290,1.6
7190,1290,1.6 TD
7191,1290,1.6 Turbodiesel
7192,1291,1.5 T-GDI
7193,1292,1.5 T-GDI
7194,1292,electric drive 152 kW
7195,1293,1.6
7196,1293,1.6 TD
7197,1293,1.6 Turbodiesel
7198,1294,electric drive 38 kW
7199,1294,electric drive 58 kW
7200,1295,electric drive 38 kW
7201,1296,1.8
7202,1296,1.8 Turbo
7203,1297,2.0
7204,1297,2.4
7205,1298,2.0 Mild-Hybrid
7206,1299,2.0
7207,1299,2.0 Diesel
7208,1299,2.0 Mild-Hybrid
7209,1299,2.0 Turbo
7210,1299,2.5
7211,1299,2.5 Turbo
7212,1300,1.5
7213,1300,1.6
7214,1300,1.8
7215,1300,2.0
7216,1300,2.0 Diesel
7217,1300,2.0 Mild-Hybrid
7218,1300,2.0 Turbo
7219,1300,2.5 Turbo
7220,1301,1.0
7221,1301,1.2
7222,1301,1.3
7223,1301,1.5
7224,1302,1.8
7225,1302,2.0
7226,1302,2.0 Diesel
7227,1302,2.0 Turbo
7228,1302,2.2
7229,1302,2.5
7230,1302,3.0
7231,1302,3.6
7232,1303,1.6
7233,1303,2.0
7234,1304,1.0
7235,1304,1.2
7236,1305,2.0 Diesel
7237,1305,2.5
7238,1306,electric drive 160 kW
7239,1307,3.3
7240,1308,1.3
7241,1308,1.4 Diesel
7242,1309,3.0
7243,1309,3.6
7244,1310,0.65
7245,1311,1.8 Turbo
7246,1312,1.6
7247,1312,2.0
7248,1312,2.0 Diesel
7249,1312,2.0 Mild-Hybrid
7250,1313,2.5 Plug-in Hybrid
7251,1314,0.8
7252,1314,1.0
7253,1314,1.1
7254,1315,1.0 BoosterJet
7255,1315,1.2 DualJet
7256,1315,1.2 DualJet SHVS
7257,1315,1.3
7258,1315,1.6
7259,1315,1.8
7260,1316,1.3
7261,1317,0.8
7262,1318,1.0
7263,1318,1.0 DualJet
7264,1319,1.6
7265,1319,1.9 DDiS
7266,1319,2.0
7267,1319,2.0 Turbodiesel
7268,1319,2.4
7269,1319,2.5 V6
7270,1319,2.7 V6
7271,1319,3.2
7272,1320,1.2 DualJet
7273,1320,1.2 DualJet Mild-Hybrid
7274,1320,1.2 DualJet SHVS
7275,1320,1.3
7276,1320,1.3 DDiS
7277,1320,1.5
7278,1321,1.3
7279,1321,1.5
7280,1321,1.5 DDiS
7281,1322,2.4
7282,1323,1.3
7283,1323,1.4 DDiS
7284,1323,1.6
7285,1324,1.4 BoosterJet Mild-Hybrid
7286,1324,1.4 Mild-Hybrid
7287,1324,1.5 Dualjet Hybrid
7288,1325,1.0
7289,1325,1.3
7290,1325,1.9 Diesel
7291,1325,1.9 Turbodiesel
7292,1326,1.0
7293,1326,1.2
7294,1326,1.3 DDiS
7295,1327,1.0
7296,1328,1.8 Hybrid
7297,1329,1.0
7298,1329,1.0 BoosterJet
7299,1329,1.0 BoosterJet SHVS
7300,1329,1.2
7301,1329,1.2 DualJet
7302,1329,1.2 DualJet Mild-Hybrid
7303,1329,1.3
7304,1329,1.3 DDiS
7305,1329,1.4 BoosterJet
7306,1329,1.4 BoosterJet Mild-Hybrid
7307,1329,1.5
7308,1329,1.6
7309,1330,1.0 BoosterJet
7310,1330,1.4 BoosterJet
7311,1330,1.5
7312,1330,1.6
7313,1330,1.6 DDiS
7314,1330,1.9 DDiS
7315,1330,2.0 DDiS
7316,1331,1.4 BoosterJet Mild-Hybrid
7317,1332,1.0 BoosterJet
7318,1332,1.4
7319,1332,1.4 BoosterJet
7320,1332,1.4 BoosterJet Mild-Hybrid
7321,1332,1.5 Dualjet Hybrid
7322,1332,1.6
7323,1332,1.6 DDiS
7324,1332,2.0
7325,1332,2.0 Turbodiesel
7326,1332,2.0 V6
7327,1332,electric drive 106 kW
7328,1332,electric drive 128 kW
7329,1332,electric drive 135 kW
7330,1333,1.0
7331,1333,1.2
7332,1333,1.3
7333,1333,1.3 DDiS
7334,1334,1.6
7335,1335,1.5
7336,1335,1.5 Eco LPG
7337,1336,1.5
7338,1336,1.5 Eco LPG
7339,1337,1.5
7340,1338,1.5 Hybrid
7341,1339,1.5
7342,1339,2.0
7343,1340,2.2 Turbodiesel
7344,1341,1.4 Diesel
7345,1342,1.4
7346,1342,1.4 Turbodiesel
7347,1343,2.0 Diesel
7348,1343,2.2 Turbodiesel
7349,1343,3.0 TDI
7350,1344,1.3 Diesel
7351,1344,1.3 Td
7352,1344,1.4
7353,1345,2.2 Turbodiesel
7354,1346,Long Range
7355,1346,Long Range Dual
7356,1346,Long Range Dual AWD
7357,1346,Performance Dual
7358,1346,Performance Dual AWD
7359,1346,Standard Range
7360,1346,Standard Range Plus
7361,1346,Standard Range Plus RWD
7362,1347,60
7363,1347,70D
7364,1347,85
7365,1347,85D
7366,1347,90D
7367,1347,Long Range
7368,1347,Max Range
7369,1347,P85
7370,1347,P85D
7371,1347,Performance
7372,1347,Plaid
7373,1347,Plaid+
7374,1347,Standard Range
7375,1348,75D
7376,1348,90D
7377,1348,100D
7378,1348,Long Range
7379,1348,Max Range
7380,1348,P100D
7381,1348,Performance
7382,1348,Plaid
7383,1348,Standard Range
7384,1349,electric drive 378 kW
7385,1349,Long Range Dual AWD
7386,1349,Long Range RWD
7387,1349,Max Range
7388,1349,Max Range Dual AWD
7389,1349,Performance Dual AWD
7390,1349,Standard Range
7391,1350,1.5 T-GDI
7392,1350,1.5 T-GDI LPG
7393,1351,1.5 Turbo
7394,1351,1.5 Turbo LPG
7395,1352,electric drive 160 kW
7396,1352,electric drive 320 kW
7397,1353,electric drive 160 kW
7398,1353,electric drive 320 kW
7399,1354,3.0 Turbodiesel
7400,1354,3.0 V6
7401,1355,1.2 Turbo
7402,1355,1.3
7403,1355,1.4
7404,1355,1.4 Turbodiesel
7405,1355,1.6
7406,1355,1.6 D-4D
7407,1355,1.8 Hybrid
7408,1355,2.0 D-4D
7409,1355,2.2 D-CAT
7410,1356,1.2 Turbo
7411,1356,1.3
7412,1356,1.4 Turbodiesel
7413,1356,1.6
7414,1356,1.6 D-4D
7415,1356,1.8 Hybrid
7416,1356,2.0 D-4D
7417,1357,1.6
7418,1357,1.6 D-4D
7419,1357,1.8
7420,1357,1.8 VVT-i
7421,1357,2.0
7422,1357,2.0 D-4D
7423,1357,2.0 Turbodiesel
7424,1357,2.0 VVT-i
7425,1357,2.2 D-4D
7426,1357,2.4
7427,1358,2.0
7428,1358,2.0 D-4D
7429,1359,1.0
7430,1359,1.0 VVT-i
7431,1359,1.4 Turbodiesel
7432,1360,1.0
7433,1360,1.0 VVT-i
7434,1360,1.5 Hybrid
7435,1361,electric drive 123 kW
7436,1361,electric drive 150 kW
7437,1361,electric drive 160 kW
7438,1361,electric drive 165 kW
7439,1361,electric drive 252 kW
7440,1362,1.2 Turbo
7441,1362,1.8 Hybrid
7442,1362,2.0 Hybrid
7443,1362,2.0 Plug-in Hybrid
7444,1363,1.8
7445,1363,2.0
7446,1363,2.0 Turbodiesel
7447,1363,2.2
7448,1363,2.4
7449,1363,2.5 Hybrid
7450,1363,2.5 V6
7451,1363,3.0 V6
7452,1363,3.5 V6
7453,1364,1.6
7454,1364,1.8
7455,1364,2.0
7456,1364,2.0 Diesel
7457,1364,2.0 Turbodiesel
7458,1365,1.6
7459,1365,1.8
7460,1365,2.0
7461,1365,2.0 Turbo
7462,1365,2.8
7463,1366,1.2 Turbo
7464,1366,1.3
7465,1366,1.4
7466,1366,1.4 D-4D
7467,1366,1.6
7468,1366,1.8
7469,1366,1.8 Diesel
7470,1366,1.8 Hybrid
7471,1366,2.0 D-4D
7472,1366,2.0 Diesel
7473,1366,2.0 Hybrid
7474,1367,1.8 Hybrid
7475,1367,2.0 Hybrid
7476,1368,1.6
7477,1368,1.8
7478,1368,2.0 D-4D
7479,1368,2.2 D-4D
7480,1369,2.5 Turbodiesel
7481,1369,3.0 Turbodiesel
7482,1370,2.4
7483,1371,3.0
7484,1372,2.0
7485,1373,1.8
7486,1373,2.0
7487,1373,2.2 Diesel
7488,1373,2.4
7489,1373,2.4 Diesel
7490,1373,2.4 Turbodiesel
7491,1373,2.5
7492,1373,2.5 Turbodiesel
7493,1373,2.7
7494,1374,2.5 Hybrid
7495,1374,2.7
7496,1374,3.5
7497,1375,1.8
7498,1375,2.4 D-4D
7499,1375,2.4 Diesel
7500,1375,2.4 Turbodiesel
7501,1375,2.5 Turbodiesel
7502,1375,2.8 D-4D
7503,1375,2.8 D-4D Mild-Hybrid
7504,1375,3.0 Turbodiesel
7505,1376,1.0 VVT-i
7506,1376,1.4 D-4D
7507,1376,1.33 Dual VVT-i
7508,1377,2.4
7509,1377,2.4 Diesel
7510,1377,2.4 Turbodiesel
7511,1377,2.8 D-4D
7512,1377,2.8 D-4D Mild-Hybrid
7513,1377,3.0 D-4D
7514,1377,3.0 Diesel
7515,1377,3.0 Turbodiesel
7516,1377,3.4 Diesel
7517,1377,3.4 V6
7518,1377,4.0 Diesel
7519,1377,4.0 Turbodiesel
7520,1377,4.0 V6
7521,1377,4.2 Diesel
7522,1377,4.2 Turbodiesel
7523,1377,4.5
7524,1377,4.5 V8 D-4D
7525,1377,4.7 V8
7526,1378,1.3
7527,1378,1.5
7528,1379,electric drive 113 kW
7529,1379,electric drive 134 kW
7530,1380,1.8
7531,1380,2.0
7532,1381,1.6
7533,1381,1.8
7534,1381,2.0
7535,1382,1.5
7536,1383,2.0
7537,1383,2.2 Turbodiesel
7538,1384,2.0 D-4D
7539,1384,2.4
7540,1385,1.5
7541,1385,1.8
7542,1385,1.8 Plug-in Hybrid
7543,1385,2.0 Plug-in Hybrid
7544,1386,1.8
7545,1387,1.5 D-4D
7546,1387,1.6 D-4D
7547,1387,2.0 D-4D
7548,1387,2.2 D-4D
7549,1387,electric drive 100 kW
7550,1388,1.2 Turbo
7551,1388,1.5 D-4D
7552,1388,electric drive 100 kW
7553,1389,1.2 Turbo
7554,1389,1.5 D-4D
7555,1389,electric drive 100 kW
7556,1390,2.2 Blue-HDi
7557,1390,2.2 D-4D
7558,1390,electric drive 205 kW
7559,1391,1.5 D-4D
7560,1391,1.6 D-4D
7561,1391,2.0 D-4D
7562,1391,2.2 D-4D
7563,1391,electric drive 100 kW
7564,1392,1.8
7565,1392,2.0
7566,1392,2.0 D-4D
7567,1392,2.2 D-4D
7568,1392,2.2 D-CAT
7569,1392,2.2 Turbodiesel
7570,1392,2.5 Hybrid
7571,1392,2.5 Plug-in Hybrid
7572,1393,2.0 Turbo
7573,1393,3.0
7574,1393,3.0 V6
7575,1394,1.4 D-4D
7576,1394,1.33 Dual VVT-i
7577,1394,electric drive 106 kW
7578,1394,electric drive 128 kW
7579,1394,electric drive 135 kW
7580,1395,1.6
7581,1395,1.6 D-4D
7582,1395,1.8
7583,1395,2.0 D-4D
7584,1395,2.2 D-4D
7585,1395,2.2 D-CAT
7586,1396,1.4 D-4D
7587,1396,1.33 Dual VVT-i
7588,1397,1.0
7589,1397,1.0 VVT-i
7590,1397,1.3 VVT-i
7591,1397,1.4 D-4D
7592,1397,1.5 Dual VVT-iE
7593,1397,1.5 Hybrid
7594,1397,1.5 VVT-i
7595,1397,1.6 Turbo
7596,1397,1.8 Dual VVT-iE
7597,1397,1.8 VVT-i
7598,1397,1.33 Dual VVT-i
7599,1398,1.5 Hybrid
7600,1399,1.3 VVT-i
7601,1399,1.4 D-4D
7602,1399,1.5 VVT-i
7603,1400,electric drive 130 kW
7604,1400,electric drive 150 kW
7605,1401,electric drive 260 kW
7606,1401,electric drive 300 kW
7607,1402,2.0 TDI
7608,1402,3.0 TDI
7609,1402,3.0 V6 TDI
7610,1403,1.4 eHybrid
7611,1403,1.5 TSI ACT
7612,1403,2.0 TDI
7613,1403,2.0 TSI
7614,1404,1.4 eHybrid
7615,1404,2.0 TDI
7616,1404,2.0 TSI
7617,1405,1.2 TSI
7618,1405,1.4 TSI
7619,1405,1.6 TDI
7620,1405,2.0 TDI
7621,1405,2.0 TSI
7622,1406,1.4
7623,1406,1.6
7624,1406,1.6 FSI
7625,1406,1.8
7626,1406,1.8 Turbo
7627,1406,1.9 TDI
7628,1406,2.0
7629,1406,2.3 V5
7630,1406,2.8 V6
7631,1407,1.0 TSI
7632,1407,1.2 TSI
7633,1407,1.4
7634,1407,1.4 TGI
7635,1407,1.4 TSI
7636,1407,1.5
7637,1407,1.5 TGI
7638,1407,1.5 TSI
7639,1407,1.5 TSI eHybrid
7640,1407,1.6
7641,1407,1.6 BIFuel
7642,1407,1.6 Diesel
7643,1407,1.6 TDI
7644,1407,1.8
7645,1407,1.9 Diesel
7646,1407,1.9 SDI
7647,1407,1.9 TDI
7648,1407,2.0 EcoFuel
7649,1407,2.0 SDI
7650,1407,2.0 TDI
7651,1408,1.5 TSI
7652,1408,2.0 TDI
7653,1409,1.4 TSI
7654,1409,1.8 TSI
7655,1409,2.0 TDI
7656,1409,2.0 TSI
7657,1409,3.6 V6 FSI
7658,1410,1.8
7659,1410,2.0
7660,1410,2.0 16V
7661,1410,2.9 VR6
7662,1411,2.0 TDI
7663,1411,2.5 TDI DPF
7664,1411,electric drive 100 kW
7665,1412,2.0 TDI
7666,1413,0.9
7667,1413,1.1
7668,1413,1.3
7669,1413,1.05
7670,1414,electric drive 85 kW
7671,1414,electric drive 100 kW
7672,1415,1.4 TSI
7673,1415,1.6 FSI
7674,1415,2.0 FSI
7675,1415,2.0 TDI
7676,1415,2.0 TSI
7677,1415,3.2 V6
7678,1415,3.6 V6
7679,1416,1.2
7680,1416,1.4
7681,1416,1.4 TDI
7682,1417,1.1
7683,1417,1.3
7684,1417,1.5
7685,1417,1.5 / 1.6
7686,1417,1.5 Diesel
7687,1417,1.6
7688,1417,1.6 Diesel
7689,1417,1.6 Turbodiesel
7690,1417,1.8
7691,1418,1.3
7692,1418,1.6
7693,1418,1.6 Diesel
7694,1418,1.6 Turbodiesel
7695,1418,1.8
7696,1419,1.4
7697,1419,1.6
7698,1419,1.8
7699,1419,1.9 Diesel
7700,1419,1.9 SDI
7701,1419,1.9 TDI
7702,1419,1.9 Turbodiesel
7703,1419,2.0
7704,1419,2.8 VR6
7705,1419,2.9 VR6
7706,1420,1.4
7707,1420,1.6
7708,1420,1.6 FSI
7709,1420,1.8
7710,1420,1.8 Turbo
7711,1420,1.9 SDI
7712,1420,1.9 TDI
7713,1420,2.0
7714,1420,2.0 BiFuel
7715,1420,2.3 V5
7716,1420,2.8 V6
7717,1420,3.2 V6
7718,1421,1.4
7719,1421,1.4 FSI
7720,1421,1.4 TSI
7721,1421,1.6
7722,1421,1.6 FSI
7723,1421,1.9 TDI
7724,1421,2.0 FSI
7725,1421,2.0 SDI
7726,1421,2.0 TDI
7727,1421,2.0 TFSI
7728,1421,3.2 V6
7729,1422,1.4
7730,1422,1.4 TSI
7731,1422,1.6
7732,1422,1.6 FSI
7733,1422,1.9 TDI
7734,1422,2.0 FSI
7735,1422,2.0 TDI
7736,1423,1.2 TSI
7737,1423,1.4
7738,1423,1.4 TSI
7739,1423,1.6
7740,1423,1.6 BIFuel
7741,1423,1.6 TDI
7742,1423,1.8 TSI
7743,1423,2.0 TDI
7744,1423,2.0 TSI
7745,1424,1.2 TSI
7746,1424,1.4
7747,1424,1.4 TSI
7748,1424,1.6
7749,1424,1.6 BIFuel
7750,1424,1.6 TDI
7751,1424,2.0 TDI
7752,1425,1.0 TSI
7753,1425,1.2 TSI
7754,1425,1.4 GTE
7755,1425,1.4 TGI
7756,1425,1.4 TSI
7757,1425,1.4 TSI ACT
7758,1425,1.5 TGI
7759,1425,1.5 TSI ACT
7760,1425,1.6 TDI
7761,1425,1.8 TSI
7762,1425,2.0 TDI
7763,1425,2.0 TFSI
7764,1425,2.0 TSI
7765,1426,1.0 TSI
7766,1426,1.2 TSI
7767,1426,1.4 TSI
7768,1426,1.5 TSI ACT
7769,1426,1.6 TDI
7770,1426,2.0 TDI
7771,1427,1.0 eTSI
7772,1427,1.0 TSI
7773,1427,1.4 eHybrid
7774,1427,1.4 GTE
7775,1427,1.5 eTSI
7776,1427,1.5 eTSI ACT
7777,1427,1.5 TGI
7778,1427,1.5 TSI
7779,1427,1.5 TSI ACT
7780,1427,1.5 TSI eHybrid
7781,1427,2.0 TDI
7782,1427,2.0 TSI
7783,1428,electric drive 107 kW
7784,1428,electric drive 110 kW
7785,1428,electric drive 125 kW
7786,1428,electric drive 150 kW
7787,1428,electric drive 170 kW
7788,1428,electric drive 210 kW
7789,1428,electric drive 240 kW
7790,1429,electric drive 109 kW
7791,1429,electric drive 125 kW
7792,1429,electric drive 150 kW
7793,1429,electric drive 195 kW
7794,1429,electric drive 210 kW
7795,1429,electric drive 220 kW
7796,1429,electric drive 250 kW
7797,1430,electric drive 125 kW
7798,1430,electric drive 128 kW
7799,1430,electric drive 150 kW
7800,1430,electric drive 210 kW
7801,1430,electric drive 220 kW
7802,1430,electric drive 250 kW
7803,1431,electric drive 210 kW
7804,1431,electric drive 250 kW
7805,1432,electric drive 210 kW
7806,1432,electric drive 250 kW
7807,1433,electric drive 125 kW
7808,1433,electric drive 150 kW
7809,1433,electric drive 210 kW
7810,1433,electric drive 250 kW
7811,1434,1.1
7812,1434,1.2 TSI
7813,1434,1.3
7814,1434,1.4 TSI
7815,1434,1.4 TSI Hybrid
7816,1434,1.5
7817,1434,1.6
7818,1434,1.6 Diesel
7819,1434,1.6 FSI
7820,1434,1.6 TDI
7821,1434,1.6 Turbodiesel
7822,1434,1.8
7823,1434,1.9 TDI
7824,1434,2.0 FSI
7825,1434,2.0 TDI
7826,1434,2.0 TSI
7827,1435,1.2
7828,1435,1.3
7829,1435,1.6
7830,1436,1.6
7831,1437,2.0
7832,1437,2.3
7833,1437,2.4
7834,1437,2.4 Diesel
7835,1437,2.4 Turbodiesel
7836,1437,2.5 Diesel
7837,1437,2.5 TDI
7838,1437,2.8 TDI
7839,1438,1.0
7840,1438,1.2 TDI
7841,1438,1.4
7842,1438,1.4 FSI
7843,1438,1.4 TDI
7844,1438,1.6
7845,1438,1.7 SDI
7846,1439,1.4
7847,1439,1.6
7848,1439,1.8 Turbo
7849,1439,1.9 TDI
7850,1439,2.0
7851,1439,2.3 V5
7852,1440,1.3
7853,1440,1.4 GTE
7854,1440,1.4 TSI
7855,1440,1.4 TSI ACT
7856,1440,1.4 TSI EcoFuel
7857,1440,1.5 Diesel
7858,1440,1.5 eTSI
7859,1440,1.5 TSI ACT
7860,1440,1.5 TSI eHybrid
7861,1440,1.6
7862,1440,1.6 Diesel
7863,1440,1.6 FSI
7864,1440,1.6 TDI
7865,1440,1.6 Turbodiesel
7866,1440,1.8
7867,1440,1.8 TSI
7868,1440,1.8 Turbo
7869,1440,1.9
7870,1440,1.9 Diesel
7871,1440,1.9 TDI
7872,1440,1.9 Turbodiesel
7873,1440,2.0
7874,1440,2.0 FSI
7875,1440,2.0 TDI
7876,1440,2.0 TFSI / TSI
7877,1440,2.0 TSI
7878,1440,2.2
7879,1440,2.3 V5
7880,1440,2.5 V6 TDI
7881,1440,2.8 V6
7882,1440,2.8 VR6
7883,1440,2.9 VR6
7884,1440,3.2 V6 FSI
7885,1440,3.6 V6 FSI
7886,1440,4.0 W8
7887,1441,2.0 TDI
7888,1441,2.0 TSI
7889,1442,1.8 TSI
7890,1442,2.0 TDI
7891,1442,2.0 TSI
7892,1442,3.6 V6 FSI
7893,1443,3.0 V6 TDI
7894,1443,3.2 V6
7895,1443,3.6 V6 FSI
7896,1443,4.2 V8
7897,1443,5.0 V10 TDI
7898,1443,6.0 W12
7899,1444,0.9
7900,1444,1.0
7901,1444,1.0 TGI
7902,1444,1.0 TSI
7903,1444,1.1
7904,1444,1.2
7905,1444,1.2 TDI
7906,1444,1.2 TSI
7907,1444,1.3
7908,1444,1.3 Diesel
7909,1444,1.4
7910,1444,1.4 BiFuel
7911,1444,1.4 Diesel
7912,1444,1.4 FSI
7913,1444,1.4 TDI
7914,1444,1.4 TSI
7915,1444,1.4 TSI ACT
7916,1444,1.5 TSI ACT
7917,1444,1.6
7918,1444,1.6 BIFuel
7919,1444,1.6 TDI
7920,1444,1.7 SDI
7921,1444,1.8 TSI
7922,1444,1.8 Turbo
7923,1444,1.9 Diesel
7924,1444,1.9 SDI
7925,1444,1.9 TDI
7926,1444,1.05
7927,1444,2.0 TSI
7928,1445,1.3
7929,1445,1.6
7930,1445,1.6 Diesel
7931,1445,1.6 Turbodiesel
7932,1445,1.8
7933,1445,1.9
7934,1445,2.0
7935,1446,1.1
7936,1446,1.3
7937,1446,1.4 TSI
7938,1446,1.5
7939,1446,1.6
7940,1446,1.8
7941,1446,2.0 TDI
7942,1446,2.0 TSI
7943,1447,1.4 TSI
7944,1447,1.8 Turbo
7945,1447,1.9 TDI
7946,1447,2.0
7947,1447,2.0 LPG
7948,1447,2.0 TDI
7949,1447,2.0 TSI
7950,1447,2.8 V6
7951,1447,2.8 VR6
7952,1448,1.6
7953,1448,1.6 Diesel
7954,1448,1.6 Turbodiesel
7955,1448,1.7 Diesel
7956,1448,1.9
7957,1448,2.0
7958,1448,2.1
7959,1449,1.9 Diesel
7960,1449,1.9 Turbodiesel
7961,1449,2.0
7962,1449,2.4 Diesel
7963,1449,2.4 SD
7964,1449,2.5
7965,1449,2.5 TDI
7966,1449,2.8 VR6
7967,1450,1.9 Diesel
7968,1450,1.9 Turbodiesel
7969,1450,2.0
7970,1450,2.4 Diesel
7971,1450,2.4 SD
7972,1450,2.5
7973,1450,2.5 TDI
7974,1450,2.8 VR6
7975,1451,1.9 Diesel
7976,1451,1.9 Turbodiesel
7977,1451,2.0
7978,1451,2.4 Diesel
7979,1451,2.4 SD
7980,1451,2.5
7981,1451,2.5 TDI
7982,1452,1.9 Diesel
7983,1452,1.9 Turbodiesel
7984,1452,2.0
7985,1452,2.4 Diesel
7986,1452,2.4 SD
7987,1452,2.5
7988,1452,2.5 TDI
7989,1452,2.8 VR6
7990,1453,1.9 Diesel
7991,1453,1.9 Turbodiesel
7992,1453,2.0
7993,1453,2.4 Diesel
7994,1453,2.4 SD
7995,1453,2.5
7996,1453,2.5 TDI
7997,1454,1.9 TDI
7998,1454,2.0
7999,1454,2.0 TDI
8000,1454,2.0 TSI
8001,1454,2.5 TDI
8002,1455,1.9 TDI
8003,1455,2.0
8004,1455,2.0 TDI
8005,1455,2.0 TSI
8006,1455,2.5 TDI
8007,1455,3.2
8008,1456,1.9 TDI
8009,1456,2.0
8010,1456,2.0 TDI
8011,1456,2.0 TSI
8012,1456,2.5 TDI
8013,1456,3.2
8014,1457,1.9 TDI
8015,1457,2.0
8016,1457,2.0 TDI
8017,1457,2.0 TSI
8018,1457,2.5 TDI
8019,1457,3.2
8020,1458,1.9 TDI
8021,1458,2.0
8022,1458,2.5 TDI
8023,1458,3.2
8024,1459,1.9 TDI
8025,1459,2.0
8026,1459,2.0 TDI
8027,1459,2.0 TSI
8028,1459,2.5 TDI
8029,1459,3.2
8030,1460,2.0 TDI
8031,1460,2.0 TSI
8032,1461,2.0 TDI
8033,1461,2.0 TSI
8034,1462,2.0 TDI
8035,1462,2.0 TSI
8036,1463,2.0 TDI
8037,1463,2.0 TSI
8038,1464,2.0 TDI
8039,1464,2.0 TSI
8040,1465,1.5 TSI eHybrid
8041,1465,2.0 TDI
8042,1465,2.0 TSI
8043,1466,2.0 TDI
8044,1466,electric drive 100 kW
8045,1466,electric drive 160 kW
8046,1466,electric drive 210 kW
8047,1467,2.0 TDI
8048,1467,2.5 TSI eHybrid
8049,1468,1.4 TSI eHybrid
8050,1468,1.5 TSI
8051,1468,1.5 TSI eHybrid
8052,1468,2.0 TDI
8053,1468,2.0 TSI
8054,1469,2.0 TDI
8055,1469,2.5 TSI eHybrid
8056,1469,electric drive 85 kW
8057,1469,electric drive 100 kW
8058,1469,electric drive 160 kW
8059,1469,electric drive 210 kW
8060,1470,1.0 TSI
8061,1470,1.5 TSI ACT
8062,1470,1.6 TDI
8063,1471,1.0 TSI
8064,1471,1.5 eTSI
8065,1471,1.5 TSI ACT
8066,1471,1.6 TDI
8067,1471,2.0 TDI
8068,1471,2.0 TSI
8069,1472,1.0 TSI
8070,1472,1.5 TSI ACT
8071,1473,2.4 Diesel
8072,1474,1.5 eTSI
8073,1474,1.5 TSI eHybrid
8074,1474,2.0 TDI
8075,1474,2.0 TSI
8076,1475,1.4 eHybrid
8077,1475,1.4 TSI
8078,1475,1.4 TSI ACT
8079,1475,1.5 eTSI
8080,1475,1.5 eTSI ACT
8081,1475,1.5 TSI ACT
8082,1475,1.5 TSI eHybrid
8083,1475,1.6 TDI
8084,1475,2.0 TDI
8085,1475,2.0 TSI
8086,1476,1.4 TSI ACT
8087,1476,1.5 TSI ACT
8088,1476,2.0 TDI
8089,1476,2.0 TSI
8090,1477,2.5 TDI
8091,1477,3.0 eHybrid
8092,1477,3.0 TSI
8093,1477,3.0 TSI eHybrid
8094,1477,3.0 V6 TDI
8095,1477,3.0 V6 TSI Plug-in Hybrid
8096,1477,3.2 V6
8097,1477,3.6 V6 FSI
8098,1477,4.0 TDI
8099,1477,4.2 V8
8100,1477,4.2 V8 FSI
8101,1477,4.2 V8 TDI
8102,1477,5.0 V10 TDI
8103,1477,6.0 W12
8104,1478,1.0 TSI
8105,1478,1.2 TSI
8106,1478,1.4 TGI EcoFuel
8107,1478,1.4 TSI
8108,1478,1.4 TSI EcoFuel
8109,1478,1.5 TSI ACT
8110,1478,1.6
8111,1478,1.6 FSI
8112,1478,1.6 TDI
8113,1478,1.8 TSI
8114,1478,1.9 TDI
8115,1478,2.0 EcoFuel
8116,1478,2.0 FSI
8117,1478,2.0 TDI
8118,1479,1.0
8119,1479,1.0 EcoFuel
8120,1479,1.0 TSI
8121,1479,electric drive 60 kW
8122,1479,electric drive 61 kW
8123,1480,1.4
8124,1480,1.6
8125,1480,1.8
8126,1480,1.9 Diesel
8127,1480,1.9 SDI
8128,1480,1.9 TDI
8129,1480,1.9 Turbodiesel
8130,1480,2.0
8131,1480,2.8 VR6
8132,1481,1.6
8133,1481,1.6 D
8134,1481,1.6 D2
8135,1481,1.6 DRIVe
8136,1481,1.8
8137,1481,1.8 F
8138,1481,2.0
8139,1481,2.0 D
8140,1481,2.0 D3
8141,1481,2.0 D4
8142,1481,2.0 F
8143,1481,2.4
8144,1481,2.4 D5
8145,1481,2.5 T5
8146,1482,Recharge 170 kW
8147,1482,Recharge 175 kW
8148,1482,Recharge 185 kW
8149,1482,Recharge Twin Pure 300 kW
8150,1483,2.0 D
8151,1483,2.0 D3
8152,1483,2.0 D4
8153,1483,2.0 T
8154,1483,2.3 T5
8155,1483,2.4
8156,1483,2.4 D5
8157,1483,2.4 T
8158,1483,2.5
8159,1483,2.5 T5
8160,1484,Single Motor 175 kW
8161,1484,Single Motor Extended Range 185 kW
8162,1484,Twin Motor 300 kW
8163,1484,Twin Motor Performance 325 kW
8164,1485,Single Motor Extended Range 245 kW
8165,1485,Twin Motor 330 kW
8166,1485,Twin Motor 335 kW
8167,1485,Twin Motor Performance 500 kW
8168,1486,electric drive 200 kW
8169,1486,Single Motor
8170,1486,Single Motor Extended Range
8171,1486,Twin Motor
8172,1487,Single Motor 175 kW
8173,1487,Single Motor Extended Range 185 kW
8174,1487,Twin Motor 300 kW
8175,1487,Twin Motor Performance 325 kW
8176,1488,electric drive 300 kW
8177,1488,Single Motor
8178,1488,Single Motor 205 kW
8179,1488,Single Motor 245 kW
8180,1488,Twin Motor
8181,1488,Twin Motor 300 kW
8182,1488,Twin Motor 335 kW
8183,1488,Twin Performance 380 kW
8184,1489,1.6
8185,1489,1.6 D
8186,1489,1.6 D2
8187,1489,1.6 DRIVe
8188,1489,1.8
8189,1489,1.8 F
8190,1489,1.9 D
8191,1489,1.9 T4
8192,1489,1.9 TD
8193,1489,2.0
8194,1489,2.0 D
8195,1489,2.0 D3
8196,1489,2.0 D4
8197,1489,2.0 F
8198,1489,2.0 T
8199,1489,2.0 T4
8200,1489,2.4
8201,1489,2.4 D5
8202,1489,2.5 T5
8203,1490,1.5
8204,1490,1.6 D2
8205,1490,1.6 T3
8206,1490,1.6 T4
8207,1490,1.6 T4 F
8208,1490,2.0 B4 Mild-Hybrid
8209,1490,2.0 B5 Mild-Hybrid
8210,1490,2.0 D2
8211,1490,2.0 D3
8212,1490,2.0 D4
8213,1490,2.0 D5
8214,1490,2.0 T
8215,1490,2.0 T3
8216,1490,2.0 T4
8217,1490,2.0 T5
8218,1490,2.0 T6
8219,1490,2.0 T8 Plug-in Hybrid
8220,1490,2.0 T8 Recharge Plug-in Hybrid
8221,1490,2.0 T8 Twin Engine Recharge Plug-in Hybrid
8222,1490,2.0 T Polestar
8223,1490,2.3 T5
8224,1490,2.4
8225,1490,2.4 D
8226,1490,2.4 D4
8227,1490,2.4 D5
8228,1490,2.4 T
8229,1490,2.4 T5
8230,1490,2.5 T
8231,1490,2.5 Turbo R
8232,1490,3.0 T6
8233,1491,2.0 D3
8234,1491,2.0 D4
8235,1491,2.0 T5
8236,1491,2.4 D4
8237,1492,2.0
8238,1492,2.3 R
8239,1492,2.3 T5
8240,1492,2.4
8241,1492,2.4 R
8242,1492,2.4 T
8243,1492,2.5
8244,1492,2.5 TDI
8245,1493,1.6 D2
8246,1493,1.6 DRIVe
8247,1493,1.6 T4
8248,1493,1.6 T4F
8249,1493,1.6 TF
8250,1493,2.0
8251,1493,2.0 D
8252,1493,2.0 D3
8253,1493,2.0 D4
8254,1493,2.0 F
8255,1493,2.0 T
8256,1493,2.0 T5
8257,1493,2.4
8258,1493,2.4 D
8259,1493,2.4 D5
8260,1493,2.4 T
8261,1493,2.5 D
8262,1493,2.5 T
8263,1493,2.5 TF
8264,1493,2.8 T6
8265,1493,2.9
8266,1493,2.9 T6
8267,1493,3.0
8268,1493,3.0 T6
8269,1493,3.2
8270,1493,4.4 V8
8271,1494,2.0 B5 Diesel Mild-Hybrid
8272,1494,2.0 B5 Mild-Hybrid
8273,1494,2.0 B6 Mild-Hybrid
8274,1494,2.0 D3
8275,1494,2.0 D4
8276,1494,2.0 D5
8277,1494,2.0 T4
8278,1494,2.0 T5
8279,1494,2.0 T6
8280,1494,2.0 T6 WIN ENGINE
8281,1494,2.0 T8 Plug-in Hybrid
8282,1494,2.0 T8 Recharge Plug-in Hybrid
8283,1494,2.0 T8 Twin Engine Recharge Plug-in Hybrid
8284,1494,3.0
8285,1495,1.1
8286,1495,1.3
8287,1496,2.0
8288,1496,2.1
8289,1496,2.3
8290,1496,2.4 Diesel
8291,1497,2.7
8292,1497,2.8
8293,1498,1.4
8294,1498,1.6 Diesel
8295,1498,1.7
8296,1498,1.9
8297,1499,1.9
8298,1499,2.0
8299,1500,1.6
8300,1500,1.7
8301,1500,1.7 Turbo
8302,1500,1.8
8303,1500,1.9 Turbodiesel
8304,1500,2.0
8305,1501,1.6
8306,1501,1.7
8307,1501,1.7 Turbo
8308,1501,1.8
8309,1501,1.9 Turbodiesel
8310,1501,2.0
8311,1502,1.7
8312,1502,1.7 Turbo
8313,1502,2.0
8314,1503,2.0
8315,1503,2.3
8316,1503,2.3 T
8317,1503,2.4 Diesel
8318,1503,2.4 Turbodiesel
8319,1504,2.3 T
8320,1504,2.4
8321,1504,2.4 Turbodiesel
8322,1504,2.8
8323,1505,2.0
8324,1505,2.3 R
8325,1505,2.3 T5
8326,1505,2.5
8327,1505,2.5 TDI
8328,1505,2.5 Turbo
8329,1506,2.0
8330,1506,2.3
8331,1506,2.3 Turbo
8332,1506,2.4 Turbodiesel
8333,1507,2.5
8334,1507,3.0
8335,1508,1.5
8336,1508,1.6
8337,1508,1.6 D2
8338,1508,1.6 T2
8339,1508,1.6 T3
8340,1508,1.6 T4
8341,1508,1.8
8342,1508,1.9 D
8343,1508,1.9 T4
8344,1508,1.9 TD
8345,1508,2.0
8346,1508,2.0 D2
8347,1508,2.0 D3
8348,1508,2.0 D4
8349,1508,2.0 T
8350,1508,2.0 T2
8351,1508,2.0 T3
8352,1508,2.0 T4
8353,1508,2.0 T5
8354,1508,2.5
8355,1509,1.5
8356,1509,1.6 D2
8357,1509,1.6 T4
8358,1509,2.0 D2
8359,1509,2.0 D3
8360,1509,2.0 D4
8361,1509,2.0 T3
8362,1509,2.0 T4
8363,1509,2.0 T5
8364,1509,2.5
8365,1510,1.6
8366,1510,1.6 D
8367,1510,1.6 D2
8368,1510,1.6 DRIVe
8369,1510,1.8
8370,1510,1.8 F
8371,1510,2.0
8372,1510,2.0 D
8373,1510,2.0 D3
8374,1510,2.0 D4
8375,1510,2.0 F
8376,1510,2.4
8377,1510,2.4 D5
8378,1510,2.5 T5
8379,1511,1.5
8380,1511,1.6 D
8381,1511,1.6 T3
8382,1511,1.6 T4
8383,1511,1.6 T4F
8384,1511,2.0 B3 Mild-Hybrid
8385,1511,2.0 B4 Mild-Hybrid
8386,1511,2.0 B5 Mild-Hybrid
8387,1511,2.0 B6 Mild-Hybrid
8388,1511,2.0 D2
8389,1511,2.0 D3
8390,1511,2.0 D4
8391,1511,2.0 D5
8392,1511,2.0 T
8393,1511,2.0 T4
8394,1511,2.0 T5
8395,1511,2.0 T6
8396,1511,2.0 T6 Plug-in Hybrid
8397,1511,2.0 T6 Recharge Plug-in Hybrid
8398,1511,2.0 T6 Twin Engine Recharge Plug-in Hybrid
8399,1511,2.0 T8 Plug-in Hybrid
8400,1511,2.0 T8 Recharge Plug-in Hybrid
8401,1511,2.0 T8 Twin Engine Recharge Plug-in Hybrid
8402,1511,2.0 T Polestar
8403,1511,2.4 D4
8404,1511,2.4 D5
8405,1511,2.4 D6 Plug-in Hybrid
8406,1511,2.4 T6 Plug-in Hybrid
8407,1511,3.0 T6
8408,1512,2.0 B4 Mild-Hybrid
8409,1512,2.0 B5 Mild-Hybrid
8410,1512,2.0 D3
8411,1512,2.0 D4
8412,1512,2.0 T5
8413,1512,2.4 D4
8414,1513,1.6 D2
8415,1513,1.6 D DRIVe
8416,1513,1.6 T4
8417,1513,1.6 TF
8418,1513,2.0
8419,1513,2.0 D
8420,1513,2.0 D2
8421,1513,2.0 D3
8422,1513,2.0 D4
8423,1513,2.0 F DRIVe
8424,1513,2.0 T
8425,1513,2.0 T4
8426,1513,2.0 T5
8427,1513,2.3 R
8428,1513,2.3 T5
8429,1513,2.4
8430,1513,2.4 D
8431,1513,2.4 D4
8432,1513,2.4 D5
8433,1513,2.4 R
8434,1513,2.4 T
8435,1513,2.4 T5
8436,1513,2.5
8437,1513,2.5 FT DRIVe
8438,1513,2.5 R
8439,1513,2.5 T
8440,1513,2.5 T5
8441,1513,2.5 TDI
8442,1513,2.5 TF
8443,1513,3.0 T6
8444,1513,3.2
8445,1514,2.0 B4 Mild-Hybrid
8446,1514,2.0 B5 Mild-Hybrid
8447,1514,2.0 B6 Mild-Hybrid
8448,1514,2.0 D3
8449,1514,2.0 D4
8450,1514,2.0 D5
8451,1514,2.0 T4
8452,1514,2.0 T5
8453,1514,2.0 T6
8454,1514,2.0 T6 Plug-in Hybrid
8455,1514,2.0 T6 Recharge Plug-in Hybrid
8456,1514,2.0 T6 Twin Engine Recharge Plug-in Hybrid
8457,1514,2.0 T8 Plug-in Hybrid
8458,1514,2.0 T8 Recharge Plug-in Hybrid
8459,1514,2.0 T8 Twin Engine Recharge Plug-in Hybrid
8460,1514,3.0i
8461,1515,2.0 B4 Mild-Hybrid
8462,1515,2.0 B5 Mild-Hybrid
8463,1515,2.0 B6 Mild-Hybrid
8464,1515,2.0 D4
8465,1515,2.0 D5
8466,1515,2.0 T5
8467,1515,2.0 T6
8468,1516,1.5
8469,1516,1.5 T2
8470,1516,1.5 T3
8471,1516,1.5 T4 Recharge Plug-in Hybrid
8472,1516,1.5 T5 Plug-in Hybrid
8473,1516,1.5 T5 Recharge Plug-in Hybrid
8474,1516,2.0 B3 Mild-Hybrid
8475,1516,2.0 B4 Mild-Hybrid
8476,1516,2.0 B5 Mild-Hybrid
8477,1516,2.0 D3
8478,1516,2.0 D4
8479,1516,2.0 T4
8480,1516,2.0 T5
8481,1516,P8 electric drive 300 kW
8482,1516,Recharge 170 kW
8483,1516,Recharge 175 kW
8484,1516,Recharge 185 kW Extended Range
8485,1516,Recharge Twin Pure 300 kW
8486,1517,2.0 B4 Diesel Mild-Hybrid
8487,1517,2.0 B4 Mild-Hybrid
8488,1517,2.0 B5 Diesel Mild-Hybrid
8489,1517,2.0 B5 Mild-Hybrid
8490,1517,2.0 B6 Mild-Hybrid
8491,1517,2.0 D3
8492,1517,2.0 D4
8493,1517,2.0 D5
8494,1517,2.0 DRIVe
8495,1517,2.0 T
8496,1517,2.0 T4
8497,1517,2.0 T5
8498,1517,2.0 T6
8499,1517,2.0 T6 Plug-in Hybrid
8500,1517,2.0 T6 Recharge Plug-in Hybrid
8501,1517,2.0 T6 Twin Engine Recharge Plug-in Hybrid
8502,1517,2.0 T8 Plug-in Hybrid
8503,1517,2.0 T8 Recharge Plug-in Hybrid
8504,1517,2.0 T8 Twin Engine Recharge Plug-in Hybrid
8505,1517,2.4 D4
8506,1517,2.4 D5
8507,1517,2.4D DRIVe
8508,1517,3.0 T6
8509,1517,3.2
8510,1518,2.0 D4
8511,1518,2.0 T5
8512,1518,2.4 D4
8513,1518,2.4 D5
8514,1518,2.4 DRIVe
8515,1518,2.4 T
8516,1518,2.5 T
8517,1518,3.0 T6
8518,1518,3.2
8519,1519,2.0 B5 Diesel Mild-Hybrid
8520,1519,2.0 B5 Mild-Hybrid
8521,1519,2.0 B6 Mild-Hybrid
8522,1519,2.0 D4
8523,1519,2.0 D5
8524,1519,2.0 T5
8525,1519,2.0 T6
8526,1519,2.0 T6 Plug-in Hybrid
8527,1519,2.0 T6 Recharge Plug-in Hybrid
8528,1519,2.0 T8 Plug-in Hybrid
8529,1519,2.0 T8 Recharge Plug-in Hybrid
8530,1519,2.0 T8 Twin Engine Recharge Plug-in Hybrid
8531,1519,2.4 D3
8532,1519,2.4 D4
8533,1519,2.4 D5
8534,1519,2.5 T
8535,1519,2.9 T6
8536,1519,3.2
8537,1519,4.4 V8
8538,1520,1.8
8539,1520,2.0
8540,1521,190 kW Standard Range
8541,1521,210 kW Long Range
8542,1521,218 kW Long Range
8543,1521,350 kW Performance
8544,1521,358 kW Performance
8545,1522,258 kW Long Range
8546,1522,258 kW Standard Range
8547,1522,423 kW Performance
8548,1522,Long Range
8549,1522,Performance
8550,1522,Standard Range
8551,1523,Long Range
8552,1523,Performance
8553,1523,Wing Edition
8554,1524,electric drive 475 kW
8555,1524,Single Motor 310 kW
8556,1525,electric drive 200 kW
8557,1525,electric drive 400 kW
8558,1526,electric drive 200 kW
8559,1526,electric drive 315 kW
